time_year,scenario,CDR,cycles,R_env,qmax_over_qu,epsilon_p_raw,epsilon_p_eff,eta_eff,cb_eff,Delta_tan_phi_eff,Dcp,Dphip,qu,qu_no_cyclic_damage,FS,pf,beta,pf_life
0.0,C1,0.085,2000.0,1.0,0.6625,0.0,0.0,0.92,95.39932470617993,0.11178947055281566,1.0,1.0,944.8336149185893,944.8336149185893,0.9945616999143045,0.5279503731974511,-0.0701186111499833,0.7641333333333333
0.5,C1,0.0938167787843871,2000.0,1.0,0.6669083893921935,2.2910041698563888e-07,2.291001253906799e-07,0.9106853546561176,94.28923418296596,0.11082654602409685,0.9999981672006765,0.9999987399501042,943.7098215910132,943.7101235719426,0.9933787595694876,0.5310522952884653,-0.0779153243218,0.7641333333333333
1.0,C1,0.09926584774442732,2000.0,1.0,0.6696329238722136,6.973158413747148e-07,6.973131400000997e-07,0.9015002057568354,93.19606617116503,0.1098754169400502,0.9999944215104398,0.9999961647850845,942.5766622071726,942.5775754658829,0.9921859602180765,0.534181900773069,-0.08578642439700673,0.7641333333333333
1.5,C1,0.09926584774442732,2000.0,1.0,0.6696329238722136,1.1655312657637907e-06,1.1655237187779832e-06,0.8924427529835647,92.11973330002233,0.1089360877298529,0.9999906758537199,0.9999935896400932,941.4355484077994,941.4370649809753,0.9909847877976836,0.5373351403016491,-0.09372234533218382,0.7641333333333333
2.0,C1,0.0938167787843871,2000.0,1.0,0.6669083893921935,1.3946316827494297e-06,1.3946208772619428e-06,0.8835112210465655,91.06014420836578,0.10800855951298438,0.9999888430952206,0.9999923296145926,940.2878299069412,940.2896326818948,0.989776663059938,0.5405081186561396,-0.10171390765757682,0.7641333333333333
2.5,C1,0.085,2000.0,1.0,0.6625,1.4203911430526968e-06,1.420379934718996e-06,0.8747038593369854,90.0170058417712,0.10709266832564786,0.9999886370250813,0.9999921879408733,939.1344437220962,939.1362676245454,0.9885625723390487,0.543698067528538,-0.10975476700359285,0.7641333333333333
3.0,C1,0.07618322121561291,2000.0,1.0,0.6580916106078064,1.4203911430526968e-06,1.420379934718996e-06,0.8660189415837336,88.98992973039631,0.10618816981416768,0.9999886370250813,0.9999921879408733,937.9760978791912,937.977909567426,0.9873432609254644,0.5469028411519739,-0.11784014793748587,0.7641333333333333
3.5,C1,0.07073415225557271,2000.0,1.0,0.6553670761277863,1.4203911430526968e-06,1.420379934718996e-06,0.8574547655151271,87.9786442685819,0.10529491271882546,0.9999886370250813,0.9999921879408733,936.8136516521687,936.815451091199,0.9861196333180723,0.5501198662098923,-0.1259641942909731,0.7641333333333333
4.0,C1,0.0707341522555727,2000.0,1.0,0.6553670761277863,1.4203911430526968e-06,1.420379934718996e-06,0.8490096525252394,86.98290065598326,0.10441276266874759,0.9999886370250813,0.9999921879408733,935.6479524667795,935.6497396302573,0.9848925815439785,0.5533465941434034,-0.13412110415422837,0.7641333333333333
4.5,C1,0.07618322121561291,2000.0,1.0,0.6580916106078064,1.4203911430526968e-06,1.420379934718996e-06,0.8406819473448888,86.00245406793434,0.10354158686107999,0.9999886370250813,0.9999921879408733,934.4798045501541,934.4815794199259,0.9836629521580569,0.5565805894843632,-0.14230534976559212,0.7641333333333333
5.0,C1,0.085,2000.0,1.0,0.6625,1.446150603355964e-06,1.446138984801948e-06,0.8324700177172,85.03704606803787,0.10268123949513881,0.9999884309550435,0.9999920462672147,933.3099388325736,933.3117333627807,0.9824315145606038,0.5598196147605495,-0.15051189032114506,0.7641333333333333
5.5,C1,0.09381677878438709,2000.0,1.0,0.6669083893921935,1.6752510203416023e-06,1.6752354289573112e-06,0.8243722540776766,84.08632072544762,0.1018314917530075,0.9999865982063731,0.9999907862475876,932.1388605159586,932.1409248174299,0.9811988005431144,0.5630620540155081,-0.15873724622250754,0.7641333333333333
6.0,C1,0.09926584774442732,2000.0,1.0,0.6696329238722136,2.1434664447306783e-06,2.1434409202247817e-06,0.8163870692387214,83.15002552895982,0.10099219836706678,0.9999828526196562,0.9999882111444278,930.9672166381054,930.9698393129554,0.9799654911980057,0.5663058963316701,-0.16697692227551614,0.7641333333333333
6.5,C1,0.09926584774442732,2000.0,1.0,0.6696329238722136,2.611681869119754e-06,2.6116439757006835e-06,0.8085128980785427,82.2280934355025,0.10016336758024673,0.9999791070664548,0.999985636061296,929.7959532404577,929.7991261920878,0.9787325823583766,0.5695483020558287,-0.17522429387136407,0.7641333333333333
7.0,C1,0.0938167787843871,2000.0,1.0,0.6669083893921935,2.840782286105393e-06,2.8407374529992868e-06,0.800748197234385,81.32045396038431,0.09934500472439971,0.9999772743586073,0.9999843760660634,928.6259734574444,928.6294001860556,0.9775010246920467,0.5727865511924692,-0.18347300564877894,0.7641333333333333
7.5,C1,0.08500000000000002,2000.0,1.0,0.6625,2.86654174640866e-06,2.866496096547433e-06,0.7930914448000254,80.4268565300963,0.09853696336886272,0.9999770682941632,0.9999842343957475,927.4578098519129,927.4612429239291,0.9762713787914873,0.5760189515966363,-0.19171928775031466,0.7641333333333333
8.0,C1,0.07618322121561291,2000.0,1.0,0.6580916106078064,2.86654174640866e-06,2.866496096547433e-06,0.7855411400274747,79.54696505158007,0.09773902300789356,0.9999770682941632,0.9999842343957475,926.2917959786678,926.2952043791626,0.9750439957670187,0.5792443644020147,-0.19996075881965564,0.7641333333333333
8.5,C1,0.07073415225557271,2000.0,1.0,0.6553670761277863,2.86654174640866e-06,2.866496096547433e-06,0.7780958030328262,78.68054754326889,0.09695104866156357,0.9999770682941632,0.9999842343957475,925.1284204594436,925.1318042559272,0.9738193899573091,0.5824612250538612,-0.20819392746421747,0.7641333333333333
9.0,C1,0.0707341522555727,2000.0,1.0,0.6553670761277863,2.86654174640866e-06,2.866496096547433e-06,0.770753974506194,77.82739221945191,0.0961729208337054,0.9999770682941632,0.9999842343957475,923.9681740477478,923.9715333177198,0.9725980779449976,0.5856679676074497,-0.2164152697012311,0.7641333333333333
9.5,C1,0.0761832212156129,2000.0,1.0,0.6580916106078064,2.86654174640866e-06,2.866496096547433e-06,0.7635142154256829,76.98729067758083,0.09540452142087437,0.9999770682941632,0.9999842343957475,922.811519830252,922.8148546606251,0.971380547189739,0.5888631079782649,-0.22462144040808457,0.7641333333333333
10.0,C1,0.08499999999999999,2000.0,1.0,0.6625,2.892301206711927e-06,2.8922547327314696e-06,0.7563751067753361,76.16002214986078,0.09464572028727287,0.9999768622298205,0.999984092725492,921.6588646989064,921.662204933521,0.9701672259988489,0.5920453233690824,-0.23280947734709437,0.7641333333333333
10.5,C1,0.0938167787843871,2000.0,1.0,0.6669083893921935,3.121401623697566e-06,3.1213474957214604e-06,0.7493352492670035,75.3452783061188,0.09389631067912828,0.9999750295318015,0.9999828327361326,920.5104170937665,920.5139955074093,0.9689583337829121,0.5952138449450666,-0.24097781612694938,0.7641333333333333
11.0,C1,0.0992658477444273,2000.0,1.0,0.6696329238722136,3.5896170480866412e-06,3.5895454637568934e-06,0.7423932630660761,74.5428431473299,0.09315616272486262,0.9999712840486008,0.9999802576948312,919.3665286458315,919.3706135959739,0.9677542406798226,0.5983675149794674,-0.24912386455483512,0.7641333333333333
11.5,C1,0.09926584774442732,2000.0,1.0,0.6696329238722136,4.057832472475717e-06,4.057740996050718e-06,0.735547787521035,73.75266681593403,0.09242528812624194,0.9999675385989143,0.9999776826735569,918.2278395601121,918.2324233293764,0.9665556205895917,0.6015043885077317,-0.25724295907819666,0.7641333333333333
12.0,C1,0.09381677878438711,2000.0,1.0,0.6669083893921935,4.286932889461357e-06,4.286830792233909e-06,0.7287974808967583,72.97469648211778,0.09170369602759754,0.9999657059417167,0.9999764227085914,917.0949599456364,917.0997667832177,0.9653631157322489,0.6046226141758937,-0.265330628521171,0.7641333333333333
12.5,C1,0.08500000000000002,2000.0,1.0,0.6625,4.312692349764624e-06,4.312589021883139e-06,0.722141020111538,72.20871773997388,0.09099125556087981,0.9999654998829677,0.9999762810416786,915.9681649752655,915.972964964513,0.9641770157634374,0.6077212728340717,-0.27338477583307746,0.7641333333333333
13.0,C1,0.07618322121561291,2000.0,1.0,0.6580916106078064,4.312692349764624e-06,4.312589021883139e-06,0.7155771004777501,71.45443914870367,0.09028776735089525,0.9999654998829677,0.9999762810416786,914.8475542892144,914.852318756455,0.962997425567594,0.6107999362114961,-0.28140455142949106,0.7641333333333333
13.5,C1,0.07073415225557271,2000.0,1.0,0.6553670761277863,4.312692349764624e-06,4.312589021883139e-06,0.7091044354461331,70.71166245585468,0.08959311087196137,0.9999654998829677,0.9999762810416786,913.7333806612812,913.7381098236613,0.9618246112224013,0.6138577632385925,-0.2893880044892617,0.7641333333333333
14.0,C1,0.0707341522555727,2000.0,1.0,0.6553670761277863,4.312692349764624e-06,4.312589021883139e-06,0.7027217563536194,69.98020737200423,0.0889071798423658,0.9999654998829677,0.9999762810416786,912.625907396956,912.6306014795367,0.9606588498915326,0.6168938932303512,-0.29733309998280455,0.7641333333333333
14.5,C1,0.0761832212156129,2000.0,1.0,0.6580916106078064,4.312692349764624e-06,4.312589021883139e-06,0.6964278121746739,69.25989648627879,0.08822986921801318,0.9999654998829677,0.9999762810416786,911.5253802820995,911.5300395173117,0.9595004002969468,0.6199075231655522,-0.3052379199070821,0.7641333333333333
15.0,C1,0.08499999999999999,2000.0,1.0,0.6625,4.338451810067891e-06,4.338347244168261e-06,0.6902213692760881,68.55054109428876,0.08756106277314066,0.9999652938243199,0.9999761393748263,910.4320007576074,910.4366530062536,0.9583494744816919,0.6228979810519888,-0.313100857163656,0.7641333333333333
15.5,C1,0.0938167787843871,2000.0,1.0,0.6669083893921935,4.56755222705353e-06,4.5674363260528315e-06,0.684101211175185,67.8518734472532,0.08690057330482918,0.9999634611769507,0.9999748794157338,909.3457935381463,909.3506550544864,0.9572060984612066,0.6258650868191494,-0.32092157127569104,0.7641333333333333
16.0,C1,0.0992658477444273,2000.0,1.0,0.6696329238722136,5.035767651442605e-06,5.035626770986123e-06,0.678066138301384,67.16370862718355,0.08624828461180298,0.9999597157972624,0.9999723044362888,908.2669235269823,908.2722435397952,0.956070445817876,0.6288082853253231,-0.328698710164699,0.7641333333333333
16.5,C1,0.09926584774442732,2000.0,1.0,0.6696329238722136,5.503983075831681e-06,5.503814780207783e-06,0.6721149677610813,66.48601129103211,0.08560421154279287,0.9999559704510874,0.9999697294768704,907.1958303830551,907.2016018097344,0.9549429793505843,0.6317262826149346,-0.336428932435886,0.7641333333333333
17.0,C1,0.09381677878438711,2000.0,1.0,0.6669083893921935,5.733083492817321e-06,5.732900895325521e-06,0.6662465331057994,65.81874352528133,0.08496836670271947,0.9999541378445382,0.999968469542171,906.1329323608004,906.1388993523057,0.9538241393271583,0.6346178565445322,-0.3441090370100183,0.7641333333333333
17.5,C1,0.08500000000000002,2000.0,1.0,0.6625,5.758842953120588e-06,5.758658711095821e-06,0.6604596841035588,65.16172171421643,0.08434063304219427,0.9999539317914837,0.9999683278786612,905.0783431377441,905.0842924384165,0.9527140454081517,0.6374826254708511,-0.3517380139117492,0.7641333333333333
18.0,C1,0.07618322121561293,2000.0,1.0,0.6580916106078064,5.758842953120588e-06,5.758658711095821e-06,0.6547532865134293,64.51469248699871,0.08372082991084667,0.9999539317914837,0.9999683278786612,904.0320195749807,904.0379247372842,0.9516126521841902,0.6403206418297018,-0.3593159864625588,0.7641333333333333
18.5,C1,0.07073415225557271,2000.0,1.0,0.6553670761277863,5.758842953120588e-06,5.758658711095821e-06,0.6491262218632152,63.877486299316644,0.08310884962199976,0.9999539317914837,0.9999683278786612,902.9940665153825,902.9999279059002,0.9505200700161921,0.6431315639968628,-0.3668420065697097,0.7641333333333333
19.0,C1,0.0707341522555727,2000.0,1.0,0.6553670761277863,5.758842953120588e-06,5.758658711095821e-06,0.6435773872302307,63.24994965836877,0.0825045976396808,0.9999539317914837,0.9999683278786612,901.964604163677,901.9704221536214,0.9494364254354495,0.6459150176413513,-0.37431501184700705,0.7641333333333333
19.5,C1,0.0761832212156129,2000.0,1.0,0.6580916106078064,5.758842953120588e-06,5.758658711095821e-06,0.638105695025124,62.63193152015608,0.08190798052835432,0.9999539317914837,0.9999683278786612,900.9437418181533,900.9495167829166,0.9483618334927929,0.648670666897053,-0.3817340160578869,0.7641333333333333
20.0,C1,0.08499999999999999,2000.0,1.0,0.6625,5.784602413423855e-06,5.784416519492019e-06,0.6327100727787061,62.023270469516284,0.08131889441982901,0.9999537257385307,0.999968186215212,899.931552749074,899.9373107072488,0.9472963713148147,0.6513982817332843,-0.3890982925134991,0.7641333333333333
20.5,C1,0.09381677878438704,2000.0,1.0,0.6669083893921935,6.013702830409492e-06,6.013501920321129e-06,0.6273894629317431,61.42373335730288,0.0807371694376748,0.9999518931418094,0.9999669262863855,898.9279510901695,898.9338929470365,0.9462399485159678,0.6540980679479103,-0.39640827279927354,0.7641333333333333
21.0,C1,0.0992658477444273,2000.0,1.0,0.6696329238722136,6.4819182547985675e-06,6.481684842272184e-06,0.6221428226276722,60.83316172038642,0.08016270152444857,0.9999481478656302,0.999964351368795,897.9329857896975,897.9393431045968,0.9451926166207342,0.6567698746064813,-0.4036634086196763,0.7641333333333333
21.5,C1,0.09926584774442732,2000.0,1.0,0.6696329238722136,6.950133679187644e-06,6.949865328551574e-06,0.6169691235081974,60.25153246070057,0.07959550840195427,0.999944402622963,0.9999617764712306,896.9469653909202,896.9537318189386,0.944154700411495,0.659412862953807,-0.4108612549755941,0.7641333333333333
22.0,C1,0.09381677878438716,2000.0,1.0,0.6669083893921935,7.179234096173285e-06,7.1789477626638115e-06,0.6118673515117283,59.67882025399987,0.07903560582616942,0.9999425700670604,0.9999605165667966,895.9701829793585,895.977121201234,0.9431265083993247,0.6620262480075351,-0.41799947101707735,0.7641333333333333
22.5,C1,0.08500000000000002,2000.0,1.0,0.6625,7.204993556476552e-06,7.204705164545189e-06,0.6068365066746211,59.11486769445272,0.07848288902355711,0.9999423640197006,0.9999603749066898,895.0026530662814,895.0095652517664,0.9421080558592435,0.6646100002375935,-0.425077746798552,0.7641333333333333
23.0,C1,0.07618322121561293,2000.0,1.0,0.6580916106078064,7.204993556476552e-06,7.204705164545189e-06,0.6018756029351822,58.5594538716382,0.07793719393964255,0.9999423640197006,0.9999603749066898,894.0442485104571,894.0511102591179,0.941099208958376,0.6671644738496993,-0.43209681108439946,0.7641333333333333
23.5,C1,0.0707341522555727,2000.0,1.0,0.6553670761277863,7.204993556476552e-06,7.204705164545189e-06,0.596983667940397,58.012433672855146,0.07739842429813835,0.9999423640197006,0.9999603749066898,893.0949833762784,893.101795182331,0.9400999825013456,0.66968965120603,-0.43905636201092346,0.7641333333333333
24.0,C1,0.0707341522555727,2000.0,1.0,0.6553670761277863,7.204993556476552e-06,7.204705164545189e-06,0.5921597428553459,57.47367639961509,0.07686649601000016,0.9999423640197006,0.9999603749066898,892.1548896578332,892.161652016742,0.9391104101661403,0.6721854732526888,-0.4459559668044018,0.7641333333333333
24.5,C1,0.07618322121561286,2000.0,1.0,0.6580916106078064,7.204993556476552e-06,7.204705164545189e-06,0.5874028821752688,56.94305343626856,0.07634132596532361,0.9999423640197006,0.9999603749066898,891.2239927360263,891.2307061441653,0.9381305186695014,0.674651904794644,-0.4527952415289858,0.7641333333333333
25.0,C1,0.08499999999999999,2000.0,1.0,0.6625,7.230753016779819e-06,7.230462559062456e-06,0.5827121535402444,56.42042659059687,0.07582282128052503,0.9999421579724421,0.9999602332466434,890.3022878866249,890.3089766680704,0.9371603030385525,0.6770889962100347,-0.45957402423834437,0.7641333333333333
25.5,C1,0.09381677878438704,2000.0,1.0,0.6669083893921935,7.459853433765456e-06,7.459544278896057e-06,0.5780866375524433,55.905592215048515,0.07531082743774005,0.999940325426367,0.9999589733480821,889.3896256917782,889.3964767343722,0.9361996059913454,0.6794971845010175,-0.4662932202000367,0.7641333333333333
26.0,C1,0.0992658477444273,2000.0,1.0,0.6696329238722136,7.928068858154531e-06,7.927719677984779e-06,0.573525427595924,55.39841436092752,0.0748052511735569,0.9999365802536933,0.9999563984923444,888.4859850454848,888.4932138384288,0.9352484053110366,0.6818765709992958,-0.4729527943340548,0.7641333333333333
26.5,C1,0.0992658477444273,2000.0,1.0,0.6696329238722136,8.396284282543605e-06,8.395892641441803e-06,0.5690276296589329,54.89888024786013,0.07430611284213724,0.9999328351145303,0.9999538236566322,887.5915891678492,887.5991901188155,0.934306935966157,0.6842266202054637,-0.4795509100839402,0.7641333333333333
27.0,C1,0.09381677878438713,2000.0,1.0,0.6669083893921935,8.625384699529246e-06,8.624971394618486e-06,0.5645923621586755,54.40697516468115,0.07381343107802169,0.9999310026092725,0.9999525637824626,886.7066499303812,886.7144026384221,0.9333754209793487,0.6865468361469933,-0.48608580941010054,0.7641333333333333
27.5,C1,0.08499999999999998,2000.0,1.0,0.6625,8.651144159832513e-06,8.650728382620932e-06,0.5602187557685228,53.92256401421149,0.07332711201895778,0.9999307965676071,0.9999524221257585,885.8311229904126,885.8388436533965,0.9324538136741185,0.6888374019045773,-0.49255762428006317,0.7641333333333333
28.0,C1,0.07618322121561293,2000.0,1.0,0.6580916106078064,8.651144159832513e-06,8.650728382620932e-06,0.5559059532476209,53.44545356555728,0.07284700632294662,0.9999307965676071,0.9999524221257585,884.964834809987,884.9725008704356,0.9315419313789337,0.6910988409502226,-0.4989674457993632,0.7641333333333333
28.5,C1,0.07073415225557272,2000.0,1.0,0.6553670761277863,8.651144159832513e-06,8.650728382620932e-06,0.5516531092728688,52.97551949538255,0.072373027860745,0.9999307965676071,0.9999524221257585,884.1077456425548,884.115357692909,0.9306397322553209,0.6933313289681373,-0.5053153801114647,0.7641333333333333
29.0,C1,0.0707341522555727,2000.0,1.0,0.6553670761277863,8.651144159832513e-06,8.650728382620932e-06,0.5474593902732326,52.51265049141487,0.07190510184179423,0.9999307965676071,0.9999524221257585,883.2598348252936,883.267393456272,0.9297471945529406,0.6955349952891537,-0.5116013943442348,0.7641333333333333
29.5,C1,0.07618322121561286,2000.0,1.0,0.6580916106078064,8.651144159832513e-06,8.650728382620932e-06,0.5433239742663629,52.05673701261746,0.07144315434741372,0.9999307965676071,0.9999524221257585,882.4210778528484,882.4285836532148,0.9288642924766826,0.6977099826479014,-0.5178254861368916,0.7641333333333333
30.0,C1,0.08499999999999999,2000.0,1.0,0.6625,8.67690362013578e-06,8.676485363259268e-06,0.5392460506974834,51.607660626640005,0.07098710226450726,0.9999305905260429,0.9999522804691151,881.5914244008517,881.5989001489729,0.9279909730535281,0.6998565036899604,-0.5239878470879976,0.7641333333333333
30.5,C1,0.09381677878438713,2000.0,1.0,0.6669083893921935,8.90600403712142e-06,8.905563402167305e-06,0.5352248202805197,51.16524284242004,0.07053680469310475,0.9999287580306123,0.999951020600818,880.7706914510851,880.7783113872009,0.9271270436327211,0.7019751156059886,-0.5300896585908333,0.7641333333333333
31.0,C1,0.0992658477444273,2000.0,1.0,0.6696329238722136,9.374219461510495e-06,9.373731278513597e-06,0.5312594948414366,50.729366869662066,0.0700921779702904,0.9999250129614404,0.9999484458069312,879.9588174292718,879.9667825868075,0.9262724393992334,0.704066062263267,-0.5361312043365866,0.7641333333333333
31.5,C1,0.0992658477444273,2000.0,1.0,0.6696329238722136,9.84243488589957e-06,9.841896719268162e-06,0.5273492971637537,50.300028610303194,0.06965324487047393,0.9999212679257783,0.9999458710330694,879.1559704243775,879.164275930121,0.9254273372888184,0.7061289998664376,-0.5421110596676233,0.7641333333333333
32.0,C1,0.09381677878438713,2000.0,1.0,0.6669083893921935,1.007153530288521e-05,1.0070971791549255e-05,0.5234934608362083,49.8772222892814,0.06922002666627865,0.9999194354711636,0.9999446111891633,878.3623100485672,878.3707507427464,0.9245919053142813,0.708163613413381,-0.5480278599750515,0.7641333333333333
32.5,C1,0.08500000000000008,2000.0,1.0,0.6625000000000001,1.0097294763188477e-05,1.0096728365692752e-05,0.519691230102536,49.46083179556256,0.06879243919975139,0.9999192294351922,0.999944469535862,877.5777589842462,877.5861636654595,0.9237660620886802,0.7101701999272678,-0.5538820065334326,0.7641333333333333
33.0,C1,0.07618322121561293,2000.0,1.0,0.6580916106078064,1.0097294763188477e-05,1.0096728365692752e-05,0.5159418597133413,49.05068750299658,0.06837034617533114,0.9999192294351922,0.999944469535862,876.8021210717274,876.8104688184666,0.9229496011281341,0.7121493602769364,-0.5596747921254563,0.7641333333333333
33.5,C1,0.07073415225557272,2000.0,1.0,0.6553670761277863,1.0097294763188477e-05,1.0096728365692752e-05,0.5122446147800244,48.64668277598296,0.0679536704934603,0.9999192294351922,0.999944469535862,876.0353264852027,876.0436179583481,0.9221424489317923,0.7141013720596056,-0.5654065714043437,0.7641333333333333
34.0,C1,0.0707341522555727,2000.0,1.0,0.6553670761277863,1.0097294763188477e-05,1.0096728365692752e-05,0.5085987706307422,48.248722786870346,0.06754234564632773,0.9999192294351922,0.999944469535862,875.2773247716573,875.2855606279899,0.9213445523912182,0.7160264645507339,-0.5710775572680078,0.7641333333333333
34.5,C1,0.07618322121561294,2000.0,1.0,0.6580916106078065,1.0097294763188477e-05,1.0096728365692752e-05,0.5050036126683701,47.85671421398515,0.06713630590310363,0.9999192294351922,0.999944469535862,874.5280634077341,874.5362442997925,0.9205558562186674,0.7179248734064195,-0.5766879808418891,0.7641333333333333
35.0,C1,0.08499999999999998,2000.0,1.0,0.6625,1.0123054223491744e-05,1.012248493246215e-05,0.5014584362304377,47.470555435955355,0.06673547684724809,0.9999190233993223,0.9999443278826213,873.7874672065117,873.7956145124398,0.9197762812700123,0.7197968924551936,-0.5822382459247244,0.7641333333333333
35.5,C1,0.09381677878438713,2000.0,1.0,0.6669083893921935,1.0352154640477385e-05,1.0351559290494583e-05,0.49796254645101407,47.09008941481179,0.06633972965701866,0.9999171909545344,0.9999430680445875,873.0553383539791,873.0636150014936,0.919005619319978,0.7216431246674294,-0.5877296797863251,0.7641333333333333
36.0,C1,0.0992658477444273,2000.0,1.0,0.6696329238722136,1.082037006486646e-05,1.0819719644218351e-05,0.4945152581245108,46.71521566082015,0.06594898921430097,0.9999134459888608,0.99994049331255,872.3315937018284,872.340187824072,0.9182437828440299,0.7234638821015431,-0.5931627548799371,0.7641333333333333
36.5,C1,0.09926584774442733,2000.0,1.0,0.6696329238722136,1.1288585489255535e-05,1.128787756240035e-05,0.4911158955713799,46.34593737194535,0.06556328052592003,0.9999097010566959,0.9999379186005366,871.6163660927558,871.6252734778581,0.917490911676585,0.7252589352162772,-0.5985363236207648,0.7641333333333333
37.0,C1,0.09381677878438713,2000.0,1.0,0.6669083893921935,1.1517685906241176e-05,1.1516948953855799e-05,0.48776379250567836,45.98225628756164,0.0651826272893906,0.9999078686527224,0.9999366587868932,870.9097819256789,870.9188110146749,0.9167471388691356,0.727028075468323,-0.6038492849742854,0.7641333333333333
37.5,C1,0.08500000000000009,2000.0,1.0,0.6625000000000001,1.1543445366544445e-05,1.1542705114130359e-05,0.4844582919044741,45.624072453636785,0.0648069539830193,0.999907662622445,0.9999365171369945,870.2117473375439,870.2207381488546,0.9160123656184672,0.7287716484315997,-0.6091021944369206,0.7641333333333333
38.0,C1,0.07618322121561294,2000.0,1.0,0.6580916106078065,1.1543445366544445e-05,1.1542705114130359e-05,0.48119874587906714,45.27123637585645,0.06443613588374927,0.999907662622445,0.9999365171369945,869.5220583101803,869.5309913606183,0.9152863771686108,0.7304902730723806,-0.6142964411301874,0.7641333333333333
38.5,C1,0.0707341522555727,2000.0,1.0,0.6553670761277863,1.1543445366544445e-05,1.1542705114130359e-05,0.4779845155480016,44.92365646566284,0.06407010393293415,0.999907662622445,0.9999365171369945,868.840630002551,868.8495059946752,0.9145690842132116,0.732184268953652,-0.6194325218010501,0.7641333333333333
39.0,C1,0.0707341522555727,2000.0,1.0,0.6553670761277863,1.1543445366544445e-05,1.1542705114130359e-05,0.4748149709118426,44.58125191031888,0.06370879900652274,0.999907662622445,0.9999365171369945,868.1673967237422,868.1762163542423,0.9138604176039391,0.7338539074510587,-0.624510792029717,0.7641333333333333
39.5,C1,0.07618322121561293,2000.0,1.0,0.6580916106078064,1.1543445366544445e-05,1.1542705114130359e-05,0.4716894907296947,44.24394317733247,0.06335216267340729,0.999907662622445,0.9999365171369945,867.50229183105,867.5110557906763,0.913160307190579,0.7354994619001534,-0.6295316174410442,0.7641333333333333
40.0,C1,0.08499999999999998,2000.0,1.0,0.6625,1.1569204826847712e-05,1.1568461267040807e-05,0.46860746239743645,43.91164294586605,0.06300012826303852,0.999907456592269,0.9999363754871564,866.8452283831941,866.8539567888985,0.9124686614559938,0.7371212551730847,-0.6344955199170663,0.7641333333333333
40.5,C1,0.09381677878438704,2000.0,1.0,0.6669083893921935,1.1798305243833349e-05,1.1797531944257588e-05,0.465568281827648,43.58421247473827,0.0626525776696597,0.9999056241981221,0.9999351156793852,866.1960053229717,866.2048510487953,0.9117852687610228,0.7387198897372222,-0.6394038877020262,0.7641333333333333
41.0,C1,0.09926584774442726,2000.0,1.0,0.6696329238722136,1.2266520668222422e-05,1.2265684775478736e-05,0.46257135333120825,43.26156514178682,0.06230944338549764,0.9999018793359434,0.9999325410091949,865.5545298282622,865.5636695627587,0.9111100313981707,0.7402956986854613,-0.6442572956259227,0.7641333333333333
41.5,C1,0.0992658477444273,2000.0,1.0,0.6696329238722136,1.2734736092611496e-05,1.2733835171198082e-05,0.45961608950053756,42.94371026736724,0.06197075248219434,0.999898134507272,0.9999299663590283,864.9209125646413,864.9303426895299,0.9104430658575171,0.7418485156727057,-0.649054780516856,0.7641333333333333
42.0,C1,0.09381677878438713,2000.0,1.0,0.6669083893921935,1.2963836509597137e-05,1.2962902881887838e-05,0.45670191109446434,42.63065590154234,0.06163653089186979,0.9998963021539382,0.9999287065756466,864.2952592138731,864.3048002245042,0.9097844833830243,0.7433781898274285,-0.6537954157560448,0.7641333333333333
42.5,C1,0.08499999999999999,2000.0,1.0,0.6625,1.2989595969900404e-05,1.2988658628313443e-05,0.4538282469246917,42.3223158388573,0.06130671078322943,0.9998960961293546,0.9999285649291505,863.6774696247164,863.686971466644,0.909134178552333,0.7448850748155655,-0.6584798349842994,0.7641333333333333
43.0,C1,0.07618322121561294,2000.0,1.0,0.6580916106078065,1.2989595969900404e-05,1.2988658628313443e-05,0.45099453374384274,42.01855775710584,0.060981177701214244,0.9998960961293546,0.9999285649291505,863.0673408360129,863.0767852821432,0.9084919377221189,0.7463697724297986,-0.6631094556852506,0.7641333333333333
43.5,C1,0.07073415225557272,2000.0,1.0,0.6553670761277863,1.2989595969900404e-05,1.2988658628313443e-05,0.4482002161350622,41.71930286719438,0.060659869752245854,0.9998960961293546,0.9999285649291505,862.4647823928547,862.474170164983,0.9078576656766891,0.7478326074967357,-0.6676848463351356,0.7641333333333333
44.0,C1,0.07073415225557265,2000.0,1.0,0.6553670761277863,1.2989595969900404e-05,1.2988658628313443e-05,0.44544474640315335,41.42448226996143,0.06034273439944148,0.9998960961293546,0.9999285649291505,861.869722481676,861.8790542945072,0.9072312868228168,0.7492738581216274,-0.6722064368250232,0.7641333333333333
44.5,C1,0.07618322121561293,2000.0,1.0,0.6580916106078064,1.2989595969900404e-05,1.2988658628313443e-05,0.4427275844672273,41.13402815447314,0.06002971972433283,0.9998960961293546,0.9999285649291505,861.2820890290147,861.2913655901459,0.9066127252936997,0.7506938017845295,-0.6766746617030572,0.7641333333333333
45.0,C1,0.08499999999999998,2000.0,1.0,0.6625,1.3015355430203671e-05,1.3014414367364945e-05,0.44004819775484616,40.84786536394314,0.05972076596005015,0.9998958901048723,0.9999284232827149,860.7017914676641,860.7110317634082,0.9060018857554358,0.7520927591889879,-0.6810900989347985,0.7641333333333333
45.5,C1,0.09381677878438703,2000.0,1.0,0.6669083893921935,1.3244455847189308e-05,1.3243481363826025e-05,0.4374060610976366,40.565870764220755,0.05941576451088237,0.9998940577613648,0.9999271635052053,860.1286323551293,860.1379803672592,0.9053985603738203,0.753471306026811,-0.6854541435019598,0.7641333333333333
46.0,C1,0.0992658477444273,2000.0,1.0,0.6696329238722136,1.3712671271578383e-05,1.3711626672664456e-05,0.43480065662835526,40.28796953011978,0.05911465465127147,0.9998903130026773,0.9999245888968605,859.5625165344846,859.5721388429937,0.904802648983668,0.7548297686553275,-0.6897674159046406,0.7641333333333333
46.5,C1,0.09926584774442734,2000.0,1.0,0.6696329238722136,1.418088669596746e-05,1.4179769546041054e-05,0.43223147367938547,40.014176112297264,0.058817465366623786,0.999886568277496,0.9999220143085389,859.0035410539579,859.0134345647137,0.9042142537410083,0.756168011885018,-0.6940290737471027,0.7641333333333333
47.0,C1,0.09381677878438704,2000.0,1.0,0.6669083893921935,1.4409987112953098e-05,1.440883357602507e-05,0.4296980086826444,39.74450385377394,0.05852422465230382,0.9998847359748001,0.999920754555418,858.4517990428385,858.4617948815109,0.9036334726766722,0.7574859121334253,-0.6982383036882721,0.7641333333333333
47.5,C1,0.08499999999999999,2000.0,1.0,0.6625,1.4435746573256365e-05,1.4434588908601718e-05,0.4271997650708821,39.478878248088655,0.05823487152872478,0.9998845299559099,0.9999206129123244,857.9071903026668,857.9171471574534,0.9030602003185966,0.7587838081016064,-0.702395767978513,0.7641333333333333
48.0,C1,0.07618322121561294,2000.0,1.0,0.6580916106078065,1.4435746573256365e-05,1.4434588908601718e-05,0.42473625318035285,39.21718162306848,0.05794930065347776,0.9998845299559099,0.9999206129123244,857.3695180739016,857.3794188094715,0.9024942295514754,0.7600622656430582,-0.7065028697481623,0.7641333333333333
48.5,C1,0.07073415225557272,2000.0,1.0,0.6553670761277863,1.4435746573256365e-05,1.4434588908601718e-05,0.42230699015483963,38.95934607683441,0.05766745652114391,0.9998845299559099,0.9999206129123244,856.8386920037753,856.8485373432308,0.901935465267132,0.7613215941852806,-0.710560203391846,0.7641333333333333
49.0,C1,0.07073415225557265,2000.0,1.0,0.6553670761277863,1.4435746573256365e-05,1.4434588908601718e-05,0.4199114998510125,38.70531283669745,0.057389292474986114,0.9998845299559099,0.9999206129123244,856.3146397284933,856.3244303870821,0.9013838312931508,0.7625620586325572,-0.7145682284160577,0.7641333333333333
49.5,C1,0.07618322121561293,2000.0,1.0,0.6580916106078064,1.4435746573256365e-05,1.4434588908601718e-05,0.41754931274510304,38.45502405494016,0.057114762410460686,0.9998845299559099,0.9999206129123244,855.7972890390299,855.8070257241693,0.9008392516200315,0.7637839218967966,-0.7185274055032851,0.7641333333333333
50.0,C1,0.08499999999999996,2000.0,1.0,0.6625,1.4461506033559632e-05,1.4460344233804266e-05,0.4152199658408763,38.208414921343426,0.056843812716840345,0.9998843239371213,0.9999204712692913,855.2865506344765,855.2962513227749,0.9003016322468174,0.7649874854772827,-0.7224383285796064,0.7641333333333333
0.0,C2,0.16,20000.0,1.0,0.7,0.0,0.0,0.92,95.39932470617993,0.11178947055281566,1.0,1.0,944.8336149185893,944.8336149185893,0.9945616999143045,0.5279503731974511,-0.0701186111499833,0.7681416666666666
0.5,C2,0.16618033988749897,20000.0,1.0,0.7030901699437495,3.085168481614246e-05,3.0846397495567503e-05,0.9106853546561176,94.26614195899307,0.11080788494411978,0.9997532592655387,0.9998303592044017,943.6694689750609,943.7101235719426,0.993336283131643,0.5311637123261711,-0.0781954574970483,0.7681416666666666
1.0,C2,0.17175570504584947,20000.0,1.0,0.7058778525229248,6.615474598609213e-05,6.613043832883081e-05,0.9015002057568354,93.14729405860665,0.10983588184894946,0.9994710964122099,0.9996363487263502,942.4909864672749,942.5775754658829,0.9920957752287104,0.5344185929216533,-0.0863819260330454,0.7681416666666666
1.5,C2,0.17618033988749895,20000.0,1.0,0.7080901699437495,0.00010521965448935933,0.00010515817191998011,0.8924427529835647,92.0431269702815,0.10887379850764682,0.9991590883891458,0.9994217972780964,941.3002861190681,941.4370649809753,0.9908424064411243,0.5377090122045664,-0.09466366986820564,0.7681416666666666
2.0,C2,0.17902113032590308,20000.0,1.0,0.7095105651629515,0.00014680747790804234,0.00014668780723242625,0.8835112210465655,90.95436234979267,0.10792228299718878,0.9988271858268889,0.9991935424220729,940.1001161583449,940.2896326818948,0.989579069640363,0.5410271997000575,-0.1030218863240759,0.7681416666666666
2.5,C2,0.18000000000000002,20000.0,1.0,0.71,0.00018928422497109065,0.00018908531711916865,0.8747038593369854,89.88196295242307,0.1069821888877189,0.9984884609906047,0.998960571336447,938.893631802168,939.1362676245454,0.9883090861075452,0.5443642327858347,-0.11143483917131229,0.7681416666666666
3.0,C2,0.17902113032590308,20000.0,1.0,0.7095105651629515,0.00023087204838977366,0.00023057617975386633,0.8660189415837336,88.8269387092101,0.10605441912625602,0.9981570908083677,0.9987326347978307,937.6840585679264,937.977909567426,0.9870358511241331,0.5477109714566729,-0.11988019037184516,0.7681416666666666
3.5,C2,0.17618033988749895,20000.0,1.0,0.7080901699437495,0.00026993695689304085,0.0002695325504133716,0.8574547655151271,87.7901413384046,0.10513975748246886,0.9978460626561494,0.9985186692278748,936.4743245857189,936.815451091199,0.9857624469323357,0.5510590817456557,-0.12833756728788379,0.7681416666666666
4.0,C2,0.17175570504584947,20000.0,1.0,0.7058778525229248,0.00030524001806299053,0.0003047229834752108,0.8490096525252394,86.77209938384689,0.10423873022128338,0.9975651851142225,0.9983254272550695,935.266755761713,935.6497396302573,0.9844913218544347,0.5544018866296138,-0.13679071027901774,0.7681416666666666
4.5,C2,0.16618033988749897,20000.0,1.0,0.7030901699437495,0.000336091702879133,0.0003354649409010657,0.8406819473448888,85.77293167127232,0.10335153023325731,0.9973198784286873,0.9981566438966812,934.0629057696888,934.4815794199259,0.9832241113365144,0.5577348433704838,-0.14522869184419798,0.7681416666666666
5.0,C2,0.16000000000000003,20000.0,1.0,0.7,0.00036238195327169205,0.00036165337213516223,0.8324700177172,84.79235112827905,0.10247801498123088,0.9971109543705878,0.9980128833888383,932.8635475329103,933.3117333627807,0.9819616289820108,0.5610555720384638,-0.15364601125314561,0.7681416666666666
5.5,C2,0.1538196601125011,20000.0,1.0,0.6969098300562505,0.00038449869462471673,0.00038367853386074953,0.8243722540776766,83.82974296437881,0.10161776654036588,0.9969352776080518,0.9978919930378326,931.6688020303262,932.1409248174299,0.9807040021371854,0.5643635015211412,-0.1620417240987062,0.7681416666666666
6.0,C2,0.14824429495415056,20000.0,1.0,0.6941221474770752,0.000403179427304792,0.00040227769848363403,0.8163870692387214,82.88428169886944,0.10077018534224536,0.9967869513365317,0.9977899184928011,930.478342999518,930.9698393129554,0.9794508873679136,0.5676593033517126,-0.17041803045113754,0.7681416666666666
6.5,C2,0.14381966011250108,20000.0,1.0,0.6919098300562505,0.00041935290437907717,0.0004183774374755544,0.8085128980785427,81.95504675299233,0.09993458449942365,0.9966585755260008,0.9977015695395345,929.2916048693927,929.7991261920878,0.9782016893362029,0.5709443153122409,-0.17877882910888918,0.7681416666666666
7.0,C2,0.14097886967409695,20000.0,1.0,0.6904894348370485,0.0004340180674185916,0.0004329732382801987,0.800748197234385,81.04110630021569,0.09911025917173713,0.996542206079845,0.9976214803606901,928.1079372592396,928.6294001860556,0.9769557234307785,0.5742201124766326,-0.18712863776921723,0.7681416666666666
7.5,C2,0.14,20000.0,1.0,0.69,0.0004481817582632959,0.000447067681165183,0.7930914448000254,80.14155811005762,0.09829652090427606,0.9964298467568838,0.9975441483037307,926.9266831179244,927.4612429239291,0.9757122980188678,0.5774882896286915,-0.19547204456331574,0.7681416666666666
8.0,C2,0.14097886967409695,20000.0,1.0,0.6904894348370485,0.00046284692130281035,0.00046165880738288976,0.7855411400274747,79.2555359129206,0.09749270339736028,0.9963135412758387,0.9974640974066977,925.7471940714296,926.2952043791626,0.9744707306015048,0.5807504175805887,-0.2038135997608501,0.7681416666666666
8.5,C2,0.14381966011250105,20000.0,1.0,0.6919098300562505,0.0004790203983770955,0.00047774787623353966,0.7780958030328262,78.38220319873531,0.09669815769878495,0.996185311471109,0.9973758358349175,924.5688223013793,925.1318042559272,0.9732303392646098,0.5840080644593507,-0.212157872971295,0.7681416666666666
9.0,C2,0.14824429495415054,20000.0,1.0,0.6941221474770752,0.0004977011310571708,0.0004963275175022408,0.770753974506194,77.52075958701593,0.09591225798523226,0.9960372523491288,0.9972739211734158,923.3909356732569,923.9715333177198,0.9719904586034283,0.5872627527219206,-0.22050934586540655,0.7681416666666666
9.5,C2,0.15381966011250106,20000.0,1.0,0.6969098300562505,0.0005198178724101954,0.0005183195882579139,0.7635142154256829,76.67047763925807,0.09513443339481824,0.9958620283899,0.9971533018158991,922.2129904969881,922.8148546606251,0.9707505163126191,0.5905157572110278,-0.22887189469739272,0.7681416666666666
10.0,C2,0.16,20000.0,1.0,0.7,0.0005461081228027544,0.0005444546129098537,0.7563751067753361,75.83077269177404,0.0943642286428202,0.9956538351259077,0.9970099786732831,921.0346682098509,921.662204933521,0.9695101770630009,0.5937677277069108,-0.23724781421229915,0.7681416666666666
10.5,C2,0.16618033988749897,20000.0,1.0,0.7030901699437495,0.0005769598076188968,0.0005751144052564383,0.7493352492670035,75.00129013273629,0.09360138063348697,0.9954096527547827,0.9968418681937957,919.8560477734178,920.5139955074093,0.9682695239720187,0.5970182149574346,-0.24563657971056582,0.7681416666666666
11.0,C2,0.17175570504584947,20000.0,1.0,0.7058778525229248,0.0006122628687888464,0.000610184995436449,0.7423932630660761,74.18198064984823,0.09284588602240994,0.9951304150967883,0.9966496076573054,918.6777581570763,919.3706135959739,0.9670292191127119,0.6002652545447745,-0.2540337415844412,0.7681416666666666
11.5,C2,0.17618033988749895,20000.0,1.0,0.7080901699437495,0.0006513277772921136,0.0006489766309210931,0.735547787521035,73.37313083343884,0.09209803138979361,0.9948216411200796,0.9964369911638271,917.5010477374987,918.2324233293764,0.965790576565788,0.6035051828092926,-0.26243040459048944,0.7681416666666666
12.0,C2,0.17902113032590308,20000.0,1.0,0.7095105651629515,0.0006929156007107966,0.0006902550328833257,0.7287974808967583,72.57532673342273,0.09135836586518646,0.9944931781761033,0.9962107945450627,916.3277254933971,917.0997667832177,0.9645555005193653,0.6067328079526335,-0.2708136198134291,0.7681416666666666
12.5,C2,0.18000000000000002,20000.0,1.0,0.71,0.000735392347773845,0.0007323960592163725,0.722141020111538,71.78934847861147,0.09062761338184781,0.9941579629788515,0.9959799239018983,915.1599674441784,915.972964964513,0.9633262815201877,0.6099419519885432,-0.2791677446144048,0.7681416666666666
13.0,C2,0.17902113032590308,20000.0,1.0,0.7095105651629515,0.000776980171192528,0.0007736359230560119,0.7155771004777501,71.01601714686142,0.0899065417813168,0.9938300255659764,0.9957540420995693,914.0000265018783,914.852318756455,0.9621052910546087,0.6131262556418986,-0.2874765058119273,0.7681416666666666
13.5,C2,0.17618033988749895,20000.0,1.0,0.7080901699437495,0.0008160450796957952,0.0008123566273187598,0.7091044354461331,70.25603162333377,0.08919582086726226,0.9935222188543493,0.9955420050406832,912.8499171897881,913.7381098236613,0.9608946496734612,0.6162800473876135,-0.2957252595124599,0.7681416666666666
14.0,C2,0.17175570504584947,20000.0,1.0,0.7058778525229248,0.0008513481408657448,0.0008473341760071495,0.7027217563536194,69.50983668163234,0.08849590534554101,0.9932442499725795,0.9953505045571324,911.7111553640932,912.6306014795367,0.9596959530148349,0.6193990555909035,-0.3039028731281966,0.7681416666666666
14.5,C2,0.16618033988749897,20000.0,1.0,0.7030901699437495,0.0008821998256818872,0.000877890160093766,0.6964278121746739,68.77755277089283,0.08780696998692984,0.9930014832017285,0.9951832420844389,910.5846139990546,911.5300395173117,0.9585101199990048,0.6224807971211928,-0.31200278635936046,0.7681416666666666
15.0,C2,0.16000000000000003,20000.0,1.0,0.7,0.0009084900760744462,0.0009039201645257554,0.6902213692760881,68.05897746003265,0.0871289068737503,0.9927947220663791,0.99504077684959,909.4705171912083,910.4366530062536,0.9573373865170614,0.6255245841633617,-0.32002308381978234,0.7681416666666666
15.5,C2,0.15381966011250106,20000.0,1.0,0.6969098300562505,0.0009306068174274708,0.0009258120851302165,0.684101211175185,67.35364625634176,0.08646137513436276,0.9926208638253307,0.9949209756168348,908.3685511684625,909.3506550544864,0.9561774222825922,0.6285312103952406,-0.3279657234693266,0.7681416666666666
16.0,C2,0.14824429495415056,20000.0,1.0,0.6941221474770752,0.000949287550107546,0.0009442987341867071,0.678066138301384,66.66092482857961,0.08580387941202182,0.9924740728118485,0.9948198206074357,907.2780394933795,908.2722435397952,0.955029515256189,0.6315024635956734,-0.33583529502076576,0.7681416666666666
16.5,C2,0.14381966011250108,20000.0,1.0,0.6919098300562505,0.0009654610271818311,0.0009603010778768439,0.6721149677610813,65.98010062635484,0.08515584916698538,0.9923470256544976,0.9947322674926584,906.1981203396406,907.2016018097344,0.9538927582522533,0.6344406357591971,-0.34363775374394306,0.7681416666666666
17.0,C2,0.14097886967409695,20000.0,1.0,0.6904894348370485,0.0009801261902213456,0.0009748085814472939,0.6662465331057994,65.31044962274592,0.08451669717451595,0.9922318605135192,0.994652899708556,905.1278776140972,906.1388993523057,0.9527661869622076,0.6373481622148357,-0.35137947891105115,0.7681416666666666
17.5,C2,0.14,20000.0,1.0,0.69,0.00099428988106605,0.0009888177600606651,0.6604596841035588,64.6512689772786,0.0838858485720583,0.992120663917849,0.9945762641752796,904.0664066016104,905.0842924384165,0.9516488490543268,0.6402274412411505,-0.35906679991560275,0.7681416666666666
18.0,C2,0.14097886967409695,20000.0,1.0,0.6904894348370485,0.0010089550441055644,0.0010033206173230768,0.6547532865134293,64.00188222472998,0.08326274578719524,0.9920055619202024,0.994496934252448,903.0128259394344,904.0379247372842,0.950539816778352,0.6430808005772515,-0.3667059084477441,0.7681416666666666
18.5,C2,0.14381966011250105,20000.0,1.0,0.6919098300562505,0.0010251285211798496,0.0010193123554209193,0.6491262218632152,63.36163440099956,0.08264684450296088,0.9918786588928727,0.9944094675592375,901.9662696137334,902.9999279059002,0.949438178540772,0.6459105182897633,-0.37430291523482884,0.7681416666666666
19.0,C2,0.14824429495415054,20000.0,1.0,0.6941221474770752,0.001043809253859925,0.0010377795992296713,0.6435773872302307,62.72989725206995,0.08203761860834197,0.9917321315967806,0.9943084706769857,900.9258988803194,901.9704221536214,0.9483430514529678,0.6487187897600014,-0.3818637623721331,0.7681416666666666
19.5,C2,0.15381966011250106,20000.0,1.0,0.6969098300562505,0.0010659259952129497,0.0010596386290478977,0.638105695025124,62.10609898737571,0.08143458733717172,0.9915587203417396,0.9941889374607502,899.8909634250103,900.9495167829166,0.9472536457105372,0.6515075624971675,-0.3893937766524034,0.7681416666666666
20.0,C2,0.16,20000.0,1.0,0.7,0.0010922162456055088,0.0010856155499806108,0.6327100727787061,61.48978083445949,0.08083736704128913,0.9913526806117645,0.9940469047865004,898.8609171074951,899.9373107072488,0.9461693864289422,0.654278226114551,-0.3968968220720691,0.7681416666666666
20.5,C2,0.16618033988749892,20000.0,1.0,0.7030901699437495,0.0011230679304216513,0.0011160898660452622,0.6273894629317431,60.88066802556583,0.08024573683620598,0.9911110237109125,0.9938803078008681,897.8355642402834,898.9338929470365,0.945090067621351,0.6570312240377016,-0.4043742238205192,0.7681416666666666
21.0,C2,0.17175570504584947,20000.0,1.0,0.7058778525229248,0.001158370991591601,0.0011509482968408125,0.6221428226276722,60.2787315208976,0.07965969683863271,0.9908346736449762,0.9936897779721646,896.8151890084462,897.9393431045968,0.9440159884299434,0.6597657152251356,-0.4118238082156223,0.7681416666666666
21.5,C2,0.17618033988749895,20000.0,1.0,0.7080901699437495,0.0011974359000948682,0.00118950526249344,0.6169691235081974,59.684214034619316,0.07907949477217183,0.9905290921487468,0.9934790751696086,895.8006142137467,896.9537318189386,0.9429480149618387,0.6624794294443359,-0.41923945318911,0.7681416666666666
22.0,C2,0.17902113032590306,20000.0,1.0,0.7095105651629515,0.001239023723513551,0.0012305339509405466,0.6118673515117283,59.097601971634234,0.0785056035522686,0.9902040246238855,0.9932549141734008,894.7931508855582,895.977121201234,0.9418875272479561,0.665168816279206,-0.4266114350808559,0.7681416666666666
22.5,C2,0.18000000000000002,20000.0,1.0,0.71,0.0012815004705765993,0.0012724200453160294,0.6068365066746211,58.51954134163814,0.07793864717013398,0.9898722739761344,0.9930261208984618,893.7944331252668,895.0095652517664,0.9408362453950176,0.6678294987248868,-0.43392761945747216,0.7681416666666666
23.0,C2,0.17902113032590308,20000.0,1.0,0.7095105651629515,0.0013230882939952824,0.0013134104287767434,0.6018756029351822,57.950714416202054,0.07737928932080956,0.9895477252398521,0.9928022712643846,892.806170623695,894.0511102591179,0.9397959690775737,0.6704569405159836,-0.44117526457600287,0.7681416666666666
23.5,C2,0.17618033988749895,20000.0,1.0,0.7080901699437495,0.0013621532024985497,0.0013518968923055918,0.596983667940397,57.39170747111183,0.07682811204691167,0.989243098598767,0.9925921415386076,891.8298796521623,893.101795182331,0.9387682943706971,0.6730471623849945,-0.44834299543970874,0.7681416666666666
24.0,C2,0.17175570504584947,20000.0,1.0,0.7058778525229248,0.0013974562636684994,0.001386662844463634,0.5921597428553459,56.84290305725615,0.07628551512903964,0.9889680010307474,0.9924023634232039,890.8666607683633,892.161652016742,0.9377543797561719,0.6755973254836015,-0.45542244748090155,0.7681416666666666
24.5,C2,0.166180339887499,20000.0,1.0,0.7030901699437495,0.001428307948484642,0.0014170339802559394,0.5874028821752688,56.30442178257877,0.07575165977427936,0.988727741568112,0.9922366051396537,889.9170752907628,891.2307061441653,0.9367548160955398,0.6781060461613282,-0.4624091935600548,0.7681416666666666
25.0,C2,0.16000000000000003,20000.0,1.0,0.7,0.001454598198877201,0.0014429065162880695,0.5827121535402444,55.776122080394046,0.07522646530895538,0.9885231155926568,0.9920954209598183,888.9811395021941,890.3089766680704,0.9357696205286253,0.6805733960191358,-0.46930280864379237,0.7681416666666666
25.5,C2,0.15381966011250112,20000.0,1.0,0.6969098300562505,0.0014767149402302258,0.0014646660018129976,0.5780866375524433,55.25764838487077,0.0747096509286991,0.9883510525337075,0.9919766968915058,888.0584186057745,889.3964767343722,0.9347983353744994,0.6830006392423604,-0.4761061981304745,0.7681416666666666
26.0,C2,0.14824429495415056,20000.0,1.0,0.6941221474770752,0.001495395672910301,0.0014830408159655305,0.573525427595924,54.74850524865128,0.07420080234143683,0.988205777076345,0.991876451326104,887.1481755001598,888.4932138384288,0.9338401847370104,0.6853898291510991,-0.48282451632191475,0.7681416666666666
26.5,C2,0.14381966011250105,20000.0,1.0,0.6919098300562505,0.0015115691499845863,0.0014989463535463386,0.5690276296589329,54.248131444411754,0.07369943944340832,0.9880800415230822,0.9917896853163779,886.2495214430947,887.5991901188155,0.9328942330979945,0.6877434047838613,-0.48946406365803224,0.7681416666666666
27.0,C2,0.14097886967409695,20000.0,1.0,0.6904894348370485,0.0015262343130241008,0.0015133660940363357,0.5645923621586755,53.755954195363174,0.07320506640830246,0.9879660652349856,0.9917110310110434,885.361527450536,886.7144026384221,0.9319595025795115,0.6900638951276588,-0.49603146744526555,0.7681416666666666
27.5,C2,0.14,20000.0,1.0,0.69,0.0015403980038688051,0.0015272905241839419,0.5602187557685228,53.271415848612634,0.07271719664234819,0.9878560164488575,0.991635084358865,884.4832798878164,885.8388436533965,0.9310350314608593,0.692353772571083,-0.5025332709168129,0.7681416666666666
28.0,C2,0.14097886967409695,20000.0,1.0,0.6904894348370485,0.0015550631669083196,0.0015417056464737166,0.5559059532476209,52.793978198146824,0.072235357062255,0.9877421024950636,0.99155646749986,883.6138902691456,884.9725008704356,0.9301198844938374,0.6946154273207628,-0.5089758593878667,0.7681416666666666
28.5,C2,0.14381966011250102,20000.0,1.0,0.6919098300562505,0.0015712366439826048,0.001557600642620719,0.5516531092728688,52.32311857781735,0.07175908465977875,0.9876165092251438,0.9914697869645615,882.7524880086453,884.115357692909,0.9292131452722582,0.6968511863931393,-0.5153655125839762,0.7681416666666666
29.0,C2,0.14824429495415054,20000.0,1.0,0.6941221474770752,0.0015899173766626801,0.0015759561689174795,0.5474593902732326,51.858334214963655,0.07128793081090366,0.9874714941062701,0.9913696977933084,881.8982302459204,883.267393456272,0.9283139265746531,0.6990632882085817,-0.5217083305229601,0.7681416666666666
29.5,C2,0.153819660112501,20000.0,1.0,0.6969098300562505,0.0016120341180157049,0.0015976829626288313,0.5433239742663629,51.39916680400388,0.070821484786649,0.9872998723062817,0.9912512388041819,881.0503539030461,882.4285836532148,0.9274214251611012,0.7012537485840434,-0.5280098450259808,0.7681416666666666
30.0,C2,0.16,20000.0,1.0,0.7,0.001638324368408264,0.0016235027362900888,0.5392460506974834,50.945249314796975,0.07035941869115091,0.9870959584931308,0.9911104824442857,880.208274682013,881.5989001489729,0.9265350259810663,0.7034241078147079,-0.5342742797094269,0.7681416666666666
30.5,C2,0.16618033988749897,20000.0,1.0,0.7030901699437495,0.0016691760532244065,0.0016537926981107798,0.5352248202805197,50.49636501099413,0.06990154463232232,0.9868567946801833,0.9909453823543717,879.3717125492524,880.7783113872009,0.9256544342623709,0.705575113454325,-0.5405036085322739,0.7681416666666666
31.0,C2,0.17175570504584947,20000.0,1.0,0.7058778525229248,0.0017044791143943562,0.0016884402529791598,0.5312594948414366,50.052499217698184,0.06944786575573675,0.9865832951867618,0.9907565642558911,878.5408031734436,879.9667825868075,0.9247797928141511,0.7077064439031308,-0.5466967138966996,0.7681416666666666
31.5,C2,0.17618033988749898,20000.0,1.0,0.7080901699437495,0.0017435440228976236,0.0017267639684339009,0.5273492971637537,49.61386194214398,0.06899860009959907,0.986280865250269,0.9905477541636113,877.7161491242367,879.164275930121,0.9239117359202492,0.7098165903638043,-0.5528489898414464,0.7681416666666666
32.0,C2,0.17902113032590308,20000.0,1.0,0.7095105651629515,0.0017851318463163067,0.0017675444540067142,0.5234934608362083,49.18086590759735,0.06855416202210753,0.9859591496312304,0.9903256064764034,876.8987776319276,878.3707507427464,0.9230513448757133,0.7119029792073333,-0.5589526414088886,0.7681416666666666
32.5,C2,0.18000000000000002,20000.0,1.0,0.71,0.0018276085933793549,0.0018091771586344228,0.519691230102536,48.75405805095981,0.06811509862809897,0.9856308191429979,0.9900988678026624,876.0899997394155,877.5861636654595,0.9221999997257005,0.7139623436940571,-0.5649977234845344,0.7681416666666666
33.0,C2,0.17902113032590308,20000.0,1.0,0.7095105651629515,0.001869196416798038,0.001849919570946692,0.5159418597133413,48.33401801808174,0.06768199349261272,0.9853096156744885,0.9898770280692163,875.2911983394287,876.8104688184666,0.921359156146767,0.7159912707732157,-0.5709737181286371,0.7681416666666666
33.5,C2,0.17618033988749898,20000.0,1.0,0.7080901699437495,0.0019082613253013053,0.0018881732107799574,0.5122446147800244,47.92124857916117,0.06725536122005825,0.9850081283754896,0.9896687847804494,874.5035970622921,876.0436179583481,0.9205301021708338,0.7179867881576687,-0.5768712643831796,0.7681416666666666
34.0,C2,0.1717557050458495,20000.0,1.0,0.7058778525229248,0.001943564386471255,0.0019227288464599467,0.5085987706307422,47.516085686827715,0.06683555954608415,0.9847358653539028,0.9894807101665306,873.7280685921698,875.2855606279899,0.9197137564128104,0.7199468429268581,-0.5826836019206917,0.7681416666666666
34.5,C2,0.16618033988749895,20000.0,1.0,0.7030901699437495,0.0019744160712873975,0.0019529162521969023,0.5050036126683701,47.11864911125075,0.06642273960936187,0.9844980810985283,0.9893164395977225,872.9650273212324,874.5362442997925,0.9189105550749814,0.721870560422798,-0.5884073892326802,0.7681416666666666
35.0,C2,0.16000000000000003,20000.0,1.0,0.7,0.0020007063216799566,0.001978632272433588,0.5014584362304377,46.72884102910549,0.06601684220879593,0.9842955629504737,0.9891765224440683,872.2144229738284,873.7956145124398,0.9181204452356089,0.723758245541329,-0.5940427671641269,0.7681416666666666
35.5,C2,0.15381966011250103,20000.0,1.0,0.6969098300562505,0.002022823063032981,0.0020002601240444074,0.49796254645101407,46.34638495827516,0.06561763337592563,0.9841252720959863,0.9890588637454016,871.4758201063316,873.0636150014936,0.9173429685329807,0.7256111687830614,-0.5995927764924948,0.7681416666666666
36.0,C2,0.14824429495415056,20000.0,1.0,0.6941221474770752,0.0020415037957130563,0.002018523779837763,0.4945152581245108,45.970886606953606,0.06522476187349302,0.9839814927981677,0.9889595176665897,870.7485251000749,872.340187824072,0.916577394842184,0.7274312367594826,-0.6050624145398049,0.7681416666666666
36.5,C2,0.1438196601125011,20000.0,1.0,0.6919098300562505,0.0020576772727873413,0.0020343330969373784,0.4911158955713799,45.601895120851964,0.06483781788400166,0.9838570520641073,0.9888735301446309,870.0317151980208,871.6252734778581,0.9158228581031799,0.7292206624650857,-0.6104576711737786,0.7681416666666666
37.0,C2,0.14097886967409695,20000.0,1.0,0.6904894348370485,0.0020723424358268555,0.0020486656052693085,0.48776379250567836,45.238948123303395,0.0644563765998771,0.9837442494160414,0.9887955815073647,869.3245340896782,870.9188110146749,0.9150784569365034,0.730981723592885,-0.6157848118750427,0.7681416666666666
37.5,C2,0.14,20000.0,1.0,0.69,0.0020865061266715597,0.0020625057996366235,0.4844582919044741,44.88159398378624,0.0640800200168793,0.9836353337528513,0.9887203161953322,868.6261396294403,870.2207381488546,0.9143433048730951,0.7327166431464002,-0.6210500182463486,0.7681416666666666
38.0,C2,0.14097886967409692,20000.0,1.0,0.6904894348370485,0.002101171289711074,0.0020768337177061134,0.48119874587906714,44.52939550012192,0.06370834071078348,0.9835225926425781,0.9886424045949654,867.9357121521075,869.5309913606183,0.9136165391074815,0.7344275693129834,-0.6262593242404465,0.7681416666666666
38.5,C2,0.14381966011250108,20000.0,1.0,0.6919098300562505,0.002117344766785359,0.002092632557142272,0.4779845155480016,44.181926698764926,0.06334093886605936,0.9833982923737596,0.988556501612875,867.2524480830533,868.8495059946752,0.9128973137716351,0.736116591928218,-0.631418663244061,0.7681416666666666
39.0,C2,0.14824429495415054,20000.0,1.0,0.6941221474770752,0.002136025499465434,0.0021108770417616494,0.4748149709118426,43.83877655496988,0.06297742609053437,0.9832547700878155,0.988457310218232,866.5755683203975,868.1762163542423,0.9121848087583131,0.7377857223039819,-0.6365338037850835,0.7681416666666666
39.5,C2,0.1538196601125011,20000.0,1.0,0.6969098300562505,0.0021581422408184585,0.0021324723993278935,0.4716894907296947,43.499569747482425,0.06261744612412516,0.983084914853866,0.9883399137004322,865.9043632551511,867.5110557906763,0.9114782771106854,0.739436783326543,-0.6416100078145986,0.7681416666666666
40.0,C2,0.16,20000.0,1.0,0.7,0.0021844324912110176,0.002158135976379445,0.46860746239743645,43.16400627877425,0.062260714497626275,0.9828830997680783,0.9882004196890248,865.23827869105,866.8539567888985,0.9107771354642632,0.7410712009398149,-0.6466513778046942,0.7681416666666666
40.5,C2,0.16618033988749892,20000.0,1.0,0.7030901699437495,0.00221528417602716,0.0021882426992063772,0.465568281827648,42.83191165745912,0.06190706915795487,0.9826463971621336,0.988036800117302,864.5770251259455,866.2048510487953,0.9100810790799426,0.7426897416419458,-0.6516600239199594,0.7681416666666666
41.0,C2,0.17175570504584942,20000.0,1.0,0.7058778525229247,0.0022505872371971097,0.0022226806538405983,0.46257135333120825,42.503281299708746,0.061556515939712994,0.9823757117948717,0.9878496750236799,863.9206753300542,865.5636695627587,0.9093901845579518,0.7442922825236815,-0.6566353162620385,0.7681416666666666
41.5,C2,0.17618033988749898,20000.0,1.0,0.7080901699437495,0.0022896521457003768,0.002260772530143533,0.45961608950053756,42.178300600405464,0.061209250298393095,0.9820763931308526,0.9876427369398036,863.2697100412503,864.9303426895299,0.9087049579381582,0.7458777111034491,-0.6615735276355896,0.7681416666666666
42.0,C2,0.17902113032590308,20000.0,1.0,0.7095105651629515,0.00233123996911906,0.002301306314344266,0.45670191109446434,41.85732741908577,0.06086564170908204,0.9817579865778303,0.987422580544472,862.6249826563181,864.3048002245042,0.9080262975329665,0.7474440233810583,-0.6664680901463513,0.7681416666666666
42.5,C2,0.18000000000000002,20000.0,1.0,0.71,0.002373716716182108,0.0023426871621043933,0.4538282469246917,41.54083503165117,0.060526178239415536,0.9814330325460523,0.987197874007304,861.9875980054886,863.686971466644,0.907355366321567,0.7489886284718794,-0.6713105062578434,0.7681416666666666
43.0,C2,0.17902113032590308,20000.0,1.0,0.7095105651629515,0.002415304539600791,0.002383183103368611,0.45099453374384274,41.229326710474666,0.06019138193476173,0.9811151316080976,0.9869780222025829,861.3587286947891,863.0767852821432,0.9066933986260938,0.7505087993873331,-0.6760917390887007,0.7681416666666666
43.5,C2,0.17618033988749898,20000.0,1.0,0.7080901699437495,0.0024543694481040583,0.002421205327972228,0.4482002161350622,40.92324286482513,0.059861715670563524,0.9808167435527408,0.9867716447321794,860.7394139544544,862.474170164983,0.9060414883731099,0.7520021590882426,-0.6808037422411309,0.7681416666666666
44.0,C2,0.17175570504584955,20000.0,1.0,0.7058778525229248,0.002489672509274008,0.0024555519194827923,0.44544474640315335,40.62288424368796,0.05953750507097736,0.9805472788789082,0.9865852550035492,860.1303919631765,861.8790542945072,0.9054004125928173,0.7534670787554476,-0.6854407413625919,0.7681416666666666
44.5,C2,0.16618033988749895,20000.0,1.0,0.7030901699437495,0.0025205241940901503,0.002485556706638591,0.4427275844672273,40.32836914081449,0.05921889386296906,0.9803119382262314,0.9864224558937575,859.5320050000121,861.2913655901459,0.90477053157896,0.7549028956024351,-0.6899999658963876,0.7681416666666666
45.0,C2,0.16000000000000003,20000.0,1.0,0.7,0.0025468144444827094,0.0025111171579214474,0.44004819775484616,40.03963115612445,0.05890583979430411,0.9801115009956818,0.9862837919236435,858.9441923264943,860.7110317634082,0.9041517813963098,0.7563099178480284,-0.6944817143409936,0.7681416666666666
45.5,C2,0.15381966011250112,20000.0,1.0,0.6969098300562505,0.002568931185835734,0.002532614171936979,0.4374060610976366,39.75645134789709,0.05859814543207254,0.9799429597232441,0.98616718695635,858.3665580725284,860.1379803672592,0.9035437453395035,0.7576892509162663,-0.6988888467837642,0.7681416666666666
46.0,C2,0.14824429495415056,20000.0,1.0,0.6941221474770752,0.002587611918515809,0.002550767341823161,0.43480065662835526,39.47850931362244,0.058295508596833176,0.9798006574882278,0.9860687305388505,857.7984809596097,859.5721388429937,0.9029457694311681,0.759042526787548,-0.7032259553450354,0.7681416666666666
46.5,C2,0.1438196601125011,20000.0,1.0,0.6919098300562505,0.002603785395590094,0.002566481020526984,0.43223147367938547,39.20543496012097,0.05799757410896024,0.9796774950479256,0.9859835130017126,857.239226309094,859.0134345647137,0.9023570803253621,0.760371631927677,-0.7074985134901537,0.7681416666666666
47.0,C2,0.14097886967409692,20000.0,1.0,0.6904894348370485,0.0026184505586296083,0.0025807268244113922,0.4296980086826444,38.93684676025172,0.057703972359391266,0.9795658510621643,0.9859062623254444,856.6880292594253,858.4617948815109,0.9017768729046582,0.7616785073154039,-0.7117122419868825,0.7681416666666666
47.5,C2,0.14,20000.0,1.0,0.69,0.0026326142494743124,0.0025944832925824113,0.4271997650708821,38.67237076579217,0.057414338661683405,0.9794580540622847,0.9858316709126496,856.1441364035852,857.9171471574534,0.9012043541090371,0.7629650495263198,-0.7158727905344622,0.7681416666666666
48.0,C2,0.14097886967409692,20000.0,1.0,0.6904894348370485,0.0026472794125138267,0.0026087245339731667,0.42473625318035285,38.41164381265979,0.05712831664230539,0.9793464708301002,0.9857544568692759,855.60681305002,857.3794188094715,0.9006387505789685,0.764233094207237,-0.7199856814268571,0.7681416666666666
48.5,C2,0.14381966011250102,20000.0,1.0,0.6919098300562505,0.0026634528895881117,0.00262442779839811,0.42230699015483963,38.154310840711084,0.05684555562854342,0.9792234470650002,0.9856693229498315,855.0753376089876,856.8485373432308,0.9000793027463028,0.7654844300256051,-0.7240563517045524,0.7681416666666666
49.0,C2,0.14824429495415048,20000.0,1.0,0.6941221474770752,0.002682133622268187,0.002642561913086253,0.4199114998510125,37.90002814203167,0.05656571408193361,0.9790813985665892,0.9855710195291798,854.5490089421215,856.3244303870821,0.8995252725706543,0.7667207819771258,-0.7280900961442183,0.7681416666666666
49.5,C2,0.1538196601125011,20000.0,1.0,0.6969098300562505,0.0027042503636212113,0.0026640266296297775,0.41754931274510304,37.64848128504991,0.05628847814344593,0.9789132873632934,0.98545467388284,854.0271859828355,855.8070257241693,0.8989759852450899,0.7679437193496375,-0.732091762545314,0.7681416666666666
50.0,C2,0.15999999999999998,20000.0,1.0,0.7,0.0027305406140137704,0.0026895349549823323,0.4152199658408763,37.39941940487659,0.05601359721531655,0.9787135442354293,0.9853164284392648,853.5093635625875,855.2962513227749,0.89843090901325,0.7691544803722045,-0.736065168060337,0.7681416666666666
0.0,C3,0.04,0.0,1.0,0.64,0.0,0.0,0.92,95.39932470617993,0.11178947055281566,1.0,1.0,944.8336149185893,944.8336149185893,0.9945616999143045,0.5279503731974511,-0.0701186111499833,0.76825
0.5,C3,0.04,0.0,1.0,0.64,0.0,0.0,0.9106853546561176,94.28940699652732,0.11082668567125058,1.0,1.0,943.7101235719426,943.7101235719426,0.9933790774441501,0.5310514615019692,-0.07791322797556555,0.76825
1.0,C3,0.04,0.0,1.0,0.64,0.0,0.0,0.9015002057568354,93.19658606734745,0.10987583833750424,1.0,1.0,942.5775754658829,942.5775754658829,0.9921869215430347,0.5341793778088021,-0.0857800769516693,0.76825
1.5,C3,0.04,0.0,1.0,0.64,0.0,0.0,0.8924427529835647,92.12059224589984,0.10893678605385859,1.0,1.0,941.4370649809753,941.4370649809753,0.9909863841905002,0.5373309485325439,-0.09371179188194498,0.76825
2.0,C3,0.04,0.0,1.0,0.64,0.0,0.0,0.8835112210465655,91.0611601690589,0.10800938798661786,1.0,1.0,940.2896326818948,940.2896326818948,0.9897785607177839,0.5405031336451201,-0.10170134729073353,0.76825
2.5,C3,0.04,0.0,1.0,0.64,0.0,0.0,0.8747038593369854,90.0180287143737,0.10709350494644058,1.0,1.0,939.1362676245454,939.1362676245454,0.9885644922363637,0.5436930221931062,-0.1097420438299244,0.76825
3.0,C3,0.04,0.0,1.0,0.64,0.0,0.0,0.8660189415837336,88.99094093222611,0.10618899936890935,1.0,1.0,937.977909567426,937.977909567426,0.9873451679657116,0.5468978280293219,-0.1178274943604774,0.76825
3.5,C3,0.04,0.0,1.0,0.64,0.0,0.0,0.8574547655151271,87.97964397906979,0.10529573529533538,1.0,1.0,936.815451091199,936.815451091199,0.98612152746442,0.5501148857380718,-0.12595161067234195,0.76825
4.0,C3,0.04,0.0,1.0,0.64,0.0,0.0,0.8490096525252394,86.98388905173287,0.10441357835379532,1.0,1.0,935.6497396302573,935.6497396302573,0.9848944627686919,0.5533416467355133,-0.13410859080878584,0.76825
4.5,C3,0.04,0.0,1.0,0.64,0.0,0.0,0.8406819473448888,86.00343132276738,0.10354239574039763,1.0,1.0,934.4815794199259,934.4815794199259,0.9836648204420272,0.5565756755286049,-0.14229290696331906,0.76825
5.0,C3,0.04,0.0,1.0,0.64,0.0,0.0,0.8324700177172,85.03802987682852,0.10268205620077568,1.0,1.0,933.3117333627807,933.3117333627807,0.9824334035397692,0.5598146461178707,-0.1504992939193695,0.76825
5.5,C3,0.04,0.0,1.0,0.64,0.0,0.0,0.8243722540776766,84.08744764806761,0.10183243001180518,1.0,1.0,932.1409248174299,932.1409248174299,0.9812009734920315,0.5630563385308658,-0.15872273800470535,0.76825
6.0,C3,0.04,0.0,1.0,0.64,0.0,0.0,0.8163870692387214,83.1514513585224,0.10099338896354303,1.0,1.0,930.9698393129554,930.9698393129554,0.9799682519083741,0.5662986354747178,-0.16695846653431892,0.76825
6.5,C3,0.04,0.0,1.0,0.64,0.0,0.0,0.8085128980785427,82.22981145748872,0.10016480634138532,1.0,1.0,929.7991261920878,929.7991261920878,0.9787359223074609,0.5695395190974857,-0.17520193771706666,0.76825
7.0,C3,0.04,0.0,1.0,0.64,0.0,0.0,0.800748197234385,81.3223020618582,0.09934655690844167,1.0,1.0,928.6294001860556,928.6294001860556,0.9775046317747954,0.5727770678493076,-0.1834488310028326,0.76825
7.5,C3,0.04,0.0,1.0,0.64,0.0,0.0,0.7930914448000254,80.42870089740612,0.09853851688812361,1.0,1.0,927.4612429239291,927.4612429239291,0.9762749925515044,0.5760094534354313,-0.19169503784836972,0.76825
8.0,C3,0.04,0.0,1.0,0.64,0.0,0.0,0.7855411400274747,79.54878924101462,0.09774056394694416,1.0,1.0,926.2952043791626,926.2952043791626,0.9750475835570133,0.5792349378542269,-0.1999366528812484,0.76825
8.5,C3,0.04,0.0,1.0,0.64,0.0,0.0,0.7780958030328262,78.68235186381638,0.09695257717752662,1.0,1.0,925.1318042559272,925.1318042559272,0.9738229518483444,0.5824518705141782,-0.20816996544252026,0.76825
9.0,C3,0.36,600.0,1.0,0.8,8.91111287379854e-05,8.906702777618292e-05,0.770753974506194,77.77374062005522,0.0961273357775637,0.9992877175714419,0.9995102513132895,923.8671879770186,923.9715333177198,0.9724917768179143,0.5859470011418658,-0.21713133105655502,0.76825
9.5,C3,0.36,600.0,1.0,0.8,0.0001782222574759708,0.0001780459118252886,0.7635142154256829,76.8794735358072,0.09531264469322624,0.9985766466350328,0.9990212267962366,922.6078523777385,922.8148546606251,0.9711661603976195,0.5894255294063752,-0.22606747470244187,0.76825
10.0,C3,0.36,600.0,1.0,0.8,0.0002673333862139562,0.00026693673937732034,0.7563751067753361,75.99931487470369,0.09450837130117443,0.9978667846298838,0.9985329251414371,921.3542210746119,921.662204933521,0.9698465484995915,0.5928860339634914,-0.23497526420347192,0.76825
10.5,C3,0.36,600.0,1.0,0.8,0.0003564445149519416,0.0003557395975759403,0.7493352492670035,75.13303285184605,0.09371438460971111,0.997158129001657,0.998045345044353,920.1066914148955,920.5139955074093,0.9685333593841006,0.596327175799549,-0.2438517380223025,0.76825
11.0,C3,0.36,600.0,1.0,0.8,0.000445555643689927,0.00044445457347857983,0.7423932630660761,74.2803995671039,0.09293055523854758,0.9964506772025455,0.9975584852033053,918.8656356789983,919.3706135959739,0.9672269849252614,0.599747695504559,-0.2526940980384312,0.76825
11.5,C3,0.04,0.0,1.0,0.64,0.000445555643689927,0.00044445457347857983,0.735547787521035,73.49328048908625,0.09220168811286517,0.9964506772025455,0.9975584852033053,917.7311617877125,918.2324233293764,0.9660328018818026,0.6028718196814522,-0.26078753098936724,0.76825
12.0,C3,0.04,0.0,1.0,0.64,0.000445555643689927,0.00044445457347857983,0.7287974808967583,72.71817952974352,0.09148195699359321,0.9964506772025455,0.9975584852033053,916.6022020847033,917.0997667832177,0.9648444232470561,0.605978044123327,-0.2688515634110047,0.76825
12.5,C3,0.04,0.0,1.0,0.64,0.000445555643689927,0.00044445457347857983,0.722141020111538,71.95490814467648,0.09077125206360256,0.9964506772025455,0.9975584852033053,915.4790765772694,915.972964964513,0.96366218587081,0.6090653278735555,-0.2768837843028512,0.76825
13.0,C3,0.04,0.0,1.0,0.64,0.000445555643689927,0.00044445457347857983,0.7155771004777501,71.20328080037456,0.09006946478482877,0.9964506772025455,0.9975584852033053,914.362085213541,914.852318756455,0.962486405487938,0.6121326941718854,-0.2848819152766853,0.76825
13.5,C3,0.04,0.0,1.0,0.64,0.000445555643689927,0.00044445457347857983,0.7091044354461331,70.46311492596563,0.08937648788327658,0.9964506772025455,0.9975584852033053,913.2515087847822,913.7381098236613,0.9613173776681918,0.6151792281676615,-0.2928438050447042,0.76825
14.0,C3,0.04,0.0,1.0,0.64,0.000445555643689927,0.00044445457347857983,0.7027217563536194,69.7342308657342,0.08869221533420721,0.9964506772025455,0.9975584852033053,912.1476097899332,912.6306014795367,0.9601553787262455,0.6182040746839179,-0.3007674241321001,0.76825
14.5,C3,0.04,0.0,1.0,0.64,0.000445555643689927,0.00044445457347857983,0.6964278121746739,69.01645183239609,0.0880165423475065,0.9964506772025455,0.9975584852033053,911.0506332639469,911.5300395173117,0.9590006665936284,0.6212064360315944,-0.30865085980415113,0.76825
15.0,C3,0.04,0.0,1.0,0.64,0.000445555643689927,0.00044445457347857983,0.6902213692760881,68.30960386111721,0.08734936535323157,0.9964506772025455,0.9975584852033053,909.9608075714128,910.4366530062536,0.9578534816541188,0.6241855698732849,-0.3164923111984715,0.76825
15.5,C3,0.04,0.0,1.0,0.64,0.000445555643689927,0.00044445457347857983,0.684101211175185,67.61351576426512,0.08669058198733409,0.9964506772025455,0.9975584852033053,908.8783451668992,909.3506550544864,0.9567140475441044,0.6271407871359961,-0.32429008465344233,0.76825
16.0,C3,0.04,0.0,1.0,0.64,0.000445555643689927,0.00044445457347857983,0.678066138301384,66.92801908688122,0.08604009107755788,0.9964506772025455,0.9975584852033053,907.8034433233837,908.2722435397952,0.9555825719193513,0.630071449972526,-0.3320425892243988,0.76825
16.5,C3,0.04,0.0,1.0,0.64,0.000445555643689927,0.00044445457347857983,0.6721149677610813,66.25294806286237,0.08539779262950876,0.9964506772025455,0.9975584852033053,906.7362848300908,907.2016018097344,0.9544592471895692,0.6329769697710979,-0.3397483323794792,0.76825
17.0,C3,0.04,0.0,1.0,0.64,0.000445555643689927,0.00044445457347857983,0.6662465331057994,65.58813957184074,0.08476358781289477,0.9964506772025455,0.9975584852033053,905.6770386609916,906.1388993523057,0.9533442512220964,0.6358568052129561,-0.34740591586749525,0.76825
17.5,C3,0.04,0.0,1.0,0.64,0.000445555643689927,0.00044445457347857983,0.6604596841035588,64.93343309675035,0.08413737894793433,0.9964506772025455,0.9975584852033053,904.6258606151798,905.0842924384165,0.9522377480159787,0.6387104603776488,-0.3550140317505214,0.76825
18.0,C3,0.04,0.0,1.0,0.64,0.000445555643689927,0.00044445457347857983,0.6547532865134293,64.28867068207006,0.08351906949193082,0.9964506772025455,0.9975584852033053,903.5828939302804,904.0379247372842,0.9511398883476636,0.6415374828957456,-0.362571458594267,0.76825
18.5,C3,0.04,0.0,1.0,0.64,0.000445555643689927,0.00044445457347857983,0.6491262218632152,63.65369689273168,0.08290856402601122,0.9964506772025455,0.9975584852033053,902.5482698700032,902.9999279059002,0.950050810389477,0.6443374621487373,-0.37007705780961364,0.76825
19.0,C3,0.04,0.0,1.0,0.64,0.000445555643689927,0.00044445457347857983,0.6435773872302307,63.0283587736829,0.08230576824202682,0.9964506772025455,0.9975584852033053,901.5221082869056,901.9704221536214,0.9489706403020058,0.6471100275158731,-0.3775297701390377,0.76825
19.5,C3,0.04,0.0,1.0,0.64,0.000445555643689927,0.00044445457347857983,0.638105695025124,62.412505810094665,0.0817105889296142,0.9964506772025455,0.9975584852033053,900.5045181613872,900.9495167829166,0.9478994928014602,0.6498548466676652,-0.3849286122819006,0.76825
20.0,C3,0.04,0.0,1.0,0.64,0.000445555643689927,0.00044445457347857983,0.6327100727787061,61.8059898882026,0.08112293396341462,0.9964506772025455,0.9975584852033053,899.4955981178967,899.9373107072488,0.9468374717030492,0.6525716239057814,-0.3922726736528909,0.76825
20.5,C3,0.04,0.0,1.0,0.64,0.000445555643689927,0.00044445457347857983,0.6273894629317431,61.20866525677258,0.08054271229044949,0.9964506772025455,0.9975584852033053,898.4954369192876,898.9338929470365,0.9457846704413554,0.6552600985490179,-0.3995611132681613,0.76825
21.0,C3,0.04,0.0,1.0,0.64,0.000445555643689927,0.00044445457347857983,0.6221428226276722,60.620388489180506,0.07996983391765046,0.9964506772025455,0.9975584852033053,897.5041139402265,897.9393431045968,0.9447411725686594,0.6579200433650151,-0.40679315675393835,0.76825
21.5,C3,0.04,0.0,1.0,0.64,0.000445555643689927,0.00044445457347857983,0.6169691235081974,60.041018446096466,0.07940420989954196,0.9964506772025455,0.9975584852033053,896.5216996205144,896.9537318189386,0.9437070522321204,0.6605512630473621,-0.4139680934726667,0.76825
22.0,C3,0.04,0.0,1.0,0.64,0.000445555643689927,0.00044445457347857983,0.6118673515117283,59.47041623876363,0.07884575232607444,0.9964506772025455,0.9975584852033053,895.5482558991517,895.977121201234,0.942682374630686,0.6631535927376733,-0.4210852737618891,0.76825
22.5,C3,0.04,0.0,1.0,0.64,0.000445555643689927,0.00044445457347857983,0.6068365066746211,58.9084451928629,0.07829437431060647,0.9964506772025455,0.9975584852033053,894.5838366299402,895.0095652517664,0.9416671964525686,0.6657268965922152,-0.4281441062813643,0.76825
23.0,C3,0.04,0.0,1.0,0.64,0.000445555643689927,0.00044445457347857983,0.6018756029351822,58.354970812953255,0.07774998997803378,0.9964506772025455,0.9975584852033053,893.6284879793809,894.0511102591179,0.9406615662940851,0.6682710663926128,-0.4351440554640723,0.76825
23.5,C3,0.04,0.0,1.0,0.64,0.000445555643689927,0.00044445457347857983,0.596983667940397,57.80986074747942,0.07721251445306351,0.9964506772025455,0.9975584852033053,892.6822488076025,893.101795182331,0.9396655250606342,0.6707860202001277,-0.4420846390669706,0.76825
24.0,C3,0.36,600.0,1.0,0.8,0.0005346667724279124,0.0005330817540565292,0.5921597428553459,57.23239160136825,0.07664449442155694,0.9957444266912547,0.9970723443194663,891.6622595552965,892.161652016742,0.93859185216347,0.6734913310521445,-0.4495744174850373,0.76825
24.5,C3,0.36,600.0,1.0,0.8,0.0006237779011658978,0.0006216212261949872,0.5874028821752688,56.663846174321854,0.07608378182318726,0.995039374932982,0.9965869210968532,890.6527715872785,891.2307061441653,0.9375292332497668,0.6761628692188518,-0.4569955256029633,0.76825
25.0,C3,0.36,600.0,1.0,0.8,0.0007128890299038832,0.0007100730766931718,0.5827121535402444,56.10407935240077,0.07553028376179596,0.9943355193993981,0.9961022142423197,889.6537824866025,890.3089766680704,0.9364776657753711,0.6788006864784202,-0.46434773791837725,0.76825
25.5,C3,0.36,600.0,1.0,0.8,0.0008020001586418685,0.0007984373922644095,0.5780866375524433,55.5529484452176,0.0749839084846853,0.9936328575686276,0.9956182224655492,888.6652839529597,889.3964767343722,0.9354371410031155,0.6814048572299398,-0.4716308739974169,0.76825
26.0,C3,0.36,600.0,1.0,0.8,0.0008911112873798538,0.0008867142595362054,0.573525427595924,55.01031314495823,0.07444456536862556,0.9929313869252296,0.9951349444790474,887.6872621260948,888.4932138384288,0.9344076443432576,0.6839754772097595,-0.4788447963495523,0.76825
26.5,C3,0.04,0.0,1.0,0.64,0.0008911112873798538,0.0008867142595362054,0.5690276296589329,54.51448276414114,0.07394802412696753,0.9929313869252296,0.9951349444790474,886.7989993339781,887.5991901188155,0.9334726308778717,0.6863049404291703,-0.4854035436847187,0.76825
27.0,C3,0.04,0.0,1.0,0.64,0.0008911112873798538,0.0008867142595362054,0.5645923621586755,54.026120970051444,0.07345780919825205,0.9929313869252296,0.9951349444790474,885.9199118869526,886.7144026384221,0.9325472756704765,0.6886053391096103,-0.4919010135143988,0.76825
27.5,C3,0.04,0.0,1.0,0.64,0.0008911112873798538,0.0008867142595362054,0.5602187557685228,53.54511177871844,0.07297384348814283,0.9929313869252296,0.9951349444790474,885.049992136661,885.8388436533965,0.9316315706701694,0.6908767593059515,-0.4983370734566951,0.76825
28.0,C3,0.04,0.0,1.0,0.64,0.0008911112873798538,0.0008867142595362054,0.5559059532476209,53.071341052659285,0.07249605080063828,0.9929313869252296,0.9951349444790474,884.1892279136134,884.9725008704356,0.9307255030669614,0.6931193029872007,-0.5047116262006683,0.76825
28.5,C3,0.04,0.0,1.0,0.64,0.0008911112873798538,0.0008867142595362054,0.5516531092728688,52.60469647119053,0.07202435582772691,0.9929313869252296,0.9951349444790474,883.3376027717362,884.115357692909,0.929829055549196,0.6953330870956672,-0.5110246078663326,0.76825
29.0,C3,0.04,0.0,1.0,0.64,0.0008911112873798538,0.0008867142595362054,0.5474593902732326,52.14506750121385,0.07155868413916901,0.9929313869252296,0.9951349444790474,882.4950962222802,883.267393456272,0.9289422065497686,0.6975182426421259,-0.517275986428865,0.76825
29.5,C3,0.04,0.0,1.0,0.64,0.0008911112873798538,0.0008867142595362054,0.5433239742663629,51.69234536846813,0.0710989621724025,0.9929313869252296,0.9951349444790474,881.6616839575324,882.4285836532148,0.9280649304816131,0.6996749138361392,-0.5234657602045318,0.76825
30.0,C3,0.04,0.0,1.0,0.64,0.0008911112873798538,0.0008867142595362054,0.5392460506974834,51.246423029240866,0.07064511722257205,0.9929313869252296,0.9951349444790474,880.8373380647507,881.5989001489729,0.9271971979628955,0.7018032572507042,-0.5295939563959802,0.76825
30.5,C3,0.04,0.0,1.0,0.64,0.0008911112873798538,0.0008867142595362054,0.5352248202805197,50.80719514253133,0.0701970774326792,0.9929313869252296,0.9951349444790474,880.0220272307251,880.7783113872009,0.9263389760323423,0.7039034410203839,-0.535660629694635,0.76825
31.0,C3,0.04,0.0,1.0,0.64,0.0008911112873798538,0.0008867142595362054,0.5312594948414366,50.37455804265872,0.06975477178385245,0.9929313869252296,0.9951349444790474,879.2157169373572,879.9667825868075,0.9254902283551129,0.705975644072058,-0.5416658609379942,0.76825
31.5,C3,0.04,0.0,1.0,0.64,0.0008911112873798538,0.0008867142595362054,0.5273492971637537,49.94840971230781,0.06931813008573566,0.9929313869252296,0.9951349444790474,878.4183696486259,879.164275930121,0.9246509154196062,0.7080200553874475,-0.5476097558197625,0.76825
32.0,C3,0.04,0.0,1.0,0.64,0.0008911112873798538,0.0008867142595362054,0.5234934608362083,49.52864975600565,0.06888708296699293,0.9929313869252296,0.9951349444790474,877.6299449893007,878.3707507427464,0.9238209947255797,0.7100368732965393,-0.553492443650775,0.76825
32.5,C3,0.04,0.0,1.0,0.64,0.0008911112873798538,0.0008867142595362054,0.519691230102536,49.11517937402211,0.06846156186592887,0.9929313869252296,0.9951349444790474,876.8503999157397,877.5861636654595,0.9230004209639365,0.7120263048010695,-0.559314076168839,0.76825
33.0,C3,0.04,0.0,1.0,0.64,0.0008911112873798538,0.0008867142595362054,0.5159418597133413,48.70790133668799,0.0680414990212227,0.9929313869252296,0.9951349444790474,876.0796888791064,876.8104688184666,0.922189146188533,0.7139885649271787,-0.5650748263955647,0.76825
33.5,C3,0.04,0.0,1.0,0.64,0.0008911112873798538,0.0008867142595362054,0.5122446147800244,48.30671995912355,0.06762682746277428,0.9929313869252296,0.9951349444790474,875.3177639813146,876.0436179583481,0.9213871199803311,0.7159238761064093,-0.5707748875384786,0.76825
34.0,C3,0.04,0.0,1.0,0.64,0.0008911112873798538,0.0008867142595362054,0.5085987706307422,47.91154107637165,0.06721748100266124,0.9929313869252296,0.9951349444790474,874.5645751240079,875.2855606279899,0.9205942896042189,0.7178324675841741,-0.576414471936659,0.76825
34.5,C3,0.04,0.0,1.0,0.64,0.0008911112873798538,0.0008867142595362054,0.5050036126683701,47.52227201892855,0.06681339422620539,0.9929313869252296,0.9951349444790474,873.8200701508603,874.5362442997925,0.9198106001588002,0.7197145748548561,-0.5819938100482642,0.76825
35.0,C3,0.04,0.0,1.0,0.64,0.0008911112873798538,0.0008867142595362054,0.5014584362304377,47.13882158866635,0.06641450248314687,0.9929313869252296,0.9951349444790474,873.0841949834763,873.7956145124398,0.9190359947194487,0.7215704391227054,-0.5875131494783885,0.76825
35.5,C3,0.04,0.0,1.0,0.64,0.0008911112873798538,0.0008867142595362054,0.49796254645101407,46.76110003514098,0.06602074187892522,0.9929313869252296,0.9951349444790474,872.3568937511595,873.0636150014936,0.9182704144749048,0.7234003067876895,-0.5929727540456919,0.76825
36.0,C3,0.04,0.0,1.0,0.64,0.0008911112873798538,0.0008867142595362054,0.4945152581245108,46.389019032279414,0.06563204926606506,0.9929313869252296,0.9951349444790474,871.6381089147999,872.340187824072,0.9175137988576841,0.7252044289554967,-0.5983729028863863,0.76825
36.5,C3,0.04,0.0,1.0,0.64,0.0008911112873798538,0.0008867142595362054,0.4911158955713799,46.022491655440234,0.06524836223566592,0.9929313869252296,0.9951349444790474,870.9277813851301,871.6252734778581,0.916766085668558,0.726983060970864,-0.603713889594132,0.76825
37.0,C3,0.04,0.0,1.0,0.64,0.0008911112873798538,0.0008867142595362054,0.48776379250567836,45.661432358841786,0.06486961910899429,0.9929313869252296,0.9951349444790474,870.2258506355824,870.9188110146749,0.9160272111953499,0.7287364619734426,-0.6089960213945182,0.76825
37.5,C3,0.04,0.0,1.0,0.64,0.0008911112873798538,0.0008867142595362054,0.4844582919044741,45.30575695335196,0.06449575892917664,0.9929313869252296,0.9951349444790474,869.5322548099731,870.2207381488546,0.9152971103262875,0.7304648944754207,-0.6142196183528319,0.76825
38.0,C3,0.04,0.0,1.0,0.64,0.0008911112873798538,0.0008867142595362054,0.48119874587906714,44.955382584633895,0.06412672145299218,0.9929313869252296,0.9951349444790474,868.8469308252298,869.5309913606183,0.9145757166581366,0.7321686239601221,-0.619385012613841,0.76825
38.5,C3,0.04,0.0,1.0,0.64,0.0008911112873798538,0.0008867142595362054,0.4779845155480016,44.61022771164218,0.06376244714276408,0.9929313869252296,0.9951349444790474,868.1698144693689,868.8495059946752,0.9138629625993357,0.7338479185008343,-0.6244925476724182,0.76825
39.0,C3,0.36,600.0,1.0,0.8,0.0009802224161178392,0.0009749037650503533,0.4748149709118426,44.2389897557835,0.06337213153929673,0.9922311049601784,0.994652378998135,867.4339077039048,868.1762163542423,0.9130883238988471,0.7356684303613746,-0.6300480621526896,0.76825
39.5,C3,0.36,600.0,1.0,0.8,0.0010693335448558245,0.0010630059952629655,0.4716894907296947,43.87333702114629,0.06298685139415296,0.9915320091708453,0.9941705247409406,866.7070303585718,867.5110557906763,0.9123231898511283,0.7374618694814242,-0.6355400403335199,0.76825
40.0,C3,0.36,600.0,1.0,0.8,0.0011584446735938099,0.0011510210365446327,0.46860746239743645,43.51317994668475,0.06260654173132654,0.9908340970609784,0.9936893804283934,865.9890975165167,866.8539567888985,0.9115674710700176,0.739228575192803,-0.6409689607570199,0.76825
40.5,C3,0.36,600.0,1.0,0.8,0.0012475558023317952,0.0012389489751804539,0.465568281827648,43.15843045653544,0.06223113838042873,0.9901373661406844,0.9932089447842157,865.2800237212504,866.2048510487953,0.9108210776013161,0.7409688873784083,-0.64633530973948,0.76825
41.0,C3,0.36,600.0,1.0,0.8,0.0013366669310697805,0.0013267898973701264,0.46257135333120825,42.80900193488253,0.06186057796697208,0.9894418139264095,0.9927292165349165,864.5797230546724,865.5636695627587,0.9100839190049184,0.7426831461501551,-0.6516395807544996,0.76825
41.5,C3,0.04,0.0,1.0,0.64,0.0013366669310697805,0.0013267898973701264,0.45961608950053756,42.49463132023174,0.06152448534344553,0.9894418139264095,0.9927292165349165,863.9524550621541,864.9303426895299,0.9094236369075306,0.7442147814932684,-0.6563943310373316,0.76825
42.0,C3,0.04,0.0,1.0,0.64,0.0013366669310697805,0.0013267898973701264,0.45670191109446434,42.18492799026351,0.06119274766274255,0.9894418139264095,0.9927292165349165,863.3328959619612,864.3048002245042,0.9087714694336434,0.7457239954864555,-0.6610940371859274,0.76825
42.5,C3,0.04,0.0,1.0,0.64,0.0013366669310697805,0.0013267898973701264,0.4538282469246917,41.87982042860985,0.0608653108819632,0.9894418139264095,0.9927292165349165,862.7209757655925,863.686971466644,0.9081273429111499,0.7472110646269523,-0.6657391096590095,0.76825
43.0,C3,0.04,0.0,1.0,0.64,0.0013366669310697805,0.0013267898973701264,0.45099453374384274,41.579238249555026,0.06054212159344834,0.9894418139264095,0.9927292165349165,862.1166240550507,863.0767852821432,0.9074911832158429,0.7486762653426752,-0.6703299648891702,0.76825
43.5,C3,0.04,0.0,1.0,0.64,0.0013366669310697805,0.0013267898973701264,0.4482002161350622,41.283112179809834,0.06022312701760239,0.9894418139264095,0.9927292165349165,861.5197700428324,862.474170164983,0.9068629158345605,0.7501198737770429,-0.6748670248061406,0.76825
44.0,C3,0.04,0.0,1.0,0.64,0.0013366669310697805,0.0013267898973701264,0.44544474640315335,40.99137404057892,0.05990827499580089,0.9894418139264095,0.9927292165349165,860.9303426289688,861.8790542945072,0.9062424659252303,0.7515421655867113,-0.6793507163802482,0.76825
44.5,C3,0.04,0.0,1.0,0.64,0.0013366669310697805,0.0013267898973701264,0.4427275844672273,40.703956729916726,0.059597513983381416,0.9894418139264095,0.9927292165349165,860.3482704552395,861.2913655901459,0.9056297583739362,0.7529434157516706,-0.6837814711853073,0.76825
45.0,C3,0.04,0.0,1.0,0.64,0.0013366669310697805,0.0013267898973701264,0.44004819775484616,40.42079420536736,0.05929079304271692,0.9894418139264095,0.9927292165349165,859.773481956683,860.7110317634082,0.90502471784914,0.7543238983971655,-0.6881597249802033,0.76825
45.5,C3,0.04,0.0,1.0,0.64,0.0013366669310697805,0.0013267898973701264,0.4374060610976366,40.14182146688398,0.058988061836370245,0.9894418139264095,0.9927292165349165,859.2059054105158,860.1379803672592,0.9044272688531746,0.7556838866269245,-0.6924859173084783,0.76825
46.0,C3,0.04,0.0,1.0,0.64,0.0013366669310697805,0.0013267898973701264,0.43480065662835526,39.86697454002327,0.05868927062032882,0.9894418139264095,0.9927292165349165,858.6454689825725,859.5721388429937,0.903837335771129,0.7570236523671889,-0.696760491115221,0.76825
46.5,C3,0.04,0.0,1.0,0.64,0.0013366669310697805,0.0013267898973701264,0.43223147367938547,39.59619045941062,0.05839437023731841,0.9894418139264095,0.9927292165349165,858.0921007713713,859.0134345647137,0.9032548429172329,0.7583434662210677,-0.7009838923806381,0.76825
47.0,C3,0.04,0.0,1.0,0.64,0.0013366669310697805,0.0013267898973701264,0.4296980086826444,39.32940725247191,0.058103312110194885,0.9894418139264095,0.9927292165349165,857.5457288499082,858.4617948815109,0.9026797145788508,0.7596435973327339,-0.7051565697696357,0.76825
47.5,C3,0.04,0.0,1.0,0.64,0.0013366669310697805,0.0013267898973701264,0.4271997650708821,39.066563923427395,0.05781604823541279,0.9894418139264095,0.9927292165349165,857.0062813052749,857.9171471574534,0.9021118750581841,0.7609243132610269,-0.7092789742968482,0.76825
48.0,C3,0.04,0.0,1.0,0.64,0.0013366669310697805,0.0013267898973701264,0.42473625318035285,38.807600437543876,0.05753253117657001,0.9894418139264095,0.9927292165349165,856.473686276196,857.3794188094715,0.9015512487117853,0.7621858798620129,-0.7133515590065079,0.76825
48.5,C3,0.04,0.0,1.0,0.64,0.0013366669310697805,0.0013267898973701264,0.42230699015483963,38.55245770564083,0.057252714058027156,0.9894418139264095,0.9927292165349165,855.9478719885735,856.8485373432308,0.9009977599879722,0.7634285611800797,-0.7173747786665754,0.76825
49.0,C3,0.04,0.0,1.0,0.64,0.0013366669310697805,0.0013267898973701264,0.4199114998510125,38.301077568846644,0.0569765505586008,0.9894418139264095,0.9927292165349165,855.4287667891253,856.3244303870821,0.9004513334622372,0.7646526193471758,-0.7213490894766428,0.76825
49.5,C3,0.04,0.0,1.0,0.64,0.0013366669310697805,0.0013267898973701264,0.41754931274510304,38.0534027836009,0.056703994905329645,0.9894418139264095,0.9927292165349165,854.9162991771993,855.8070257241693,0.8999118938707361,0.7658583144897827,-0.7252749487890231,0.76825
50.0,C3,0.04,0.0,1.0,0.64,0.0013366669310697805,0.0013267898973701264,0.4152199658408763,37.809377006898984,0.05643500186731249,0.9894418139264095,0.9927292165349165,854.4103978348426,855.2962513227749,0.8993793661419396,0.7670459046432616,-0.729152814842576,0.76825
0.0,C4,0.06,3000.0,1.0,0.65,0.0,0.0,0.92,95.39932470617993,0.11178947055281566,1.0,1.0,944.8336149185893,944.8336149185893,0.9945616999143045,0.5279503731974511,-0.0701186111499833,0.76945
0.5,C4,0.06,3000.0,1.0,0.65,0.0,0.0,0.9106853546561176,94.28940699652732,0.11082668567125058,1.0,1.0,943.7101235719426,943.7101235719426,0.9933790774441501,0.5310514615019692,-0.07791322797556555,0.76945
1.0,C4,0.06,3000.0,1.0,0.65,0.0,0.0,0.9015002057568354,93.19658606734745,0.10987583833750424,1.0,1.0,942.5775754658829,942.5775754658829,0.9921869215430347,0.5341793778088021,-0.0857800769516693,0.76945
1.5,C4,0.06,3000.0,1.0,0.65,0.0,0.0,0.8924427529835647,92.12059224589984,0.10893678605385859,1.0,1.0,941.4370649809753,941.4370649809753,0.9909863841905002,0.5373309485325439,-0.09371179188194498,0.76945
2.0,C4,0.06,3000.0,1.0,0.65,0.0,0.0,0.8835112210465655,91.0611601690589,0.10800938798661786,1.0,1.0,940.2896326818948,940.2896326818948,0.9897785607177839,0.5405031336451201,-0.10170134729073353,0.76945
2.5,C4,0.06,3000.0,1.0,0.65,0.0,0.0,0.8747038593369854,90.0180287143737,0.10709350494644058,1.0,1.0,939.1362676245454,939.1362676245454,0.9885644922363637,0.5436930221931062,-0.1097420438299244,0.76945
3.0,C4,0.06,3000.0,1.0,0.65,0.0,0.0,0.8660189415837336,88.99094093222611,0.10618899936890935,1.0,1.0,937.977909567426,937.977909567426,0.9873451679657116,0.5468978280293219,-0.1178274943604774,0.76945
3.5,C4,0.06,3000.0,1.0,0.65,0.0,0.0,0.8574547655151271,87.97964397906979,0.10529573529533538,1.0,1.0,936.815451091199,936.815451091199,0.98612152746442,0.5501148857380718,-0.12595161067234195,0.76945
4.0,C4,0.06,3000.0,1.0,0.65,0.0,0.0,0.8490096525252394,86.98388905173287,0.10441357835379532,1.0,1.0,935.6497396302573,935.6497396302573,0.9848944627686919,0.5533416467355133,-0.13410859080878584,0.76945
4.5,C4,0.06,3000.0,1.0,0.65,0.0,0.0,0.8406819473448888,86.00343132276738,0.10354239574039763,1.0,1.0,934.4815794199259,934.4815794199259,0.9836648204420272,0.5565756755286049,-0.14229290696331906,0.76945
5.0,C4,0.06,3000.0,1.0,0.65,0.0,0.0,0.8324700177172,85.03802987682852,0.10268205620077568,1.0,1.0,933.3117333627807,933.3117333627807,0.9824334035397692,0.5598146461178707,-0.1504992939193695,0.76945
5.5,C4,0.06,3000.0,1.0,0.65,0.0,0.0,0.8243722540776766,84.08744764806761,0.10183243001180518,1.0,1.0,932.1409248174299,932.1409248174299,0.9812009734920315,0.5630563385308658,-0.15872273800470535,0.76945
6.0,C4,0.06,3000.0,1.0,0.65,0.0,0.0,0.8163870692387214,83.1514513585224,0.10099338896354303,1.0,1.0,930.9698393129554,930.9698393129554,0.9799682519083741,0.5662986354747178,-0.16695846653431892,0.76945
6.5,C4,0.06,3000.0,1.0,0.65,0.0,0.0,0.8085128980785427,82.22981145748872,0.10016480634138532,1.0,1.0,929.7991261920878,929.7991261920878,0.9787359223074609,0.5695395190974857,-0.17520193771706666,0.76945
7.0,C4,0.06,3000.0,1.0,0.65,0.0,0.0,0.800748197234385,81.3223020618582,0.09934655690844167,1.0,1.0,928.6294001860556,928.6294001860556,0.9775046317747954,0.5727770678493076,-0.1834488310028326,0.76945
7.5,C4,0.06,3000.0,1.0,0.65,0.0,0.0,0.7930914448000254,80.42870089740612,0.09853851688812361,1.0,1.0,927.4612429239291,927.4612429239291,0.9762749925515044,0.5760094534354313,-0.19169503784836972,0.76945
8.0,C4,0.06,3000.0,1.0,0.65,0.0,0.0,0.7855411400274747,79.54878924101462,0.09774056394694416,1.0,1.0,926.2952043791626,926.2952043791626,0.9750475835570133,0.5792349378542269,-0.1999366528812484,0.76945
8.5,C4,0.06,3000.0,1.0,0.65,0.0,0.0,0.7780958030328262,78.68235186381638,0.09695257717752662,1.0,1.0,925.1318042559272,925.1318042559272,0.9738229518483444,0.5824518705141782,-0.20816996544252026,0.76945
9.0,C4,0.06,3000.0,1.0,0.65,0.0,0.0,0.770753974506194,77.82917697524383,0.09617443708181965,1.0,1.0,923.9715333177198,923.9715333177198,0.9726016140186524,0.5856586854246686,-0.21639145148982808,0.76945
9.5,C4,0.06,3000.0,1.0,0.65,0.0,0.0,0.7635142154256829,76.98905616796952,0.09540602555451656,1.0,1.0,922.8148546606251,922.8148546606251,0.9713840575375001,0.5888538984560989,-0.2245977658437501,0.76945
10.0,C4,0.06,3000.0,1.0,0.65,0.0,0.0,0.7563751067753361,76.16178436372385,0.09464722586667615,1.0,1.0,921.662204933521,921.662204933521,0.9701707420352853,0.5920361046655,-0.23278573476107092,0.76945
10.5,C4,0.06,3000.0,1.0,0.65,0.0,0.0,0.7493352492670035,75.34715975997544,0.093897922649543,1.0,1.0,920.5139955074093,920.5139955074093,0.968962100534115,0.5952039756843946,-0.24095234881965408,0.76945
11.0,C4,0.06,3000.0,1.0,0.65,0.0,0.0,0.7423932630660761,74.54498377746111,0.09315800187856461,1.0,1.0,919.3706135959739,919.3706135959739,0.9677585406273409,0.5983562571661443,-0.24909475610039167,0.76945
11.5,C4,0.06,3000.0,1.0,0.65,0.0,0.0,0.735547787521035,73.75506100855154,0.0924273508576033,1.0,1.0,918.2324233293764,918.2324233293764,0.9665604456098699,0.6014917662904535,-0.257210255652484,0.76945
12.0,C4,0.16,12000.0,1.0,0.7,2.12137891313943e-05,2.1211289189762005e-05,0.7287974808967583,72.9648166932557,0.09169516023024324,0.9998303240830688,0.9998833447142134,917.0759839706486,917.0997667832177,0.9653431410217354,0.6046748214886337,-0.2654661837658165,0.76945
12.5,C4,0.16,12000.0,1.0,0.7,4.24275782627886e-05,4.2417579281878166e-05,0.722141020111538,72.18670899482704,0.09097218784404339,0.9996607169352659,0.9997667305255054,915.92576003125,915.972964964513,0.9641323789802632,0.6078378278162457,-0.2736880728975869,0.76945
13.0,C4,0.16,12000.0,1.0,0.7,6.364136739418289e-05,6.361887145451605e-05,0.7155771004777501,71.42054561254423,0.0902583216784491,0.99949117852194,0.999650157416193,914.782049104273,914.852318756455,0.9629284727413401,0.6109798027390109,-0.2818736504584215,0.76945
13.5,C4,0.16,12000.0,1.0,0.7,8.48551565255772e-05,8.481516688561341e-05,0.7091044354461331,70.66613734808053,0.08955345103247526,0.9993217088084608,0.9995336253686024,913.6451293999783,913.7381098236613,0.9617317151578718,0.6140998269186173,-0.29002077239478574,0.76945
14.0,C4,0.16,12000.0,1.0,0.7,0.0001060689456569715,0.00010600646675279822,0.7027217563536194,69.92329805524291,0.08885746650908172,0.999152307760219,0.9994171343650687,912.5152606273781,912.6306014795367,0.9605423796077665,0.6171970419366626,-0.298127417816691,0.76945
14.5,C4,0.16,12000.0,1.0,0.7,0.0001272827347883658,0.00012719277223342872,0.6964278121746739,69.19184459052117,0.08817025999974086,0.9989829753426266,0.999300684387937,911.3926848387086,911.5300395173117,0.9593607208828512,0.6202706480674305,-0.30619168384376094,0.76945
15.0,C4,0.16,12000.0,1.0,0.7,0.0001484965239197601,0.00014837408450458334,0.6902213692760881,68.4715967644338,0.08749172466919534,0.9988137115211166,0.9991842754195607,910.2776272383203,910.4366530062536,0.9581869760403372,0.6233199020991438,-0.31421178066017247,0.76945
15.5,C4,0.16,12000.0,1.0,0.7,0.00016971031305115442,0.00016955040474308069,0.684101211175185,67.7623772936578,0.08682175494040327,0.9986445162611431,0.9990679074423029,909.1702969574649,909.3506550544864,0.9570213652183841,0.6263441152033655,-0.32218602676929786,0.76945
16.0,C4,0.16,12000.0,1.0,0.7,0.00019092410218254872,0.0001907217341254297,0.678066138301384,67.06401175393026,0.08616024647966901,0.9984753895281814,0.998951580438536,908.070887796388,908.2722435397952,0.9558640924172505,0.6293426508523519,-0.3301128444394622,0.76945
16.5,C4,0.16,12000.0,1.0,0.7,0.00021213789131394303,0.00021188807382788941,0.6721149677610813,66.3763285337085,0.085507096181957,0.9983063312877275,0.9988352943906416,906.9795789350806,907.2016018097344,0.9547153462474532,0.632314922784188,-0.33799075533259115,0.76945
17.0,C4,0.16,12000.0,1.0,0.7,0.00023335168044533733,0.0002330494250264392,0.6662465331057994,65.69915878857748,0.0848622021563866,0.9981373415052988,0.9987190492810101,905.8965356139869,906.1388993523057,0.953575300646302,0.6352603930155752,-0.34581837630792983,0.76945
17.5,C4,0.16,12000.0,1.0,0.7,0.0002545654695767316,0.0002542057888967586,0.6604596841035588,65.03233639639153,0.08422546371190555,0.9979684201464334,0.9986028450920416,904.8219097859139,905.0842924384165,0.9524441155641199,0.6381785699021715,-0.35359441539341685,0.76945
18.0,C4,0.16,12000.0,1.0,0.7,0.0002757792587081259,0.0002753571666142873,0.6547532865134293,64.37569791313945,0.08359678134314016,0.9977995671766906,0.9984866818061449,903.7558407403308,904.0379247372842,0.9513219376214008,0.641069006246386,-0.36131766791764686,0.76945
18.5,C4,0.16,12000.0,1.0,0.7,0.0002969930478395202,0.0002965035593541454,0.6491262218632152,63.72908252952091,0.08297605671641983,0.9976307825616507,0.9983705594057385,902.6984557012062,902.9999279059002,0.9502089007381117,0.6439312974525164,-0.36898701279566354,0.76945
19.0,C4,0.16,12000.0,1.0,0.7,0.0003182068369709145,0.00031764496829120303,0.6435773872302307,63.09233202822253,0.08236319265597376,0.997462066266915,0.9982544778732498,901.6498703994732,901.9704221536214,0.9491051267362877,0.6467650797291267,-0.3766014089622107,0.76945
19.5,C4,0.16,12000.0,1.0,0.7,0.00033942062610230883,0.0003387813946000606,0.638105695025124,62.46529074188295,0.08175809313029794,0.9972934182581054,0.9981384371911154,900.6101896211785,900.9495167829166,0.9480107259170301,0.6495700283385079,-0.3841598919462797,0.76945
20.0,C4,0.16,12000.0,1.0,0.7,0.00036063441523370314,0.00035991283945501884,0.6327100727787061,61.84780551173546,0.08116066323869023,0.9971248385008652,0.998022437341781,899.5795077323156,899.9373107072488,0.9469257976129638,0.6523458558930705,-0.39166157058117523,0.76945
20.5,C4,0.16,12000.0,1.0,0.7,0.00038184820436509744,0.00038103930403010855,0.6273894629317431,61.239725646917165,0.08057080919795134,0.9969563269608585,0.9979064783077015,898.5579091813142,898.9338929470365,0.9458504307171729,0.6550923106984493,-0.39910562384449144,0.76945
21.0,C4,0.16,12000.0,1.0,0.7,0.00040306199349649175,0.0004021607894990908,0.6221428226276722,60.64090288443452,0.07998843832924996,0.9967878836037699,0.9977905600713413,897.5454689801057,897.9393431045968,0.9447847041895849,0.6578091751430918,-0.406491297822728,0.76945
21.5,C4,0.16,12000.0,1.0,0.7,0.00042427578262788605,0.000423277297035447,0.6169691235081974,60.05119134977419,0.07941345904514956,0.9966195083953057,0.9976746826151732,896.5422531646556,896.9537318189386,0.9437286875417427,0.6604962641340426,-0.413817902795469,0.76945
22.0,C4,0.16,12000.0,1.0,0.7,0.00044548957175928036,0.00044438882781237864,0.6118673515117283,59.47044751814894,0.07884578083679541,0.9964512013011922,0.99755884592168,895.5483192358103,895.977121201234,0.9426824413008529,0.6631534235785989,-0.4210848104342814,0.76945
22.5,C4,0.16,12000.0,1.0,0.7,0.00046670336089067466,0.0004654953830028174,0.6068365066746211,58.89853017636883,0.07828531426125941,0.9962829622871774,0.997443049973353,894.5637165812761,895.0095652517664,0.9416460174539749,0.6657805289114744,-0.42829145111173517,0.76945
23.0,C4,0.16,12000.0,1.0,0.7,0.00048791715002206897,0.0004865969637794154,0.6018756029351822,58.33530038532698,0.07773197092904091,0.9961147913190295,0.9973272947526929,893.5884868795117,894.0511102591179,0.9406194598731702,0.6683774836670499,-0.43543731131609853,0.76945
23.5,C4,0.16,12000.0,1.0,0.7,0.0005091309391534632,0.0005076935713145348,0.596983667940397,57.78062144309064,0.07718566349172166,0.9959466883625377,0.9972115802422097,892.6226644862807,893.101795182331,0.9396028047224007,0.6709442180962646,-0.4425219311675226,0.76945
24.0,C4,0.3,2000.0,1.0,0.77,0.0005971060887806811,0.0005951297081849937,0.5921597428553459,57.203989428668315,0.07661834289668705,0.9952502781089473,0.9967321377278993,891.6042590959395,892.161652016742,0.9385307990483573,0.6736449859755022,-0.4500005721165689,0.76945
24.5,C4,0.3,2000.0,1.0,0.77,0.0006850812384078989,0.0006824804178457166,0.5874028821752688,56.636264762204554,0.07605831889894352,0.9945550345126629,0.9962533938106681,890.596330371958,891.2307061441653,0.9374698214441662,0.6763120601732202,-0.4574106934706718,0.76945
25.0,C4,0.3,2000.0,1.0,0.77,0.0007730563880351168,0.0007697457837611387,0.5827121535402444,56.07730268591388,0.07550549879849232,0.9938609551451344,0.9957753472480881,889.5988762357017,890.3089766680704,0.9364198697217913,0.6789454917775726,-0.46475206813840053,0.76945
25.5,C4,0.3,2000.0,1.0,0.77,0.0008610315376623346,0.0008569258893141706,0.5780866375524433,55.52696085790149,0.07495979103541899,0.9931680375839298,0.9952979968004143,888.6118887260478,889.3964767343722,0.935380935501103,0.6815453544579099,-0.4720245140751417,0.76945
26.0,C4,0.3,2000.0,1.0,0.77,0.0009490066872895525,0.0009440208178062181,0.573525427595924,54.9850993113464,0.07442110517595525,0.9924762794127179,0.9948213412305786,887.6353543224255,888.4932138384288,0.9343530045499217,0.6841117431840269,-0.479227892160288,0.76945
26.5,C4,0.3,2000.0,1.0,0.77,0.0010369818369167702,0.001031030652457332,0.5690276296589329,54.45158041437328,0.07388935189871881,0.9917856782212494,0.9943453793041822,886.6692542534922,887.5991901188155,0.9333360571089392,0.6866447729910203,-0.4863621041587926,0.76945
27.0,C4,0.3,2000.0,1.0,0.77,0.001124956986543988,0.0011179554764062381,0.5645923621586755,53.92626883060181,0.07336444298112908,0.9910962316053403,0.9938701097894894,885.7135647920506,886.7144026384221,0.9323300682021586,0.6891445777890435,-0.4934270907637854,0.76945
27.5,C4,0.3,2000.0,1.0,0.77,0.001212932136171206,0.0012047953727104376,0.5602187557685228,53.40903148036202,0.07284629128599614,0.9904079371668532,0.9933955314574205,884.7682575367883,885.8388436533965,0.9313350079334614,0.6916113092172047,-0.500422829717096,0.76945
28.0,C4,0.3,2000.0,1.0,0.77,0.0013009072857984238,0.001291550424346286,0.5559059532476209,52.89973750256428,0.07233481074828094,0.9897207925136796,0.9929216430815453,883.8332996813983,884.9725008704356,0.930350841769893,0.6940451355408026,-0.5073493340046376,0.76945
28.5,C4,0.3,2000.0,1.0,0.77,0.0013888824354256416,0.0013782207142090741,0.5516531092728688,52.39825821721317,0.07182991636202432,0.9890347952597227,0.9924484434380759,882.9086542716146,884.115357692909,0.929377530812226,0.6964462405910616,-0.5142066501237422,0.76945
29.0,C4,0.3,2000.0,1.0,0.77,0.0014768575850528595,0.001464806325113067,0.5474593902732326,51.90446708855436,0.0713315241674429,0.9883499430248797,0.9919759313058609,881.9942804506726,883.267393456272,0.9284150320533395,0.6988148227465014,-0.5209948564196678,0.76945
29.5,C4,0.3,2000.0,1.0,0.77,0.0015648327346800773,0.0015513073397916753,0.5433239742663629,51.418239688843535,0.07083955123818893,0.9876662334350235,0.9915041054663777,881.0901336936879,882.4285836532148,0.9274632986249346,0.7011510939550332,-0.5277140614885862,0.76945
30.0,C4,0.3,2000.0,1.0,0.77,0.0016528078843072952,0.0016377238408974237,0.5392460506974834,50.9394536627275,0.07035391566877287,0.9869836641219862,0.9910329647037265,880.1961660314191,881.5989001489729,0.9265222800330728,0.7034552787958659,-0.5343644026445014,0.76945
30.5,C4,0.3,2000.0,1.0,0.77,0.001740783033934513,0.0017240559110021213,0.5352248202805197,50.46798869222654,0.06987453656214569,0.9863022327235412,0.9905625078046233,879.3123262638695,880.7783113872009,0.9255919223830206,0.7057276135802704,-0.5409460444476213,0.76945
31.0,C4,0.3,2000.0,1.0,0.77,0.001828758183561731,0.0018103036325968823,0.5312594948414366,50.00372646230853,0.06940133401743939,0.9856219368833856,0.9900927335583936,878.4385601641553,879.9667825868075,0.9246721685938477,0.707968345490237,-0.5474591772918138,0.76945
31.5,C4,0.3,2000.0,1.0,0.77,0.0019167333331889488,0.001896467088092235,0.5273492971637537,49.54655062704429,0.06893422911786314,0.9849427742511231,0.9896236407569653,877.5748106730548,879.164275930121,0.9237629586032156,0.7101777317540584,-0.5539040160489037,0.76945
32.0,C4,0.3,2000.0,1.0,0.77,0.0020047084828161664,0.0019825463598181726,0.5234934608362083,49.09634677633497,0.06847314391875325,0.984264742482247,0.9891552281948629,876.7210180846348,878.3707507427464,0.9228642295627735,0.7123560388578387,-0.5602807987675996,0.76945
32.5,C4,0.3,2000.0,1.0,0.77,0.0020926836324433843,0.0020685415300242815,0.519691230102536,48.653002403201306,0.06801800143577492,0.9835878392381224,0.9886874946691999,875.8771202233347,877.5861636654595,0.9219759160245629,0.7145035417919396,-0.5665897854249733,0.76945
33.0,C4,0.1,4000.0,1.0,0.67,0.002093362520767078,0.0020692048124164217,0.5159418597133413,48.249300854204776,0.06760041355543721,0.9835826200800104,0.9886838878912428,875.1124605316444,876.8104688184666,0.9211710110859415,0.7164445668175351,-0.5723116384531783,0.76945
33.5,C4,0.1,4000.0,1.0,0.67,0.0020940414090907717,0.0020698680898053145,0.5122446147800244,47.851642815752996,0.06718818503999666,0.9835774009889612,0.9886802811536498,874.3565177653726,876.0436179583481,0.920375281858287,0.7183588868150554,-0.5779731804314128,0.76945
34.0,C4,0.1,4000.0,1.0,0.67,0.0020947202974144655,0.0020705313621909895,0.5085987706307422,47.45993491425398,0.0667812500724096,0.9835721819649738,0.9886766744564203,873.6092421727955,875.2855606279899,0.9195886759713636,0.7202467313492684,-0.5835746236514048,0.76945
34.5,C4,0.1,4000.0,1.0,0.67,0.002095399185738159,0.002071194629573476,0.5050036126683701,47.07408525944763,0.0663795436048164,0.983566963008047,0.9886730677995538,872.8705819618784,874.5362442997925,0.9188111389072404,0.7221083360599696,-0.5891161983766864,0.76945
35.0,C4,0.1,4000.0,1.0,0.67,0.002096078074061853,0.0020718578919528253,0.5014584362304377,46.694003420516026,0.0659830013497588,0.98356174411818,0.9886694611830498,872.1404834350724,873.7956145124398,0.9180426141421815,0.7239439421310586,-0.5945981518768025,0.76945
35.5,C4,0.1,4000.0,1.0,0.67,0.0020967569623855467,0.0020725211493290764,0.49796254645101407,46.31960040257632,0.06559155977150391,0.9835565252953714,0.9886658546069076,871.4188911180263,873.0636150014936,0.917283043282133,0.7257537957843693,-0.6000207475000796,0.76945
36.0,C4,0.1,4000.0,1.0,0.67,0.0020974358507092404,0.002073184401702249,0.4945152581245108,45.950788623550174,0.06520515607747211,0.9835513065396204,0.9886622480711268,870.7057478824663,872.340187824072,0.9165323661920698,0.727538147797439,-0.6053842637835372,0.76945
36.5,C4,0.1,4000.0,1.0,0.67,0.002098114739032934,0.0020738476490724045,0.4911158955713799,45.58748189140354,0.06482372820976878,0.9835460878509257,0.9886586415757068,870.0009950634884,871.6252734778581,0.9157905211194615,0.7292972530443965,-0.6106889935985125,0.76945
37.0,C4,0.1,4000.0,1.0,0.67,0.002098793627356628,0.0020745108914395614,0.48776379250567836,45.22959538175154,0.06444721483681763,0.9835408692292865,0.988655035120647,869.3045725714957,870.9188110146749,0.9150574448121007,0.7310313700591725,-0.6159352433306678,0.76945
37.5,C4,0.1,4000.0,1.0,0.67,0.0020994725156803216,0.0020751741288037705,0.4844582919044741,44.87704561582196,0.06407555534509457,0.9835356506747015,0.988651428705947,868.6164189990025,870.2207381488546,0.9143330726305289,0.7327407606202521,-0.6211233320930988,0.76945
38.0,C4,0.1,4000.0,1.0,0.67,0.0021001514040040153,0.0020758373611650615,0.48119874587906714,44.529750438772304,0.06370868983096098,0.9835304321871696,0.9886478223316061,867.9364717225233,869.5309913606183,0.9136173386552876,0.7344256893561858,-0.6262535909712691,0.76945
38.5,C4,0.1,4000.0,1.0,0.67,0.002100830292327709,0.0020765005885234745,0.4779845155480016,44.18762899835446,0.06334655909259469,0.98352521376669,0.9886442159976238,867.2646669997492,868.8495059946752,0.9129101757892097,0.7360864233711192,-0.6313263622986106,0.76945
39.0,C4,0.1,4000.0,1.0,0.67,0.002101509180651403,0.002077163810879049,0.4748149709118426,43.85060172392167,0.06298910462201775,0.9835199954132614,0.9886406097039995,866.6009400622094,868.1762163542423,0.9122115158549572,0.7377232318895874,-0.6363419989616155,0.76945
39.5,C4,0.1,4000.0,1.0,0.67,0.0021021880689750965,0.0020778270282318157,0.4716894907296947,43.518590305772335,0.06263626859721928,0.9835147771268828,0.9886370034507327,865.9452252036086,867.5110557906763,0.911521289688009,0.7393363859198555,-0.6413008637333105,0.76945
40.0,C4,0.1,4000.0,1.0,0.67,0.0021028669572987903,0.002078490240581824,0.46860746239743645,43.19151767482539,0.06228799387437262,0.9835095589075531,0.9886333972378228,865.29745586402,866.8539567888985,0.9108394272252842,0.7409261579351032,-0.6462033286340763,0.76945
40.5,C4,0.1,4000.0,1.0,0.67,0.002103545845622484,0.002079153447929094,0.465568281827648,42.869307982621955,0.061944223980145194,0.9835043407552714,0.9886297910652694,864.6575647101083,866.2048510487953,0.9101658575895877,0.7424928215717503,-0.6510497743187419,0.76945
41.0,C4,0.1,4000.0,1.0,0.67,0.0021042247339461777,0.002079816650273686,0.46257135333120825,42.55188658164822,0.0616049031040998,0.9834991226700364,0.9886261849330717,864.0254837115508,865.5636695627587,0.9095005091700534,0.7440366513442618,-0.6558405894890083,0.76945
41.5,C4,0.1,4000.0,1.0,0.67,0.0021049036222698715,0.0020804798476156293,0.45961608950053756,42.239180005974355,0.0612699760911864,0.983493904651847,0.9886225788412294,863.4011442138142,864.9303426895299,0.9088433096987517,0.7455579223757692,-0.6605761703302248,0.76945
42.0,C4,0.22,9000.0,1.0,0.73,0.0021675182471183035,0.002141625772445099,0.45670191109446434,41.91083199216449,0.06091912001169793,0.9830129291452938,0.9882901584108897,862.7406356899088,864.3048002245042,0.9081480375683251,0.7471633426194055,-0.6655898203955602,0.76945
42.5,C4,0.22,9000.0,1.0,0.73,0.0022301328719667355,0.002202729171745361,0.4538282469246917,41.58737285446089,0.06057278734872429,0.9825325231204096,0.9879580808294987,862.0883128553115,863.686971466644,0.9074613819529596,0.7487448183859658,-0.6705451050181722,0.76945
43.0,C4,0.22,9000.0,1.0,0.73,0.0022927474968151675,0.002263790075091887,0.45099453374384274,41.26872547658955,0.06023092028751049,0.9820526857397343,0.9876263456658889,861.4440945758158,863.0767852821432,0.9067832574482272,0.7503026661002243,-0.6754425057882035,0.76945
43.5,C4,0.22,9000.0,1.0,0.73,0.0023553621216635995,0.0023248085120396054,0.4482002161350622,40.95481399916625,0.059893461718747265,0.9815734161672989,0.9872949524895517,860.807899505214,862.474170164983,0.906113578426541,0.7518372013307402,-0.6802825090954234,0.76945
44.0,C4,0.22,9000.0,1.0,0.73,0.0024179767465120315,0.0023857845121228816,0.44544474640315335,40.645563798779555,0.059560355230269146,0.9810947135686225,0.9869639008706356,860.1796461420889,861.8790542945072,0.9054522590969357,0.7533487385783745,-0.6850656056631182,0.76945
44.5,C4,0.22,9000.0,1.0,0.73,0.0024805913713604635,0.0024467181048555262,0.4427275844672273,40.340901467422796,0.05923154509885309,0.9806165771107095,0.9866331903799452,859.5592528836594,861.2913655901459,0.9047992135617468,0.754837591078509,-0.6897922901024172,0.76945
45.0,C4,0.22,9000.0,1.0,0.73,0.0025432059962088955,0.0025076093197308577,0.44004819775484616,40.04075479226896,0.058906976282116906,0.9801390059620457,0.9863028205889404,858.9466380768017,860.7110317634082,0.9041543558703176,0.7563040706163539,-0.6944630604862602,0.76945
45.5,C4,0.22,9000.0,1.0,0.73,0.0026058206210573275,0.0025684581862216505,0.4374060610976366,39.745052735783084,0.05858659441051558,0.9796619992925961,0.9859727910697343,858.341720066376,860.1379803672592,0.9035176000698695,0.757748487354754,-0.6990784179422688,0.76945
46.0,C4,0.22,9000.0,1.0,0.73,0.0026684352459057595,0.0026292647337801942,0.43480065662835526,39.4537254161664,0.058270345779434636,0.9791855562738015,0.9856431013950933,857.7444172409711,859.5721388429937,0.9028888602536538,0.7591711496739162,-0.7036388662637809,0.76945
46.5,C4,0.22,9000.0,1.0,0.73,0.0027310498707541916,0.002690028991838307,0.43223147367938547,39.166704088127034,0.05795817734137884,0.9787096760785751,0.9853137511384347,857.1546480761818,859.0134345647137,0.9022680506065072,0.760572364022518,-0.708144911538391,0.76945
47.0,C4,0.22,9000.0,1.0,0.73,0.0027936644956026236,0.0027507509898073114,0.4296980086826444,38.88392112397171,0.057650036698255185,0.9782343578812999,0.9849847398738264,856.5723311755288,858.4617948815109,0.901655085447925,0.7619524347796447,-0.7125970617932731,0.76945
47.5,C4,0.22,9000.0,1.0,0.73,0.0028562791204510556,0.002811430757078097,0.4271997650708821,38.60530999501309,0.05734587209374864,0.9777596008578254,0.9846560671759853,855.9973853091207,857.9171471574534,0.9010498792727586,0.7633116641270588,-0.7169958266566996,0.76945
48.0,C4,0.22,9000.0,1.0,0.73,0.0029188937452994876,0.0028720683230211005,0.42473625318035285,38.33080525328788,0.05704563240578977,0.9772854041854652,0.9843277326202763,855.4297294501608,857.3794188094715,0.900452346789643,0.7646503519312942,-0.7213417170350933,0.76945
48.5,C4,0.22,9000.0,1.0,0.73,0.0029815083701479196,0.0029326637169863443,0.42230699015483963,38.060342513580224,0.05674926713911248,0.9768117670429926,0.9839997357827108,854.8692828093938,856.8485373432308,0.8998624029572566,0.7659687956350996,-0.7256352448050385,0.76945
49.0,C4,0.22,9000.0,1.0,0.73,0.0030441229949963516,0.002993216968303417,0.4199114998510125,37.793858435745626,0.05645672641790114,0.9763386886106389,0.9836720762399465,854.31596486758,856.3244303870821,0.8992799630185052,0.7672672901577697,-0.7298769225196584,0.76945
49.5,C4,0.22,9000.0,1.0,0.73,0.0031067376198447836,0.0030537281062815334,0.41754931274510304,37.53129070733032,0.056167960978525465,0.97586616807009,0.9833447535692845,853.7696954060896,855.8070257241693,0.8987049425327258,0.7685461278039238,-0.734067263128823,0.76945
50.0,C4,0.22,9000.0,1.0,0.73,0.0031693522446932156,0.0031141971602095153,0.4152199658408763,37.272578026481256,0.05588292216236221,0.9753942046044827,0.9830177673486703,853.2303945356958,855.2962513227749,0.8981372574059956,0.7698055981803046,-0.7382067797126457,0.76945
0.0,C5,0.18,15000.0,1.15,0.71,0.0,0.0,0.92,95.39932470617993,0.11178947055281566,1.0,1.0,944.8336149185893,944.8336149185893,0.9945616999143045,0.5279503731974511,-0.0701186111499833,0.7827916666666667
0.5,C5,0.19301651217352672,15000.0,1.15,0.7165082560867634,5.6315754502010584e-05,5.629813893082036e-05,0.9106853546561176,94.24695001316324,0.11079237463474595,0.999549716296703,0.9996904081693248,943.6359313239581,943.7101235719426,0.9933009803410084,0.5312563144292888,-0.07842828940391644,0.7827916666666667
1.0,C5,0.2034549444740409,15000.0,1.15,0.7217274722370204,0.0001244112009548111,0.00012432525085851907,0.9015002057568354,93.10393863710912,0.10980073214241587,0.9990058924457664,0.9993164448506171,942.4148229964111,942.5775754658829,0.992015603154117,0.5346290138377116,-0.08691135671905968,0.7827916666666667
1.5,C5,0.20924783736545471,15000.0,1.15,0.7246239186827274,0.00019956222175709126,0.00019934113475056248,0.8924427529835647,91.97380193525997,0.10881741579915719,0.9984065418267389,0.998904224559715,941.17787256202,941.4370649809753,0.9907135500652842,0.538047387154519,-0.09551569343498563,0.7827916666666667
2.0,C5,0.20924783736545471,15000.0,1.15,0.7246239186827274,0.0002747132425593714,0.00027429440567360627,0.8835112210465655,90.86155871293516,0.10784656579597564,0.997808050592007,0.9984925181627509,939.9354184230651,940.2896326818948,0.9894057036032264,0.5414826628070102,-0.10416970584272331,0.7827916666666667
2.5,C5,0.2034549444740409,15000.0,1.15,0.7217274722370204,0.0003428086890121719,0.0003421566405045195,0.8747038593369854,89.77196350906974,0.10689215931186452,0.9972664897374645,0.9981199080684047,938.6974566582388,939.1362676245454,0.9881025859560408,0.5449069521675155,-0.11280381254520994,0.7827916666666667
3.0,C5,0.19301651217352675,15000.0,1.15,0.7165082560867634,0.0003991244435141825,0.00039824074852330633,0.8660189415837336,88.70787353611455,0.1059566655786819,0.9968191436887138,0.997812072892595,937.4706963493139,937.977909567426,0.9868112593150673,0.5483014210897859,-0.12137103519009497,0.7827916666666667
3.5,C5,0.18,15000.0,1.15,0.71,0.0004424131711862961,0.00044132756511980006,0.8574547655151271,87.66956894335038,0.10504046072724096,0.9964756047911132,0.9975756419063088,936.2572497158583,936.815451091199,0.9855339470693245,0.5516599470095163,-0.12985631645809448,0.7827916666666667
4.0,C5,0.16698348782647326,15000.0,1.15,0.7034917439132367,0.0004744879728594927,0.0004732393967112458,0.8490096525252394,86.65519801709128,0.10414216232654881,0.9962212423676974,0.9974005677084753,935.0553283178556,935.6497396302573,0.9842687666503743,0.5549872151866171,-0.13827185329250705,0.7827916666666667
4.5,C5,0.1565450555259591,15000.0,1.15,0.6982725277629795,0.0004988546706842645,0.00049747468829473,0.8406819473448888,85.66183527367517,0.10325947949623651,0.9960281113923208,0.9972676289539365,933.8610807832554,934.4815794199259,0.983011663982374,0.5582936391440427,-0.14664438055794693,0.7827916666666667
5.0,C5,0.15075216263454527,15000.0,1.15,0.6953760813172727,0.0005194285040312664,0.0005179324614555392,0.8324700177172,84.68640719803741,0.10238996938607504,0.9958651125937372,0.9971554249543901,932.6702442474646,933.3117333627807,0.9817581518394364,0.5615907849389954,-0.1550036622788671,0.7827916666666667
5.5,C5,0.15075216263454527,15000.0,1.15,0.6953760813172727,0.0005400023373782684,0.0005383855585417807,0.8243722540776766,83.72605474188977,0.10153133791340967,0.9957021777175307,0.9970432592214424,931.4788089684894,932.1409248174299,0.9805040094405151,0.5648895232570155,-0.16337783502142803,0.7827916666666667
6.0,C5,0.1565450555259591,15000.0,1.15,0.6982725277629795,0.0005643690352030401,0.0005626032147700289,0.8163870692387214,82.77804212304996,0.10068136633192112,0.9955092878191336,0.9969104647856254,930.2828646357025,930.9698393129554,0.9792451206691605,0.5682004470746761,-0.17179447933674968,0.7827916666666667
6.5,C5,0.16698348782647326,15000.0,1.15,0.7034917439132367,0.0005964438368762368,0.000594471833035477,0.8085128980785427,81.83967344307773,0.09983784279369314,0.9952555161261353,0.9967357442235967,929.0784562063809,929.7991261920878,0.9779773223225062,0.5715342631050859,-0.1802816334802828,0.7827916666666667
7.0,C5,0.18,15000.0,1.15,0.71,0.0006397325645483504,0.0006374642879495728,0.800748197234385,80.90863723756028,0.0989988524479743,0.9949132671627612,0.9965000854454592,927.8622292546622,928.6294001860556,0.9766970834259603,0.5748999980790495,-0.18886324180192024,0.7827916666666667
7.5,C5,0.19301651217352672,15000.0,1.15,0.7165082560867634,0.000696048319050361,0.0006933636707354296,0.7930914448000254,79.98380522182678,0.09816345583757201,0.9944684463305352,0.9961937619684551,926.6329357392467,927.4612429239291,0.9754030902518387,0.5783008283200941,-0.1975484850063863,0.7827916666666667
8.0,C5,0.2734549444740409,25000.0,1.8,0.7567274722370204,0.001043002882884972,0.0010369825228544781,0.7855411400274747,78.89159337933285,0.09718469671020007,0.9917384555069642,0.9943128296553944,925.066854267865,926.2952043791626,0.9737545834398579,0.5826314232349289,-0.2086299176940995,0.7827916666666667
8.5,C5,0.2792478373654547,25000.0,1.8,0.7596239186827274,0.0014126797167092922,0.0014016504765969916,0.7780958030328262,77.80499877826286,0.09620803578550327,0.9888494298305668,0.9923205611062815,923.4856758704785,925.1318042559272,0.9720901851268196,0.5870010356775301,-0.21983722335862915,0.7827916666666667
9.0,C5,0.2792478373654547,25000.0,1.8,0.7596239186827274,0.0017823565505336123,0.0017648236213699108,0.770753974506194,76.73805946016462,0.09524543302777003,0.9859806109034627,0.9903404263935615,921.9166438779573,923.9715333177198,0.9704385725031129,0.591333828204804,-0.2309774205045302,0.7827916666666667
9.5,C5,0.2734549444740409,25000.0,1.8,0.7567274722370204,0.0021293111143682233,0.002104319892531249,0.7635142154256829,75.70382782792836,0.0943081844975165,0.9833063502267501,0.9884929589025514,920.3855141331004,922.8148546606251,0.9688268569822109,0.5955583132076376,-0.24186680337404215,0.7827916666666667
10.0,C5,0.26301651217352673,25000.0,1.8,0.7515082560867634,0.0024372610029083242,0.0024045555565245257,0.7563751067753361,74.71070398924263,0.09340375167732759,0.9809473952507292,0.9868620112426733,918.9095422385117,921.662204933521,0.9672732023563281,0.5996267330724971,-0.2523810658039723,0.7827916666666667
10.5,C5,0.25,25000.0,1.8,0.745,0.0027000402971602564,0.002659941086824692,0.7493352492670035,73.76074663622893,0.0925342260084975,0.978945283023273,0.9854768177765205,917.4940882111974,920.5139955074093,0.9657832507486289,0.6035243363541414,-0.2624800977715074,0.7827916666666667
11.0,C5,0.23698348782647333,25000.0,1.8,0.7384917439132367,0.0029214578287632344,0.0028745505464268105,0.7423932630660761,72.8502779412712,0.09169675289097313,0.9772659976525165,0.9843142944446546,916.1335499341741,919.3706135959739,0.9643511051938675,0.6072666521124702,-0.27220201083240003,0.7827916666666667
11.5,C5,0.2265450555259591,25000.0,1.8,0.7332725277629796,0.003112427313368913,0.0030592245729856534,0.735547787521035,71.97190396322043,0.09088520299939487,0.9758232584862975,0.9833150269492814,914.815050940385,918.2324233293764,0.9629632115161948,0.6108891864533866,-0.2816373118493638,0.7827916666666667
12.0,C5,0.2207521626345453,25000.0,1.8,0.7303760813172726,0.003287534663225644,0.0032282153309829685,0.7287974808967583,71.11663882880042,0.0900919735944399,0.9745049089456621,0.9824015102140817,913.5224176589423,917.0997667832177,0.9616025449041499,0.6144363769810326,-0.29090072601173644,0.7827916666666667
12.5,C5,0.22075216263454528,25000.0,1.8,0.7303760813172726,0.0034626420130823747,0.0033968776139218504,0.722141020111538,70.27529135646327,0.08930918173028496,0.9731908978600348,0.9814906153237201,912.2388183075684,915.972964964513,0.9602513876921773,0.6179542818063163,-0.30011237994032497,0.7827916666666667
13.0,C5,0.22654505552595913,25000.0,1.8,0.7332725277629796,0.0036536114976880533,0.00358044449849932,0.7155771004777501,69.43916021584377,0.08852927240625161,0.9717627817662245,0.9805001849262295,910.948114359716,914.852318756455,0.9588927519575958,0.621486838559243,-0.3093880981518195,0.7827916666666667
13.5,C5,0.23698348782647324,25000.0,1.8,0.7384917439132366,0.003875029029291031,0.0037927921238160123,0.7091044354461331,68.60069596639178,0.087745606436591,0.9701133710040887,0.9793557155036664,909.6361712223465,913.7381098236613,0.9575117591814174,0.6250722601246308,-0.3188299315425766,0.7827916666666667
14.0,C5,0.25,25000.0,1.8,0.745,0.004137808323542963,0.004044130234365396,0.7027217563536194,67.75470535457973,0.0869535358536649,0.9681647190491183,0.9780028290239189,908.2932475160337,912.6306014795367,0.9560981552800355,0.6287365197188772,-0.32850884121463625,0.7827916666666667
14.5,C5,0.26301651217352673,25000.0,1.8,0.7515082560867634,0.004445758212083064,0.004337739858884492,0.6964278121746739,66.8999771946582,0.08615187343740349,0.9658932879125621,0.9764247727924729,906.9172498556302,911.5300395173117,0.9546497366901371,0.6324845520420395,-0.3384409809129312,0.7827916666666667
15.0,C5,0.27345494447404084,25000.0,1.8,0.7567274722370204,0.004792712775917675,0.004667336501524674,0.6902213692760881,66.04044214694554,0.08534398057473842,0.9633498012061688,0.9746563313777608,905.5161296960797,910.4366530062536,0.9531748733642944,0.636293906388204,-0.3485699548001149,0.7827916666666667
15.5,C5,0.2792478373654547,25000.0,1.8,0.7596239186827274,0.0051623896097419955,0.005017123285604719,0.684101211175185,65.18481550021737,0.08453752954343265,0.9606578331908541,0.9727830634070206,904.1073345000486,909.3506550544864,0.9516919310526828,0.640116506407499,-0.3587702271122627,0.7827916666666667
16.0,C5,0.2792478373654547,25000.0,1.8,0.7596239186827274,0.005532066443566316,0.005365476260058995,0.678066138301384,64.34437556355573,0.08374259456337992,0.9579843760391172,0.970921052423541,902.7135629207143,908.2722435397952,0.950224803074436,0.6438904359632777,-0.3688773750125481,0.7827916666666667
16.5,C5,0.2734549444740409,25000.0,1.8,0.7567274722370204,0.005879021007400927,0.00569111855376199,0.6721149677610813,63.52964523788533,0.08296871434526282,0.9554919421798985,0.9691836574816421,901.3562654746753,907.2016018097344,0.9487960689207109,0.6475576827824374,-0.37873503434966005,0.7827916666666667
17.0,C5,0.26301651217352673,25000.0,1.8,0.7515082560867634,0.006186970895941028,0.005979102365601116,0.6662465331057994,62.74743483527343,0.08222221316679755,0.9532931463293837,0.9676497719490846,900.0497434511443,906.1388993523057,0.9474207825801519,0.6510800272605899,-0.388237957979575,0.7827916666666667
17.5,C5,0.25,25000.0,1.8,0.745,0.00644975019019296,0.006224066263381259,0.6604596841035588,61.999464345404256,0.08150489357427515,0.9514267964412457,0.9663469338749432,898.7982928088518,905.0842924384165,0.9461034661145808,0.6544465135478071,-0.3973532661179592,0.7827916666666667
18.0,C5,0.23698348782647327,25000.0,1.8,0.7384917439132366,0.006671167721795938,0.006429918057971315,0.6547532865134293,61.28283044952717,0.0808143811134311,0.9498612625591445,0.9652534696156514,897.5969915152181,904.0379247372842,0.9448389384370717,0.6576710371229932,-0.4061152437125705,0.7827916666666667
18.5,C5,0.15654505552595913,15000.0,1.15,0.6982725277629795,0.006695534419620709,0.006452540850194263,0.6491262218632152,60.66656452088593,0.0802136650715833,0.9496893700025041,0.9651333750794383,896.5847445130726,902.9999279059002,0.9437734152769185,0.6603825553479619,-0.41350741716964073,0.7827916666666667
19.0,C5,0.1507521626345453,15000.0,1.15,0.6953760813172727,0.006716108252967711,0.006471637461842888,0.6435773872302307,60.06139573325754,0.07962209958831355,0.9495442942919181,0.965032011127837,895.5843106109807,901.9704221536214,0.942720326958927,0.6630572946807894,-0.42082152748748713,0.7827916666666667
19.5,C5,0.15075216263454527,15000.0,1.15,0.6953760813172727,0.006736682086314713,0.006490729708540374,0.638105695025124,59.46544977467529,0.07903802673149937,0.9493992738959263,0.9649306809873843,894.5923453397219,900.9495167829166,0.941676152989181,0.665704214986031,-0.4280817955802533,0.7827916666666667
20.0,C5,0.1565450555259591,15000.0,1.15,0.6982725277629795,0.006761048784139485,0.006513336038779514,0.6327100727787061,58.87692403495026,0.07845983668852871,0.949227589952854,0.9648107139666001,893.6056001515894,899.9373107072488,0.9406374738437784,0.6683319573042623,-0.4353118489795501,0.7827916666666667
20.5,C5,0.16698348782647324,15000.0,1.15,0.7034917439132367,0.006793123585812681,0.006543084272959729,0.6273894629317431,58.294032583692136,0.07788591811737779,0.9490017140744642,0.9646528690970465,892.6208147285621,898.9338929470365,0.9396008576090127,0.6709491289295121,-0.4425355070924541,0.7827916666666667
21.0,C5,0.17999999999999997,15000.0,1.15,0.71,0.006836412313484795,0.006583216217373317,0.6221428226276722,57.715235592452295,0.07731486953604635,0.9486970807068974,0.964439968919915,891.6351833846917,897.9393431045968,0.9385633509312544,0.673563063714405,-0.44977335445105193,0.7827916666666667
21.5,C5,0.19301651217352672,15000.0,1.15,0.7165082560867634,0.006892728067986805,0.006635396324957275,0.6169691235081974,57.13977364605332,0.07674599545463169,0.9483011384280029,0.9641632234361388,890.6474463037102,896.9537318189386,0.937523627688116,0.6761769463363415,-0.4570346959710593,0.7827916666666667
22.0,C5,0.2034549444740408,15000.0,1.15,0.7217274722370204,0.006960823514439606,0.006698447468146501,0.6118673515117283,56.568202817753395,0.07617981104923474,0.9478229272782566,0.9638289276392298,889.6589966264812,895.977121201234,0.9364831543436645,0.6787869341789816,-0.4643093422338242,0.7827916666666667
22.5,C5,0.20924783736545471,15000.0,1.15,0.7246239186827274,0.007035974535241886,0.006767976176667437,0.6068365066746211,56.00249758294468,0.07561815377916332,0.9472958666429052,0.9634604223102381,888.6741205088963,895.0095652517664,0.9354464426409435,0.6813816041685006,-0.4715657314561758,0.7827916666666667
23.0,C5,0.20924783736545471,15000.0,1.15,0.7246239186827274,0.007111125556044166,0.00683744685216064,0.6018756029351822,55.4455027811967,0.07506369085998259,0.9467695386439183,0.963092365275017,887.6989091621653,894.0511102591179,0.9344199043812266,0.6839448996075144,-0.4787588406611507,0.7827916666666667
23.5,C5,0.2034549444740409,15000.0,1.15,0.7217274722370204,0.0071792210024969666,0.006900345178492818,0.596983667940397,54.89993900281094,0.07451900174768894,0.9462932567280853,0.9627592499590927,886.7392409887534,893.101795182331,0.9334097273565826,0.6864614749273834,-0.4858450226756145,0.7827916666666667
24.0,C5,0.19301651217352678,15000.0,1.15,0.7165082560867634,0.007235536756998977,0.00695232691085109,0.5921597428553459,54.367473616968425,0.07398570707164807,0.9458998188376583,0.9624840368874984,885.7988716813634,892.161652016742,0.932419864927751,0.6889216826099122,-0.49279614513514847,0.7827916666666667
24.5,C5,0.18000000000000002,15000.0,1.15,0.71,0.007278825484671091,0.006992262062672325,0.5874028821752688,53.84832224618189,0.07346408158890871,0.9455976698827021,0.9622726568986887,884.8785911672504,891.2307061441653,0.9314511485971058,0.6913237061839218,-0.49960592136322435,0.7827916666666667
25.0,C5,0.16698348782647326,15000.0,1.15,0.7034917439132367,0.007310900286344287,0.007021839644405346,0.5827121535402444,53.34148683687063,0.0729532605124652,0.9453739484133661,0.962116130290776,883.9766829869413,890.3089766680704,0.9305017715652014,0.6936722739196138,-0.5062866233312646,0.7827916666666667
25.5,C5,0.15654505552595913,15000.0,1.15,0.6982725277629795,0.007335266984169059,0.007044302200826776,0.5780866375524433,52.84534735496906,0.07245178314432411,0.9452040795513341,0.9619972738996944,883.090120882199,889.3964767343722,0.9295685482970516,0.6959754767806277,-0.512860298909855,0.7827916666666667
26.0,C5,0.15075216263454527,15000.0,1.15,0.6953760813172727,0.007355840817516061,0.007063263552387102,0.573525427595924,52.358185443091784,0.07195808079548265,0.9450607116506167,0.9618969549039829,882.2156401320827,888.4932138384288,0.9286480422442976,0.6982419546048031,-0.5193508621530534,0.7827916666666667
26.5,C5,0.15075216263454527,15000.0,1.15,0.6953760813172727,0.007376414650863063,0.007082220569912967,0.5690276296589329,51.87839149732409,0.07147067209421543,0.9449173982582791,0.9617966692962657,881.3501659323874,887.5991901188155,0.9277370167709341,0.7004797817721762,-0.5257809147614325,0.7827916666666667
27.0,C5,0.15654505552595907,15000.0,1.15,0.6982725277629795,0.007400781348687834,0.0071046667809497805,0.5645923621586755,51.404413323752394,0.07098811566439021,0.9447477349692577,0.9616779388247275,880.4907102159053,886.7144026384221,0.9268323265430582,0.7026967377806981,-0.532172504522863,0.7827916666666667
27.5,C5,0.16698348782647324,15000.0,1.15,0.7034917439132367,0.007432856150361031,0.007134204310275342,0.5602187557685228,50.934708600102255,0.07050896559408659,0.9445245172320829,0.9615217207676248,879.6342749923194,885.8388436533965,0.9259308157813889,0.7049005568721775,-0.5385478405803147,0.7827916666666667
28.0,C5,0.17999999999999997,15000.0,1.15,0.71,0.007476144878033144,0.007174052002673703,0.5559059532476209,50.4679440822685,0.0700319615262409,0.94422346823966,0.9613110145382007,878.7782684402939,884.9725008704356,0.9250297562529409,0.7070978590037607,-0.5449261911468924,0.7827916666666667
28.5,C5,0.19301651217352672,15000.0,1.15,0.7165082560867634,0.007532460632535155,0.007225862521867379,0.5516531092728688,50.003460657535925,0.0695564756419896,0.9438321836708935,0.9610371204389576,877.9214801654917,884.115357692909,0.9241278738584123,0.7092916664957059,-0.5513165911729222,0.7827916666666667
29.0,C5,0.20345494447404086,15000.0,1.15,0.7217274722370204,0.0076005560789879556,0.007288467077811072,0.5474593902732326,49.54174123554801,0.06908296887869883,0.9433595964672675,0.9607062682406399,877.0650726044254,883.267393456272,0.9232263922151847,0.7114789181721471,-0.5577103870825462,0.7827916666666667
29.5,C5,0.20924783736545471,15000.0,1.15,0.7246239186827274,0.0076757070997902355,0.007357503318902352,0.5433239742663629,49.08450474938879,0.06861309461694537,0.9428387323102214,0.9603415579626081,876.2127993777395,882.4285836532148,0.9223292625028837,0.713649991643298,-0.5640795178174557,0.7827916666666667
30.0,C5,0.2792478373654547,25000.0,1.8,0.7596239186827274,0.008045383933614555,0.007696262850801213,0.5392460506974834,48.529382162879315,0.06804821358748508,0.9402870266694996,0.9585539370956524,875.1500426467732,881.5989001489729,0.9212105712071297,0.7163492761105225,-0.5720302993717944,0.7827916666666667
30.5,C5,0.2734549444740409,25000.0,1.8,0.7567274722370204,0.008392338497449166,0.00801293714116466,0.5352248202805197,47.99170570508432,0.0674989776814004,0.9379079237296128,0.9568858685290876,874.118223347737,880.7783113872009,0.9201244456291968,0.7189613820236567,-0.5797588723929504,0.7827916666666667
31.0,C5,0.2630165121735268,25000.0,1.8,0.7515082560867634,0.008700288385989267,0.008292990042811059,0.5312594948414366,47.47655644197671,0.0669704390770636,0.9358089652011532,0.9554131203984341,873.1283651959238,879.9667825868075,0.9190824896799198,0.7214591676915763,-0.5871817251265137,0.7827916666666667
31.5,C5,0.25,25000.0,1.8,0.745,0.008963067680241198,0.00853120777433502,0.5273492971637537,46.98529680719726,0.06646408822129361,0.9340272531713479,0.9541621601757261,872.1837135708861,879.164275930121,0.9180881195483012,0.7238353766732916,-0.594273430088637,0.7827916666666667
32.0,C5,0.23698348782647327,25000.0,1.8,0.7384917439132366,0.009184485211844177,0.008731390527719337,0.5234934608362083,46.515885362284514,0.06597810640701843,0.9325326410948177,0.9531122008409095,871.2803276086568,878.3707507427464,0.9171371869564808,0.7261008316154997,-0.6010625333964115,0.7827916666666667
32.5,C5,0.22654505552595913,25000.0,1.8,0.7332725277629796,0.009375454696449856,0.008903650199700491,0.519691230102536,46.0640422799562,0.06550846031768286,0.9312484240383574,0.9522096230992951,870.4094858081501,877.5861636654595,0.9162205113770001,0.7282781532623228,-0.6076137283957186,0.7827916666666667
33.0,C5,0.2207521626345453,25000.0,1.8,0.7303760813172726,0.009550562046306587,0.009061280880543372,0.5159418597133413,45.624494348411666,0.06505009610370344,0.9300748175944942,0.9513844448712788,869.5602892878079,876.8104688184666,0.9153266203029556,0.7303951133719635,-0.6140084047846671,0.7827916666666667
33.5,C5,0.22075216263454528,25000.0,1.8,0.7303760813172726,0.009725669396163318,0.009218605167428886,0.5122446147800244,45.19179542908102,0.06459773577729436,0.9289049670730906,0.9505615835904078,868.7213908505744,876.0436179583481,0.914443569316394,0.7324802752853663,-0.620331668593186,0.7827916666666667
34.0,C5,0.22654505552595916,25000.0,1.8,0.7332725277629796,0.009916638880768998,0.009389832122908986,0.5085987706307422,44.76074257886246,0.06414628635866801,0.9276334096160295,0.9496668152670416,867.8818803685251,875.2855606279899,0.9135598740721317,0.7345607913921058,-0.6266656615670914,0.7827916666666667
34.5,C5,0.23698348782647322,25000.0,1.8,0.7384917439132366,0.010138056412371975,0.009587905089447006,0.5050036126683701,44.326777785430004,0.063691239347058,0.9261646607906819,0.9486328103142079,867.032146891348,874.5362442997925,0.9126654177803664,0.7366602875920575,-0.6330830280259298,0.7827916666666667
35.0,C5,0.24999999999999997,25000.0,1.8,0.745,0.010400835706623906,0.009822347481191828,0.5014584362304377,43.88672283863306,0.06322940492853577,0.9244292306671542,0.9474103999946167,866.165458889459,873.7956145124398,0.9117531146204833,0.7387950129439,-0.6396349207095647,0.7827916666666667
35.5,C5,0.26301651217352673,25000.0,1.8,0.7515082560867634,0.010708785595164007,0.01009621976606378,0.49796254645101407,43.43978027150434,0.0627599218886856,0.9224060434912306,0.9459843922799495,865.2801278094133,873.0636150014936,0.9108211871678035,0.7409686322471084,-0.6463345216660594,0.7827916666666667
36.0,C5,0.27345494447404084,25000.0,1.8,0.7567274722370204,0.011055740158998618,0.010403659911303698,0.4945152581245108,42.98826653691414,0.06228501900364436,0.9201401539512618,0.944386159219254,864.3811191929992,872.340187824072,0.9098748623084202,0.7431684831331122,-0.6531446433699191,0.7827916666666667
36.5,C5,0.27924783736545467,25000.0,1.8,0.7596239186827274,0.011425416992822937,0.010729932954739927,0.4911158955713799,42.53743349841853,0.061809881297498565,0.9177415502846141,0.942692976278579,863.4797242870937,871.6252734778581,0.9089260255653618,0.7453666540345221,-0.6599799564440499,0.7827916666666667
37.0,C5,0.2792478373654547,25000.0,1.8,0.7596239186827274,0.011795093826647257,0.011054868573631823,0.48776379250567836,42.0941500014589,0.061341373306902,0.9153589929881786,0.9410097509200378,862.5907787761314,870.9188110146749,0.9079902934485594,0.7475270092340611,-0.6667278571557398,0.7827916666666667
37.5,C5,0.27345494447404095,25000.0,1.8,0.7567274722370205,0.012142048390481868,0.011358620193400603,0.4844582919044741,41.664892261625575,0.06088604400457271,0.9131373591665674,0.9394389805781421,861.7283650303368,870.2207381488546,0.9070824895056177,0.7496157331670086,-0.6732810068922596,0.7827916666666667
38.0,C5,0.2630165121735268,25000.0,1.8,0.7515082560867634,0.012449998279021969,0.011627244849978874,0.48119874587906714,41.25392480606129,0.06044828645377109,0.911177136501399,0.9380520447801596,860.9018817678781,869.5309913606183,0.9062125071240822,0.7516107570588562,-0.6795672918371917,0.7827916666666667
38.5,C5,0.24999999999999994,25000.0,1.8,0.745,0.0127127775732739,0.011855741523090556,0.4779845155480016,40.862424954701474,0.0600294193365102,0.9095130503629134,0.9368739054948062,860.114113848766,868.8495059946752,0.9053832777355432,0.7535061840435588,-0.6855647254507364,0.7827916666666667
39.0,C5,0.2369834878264733,25000.0,1.8,0.7384917439132367,0.012934195104876879,0.012047755328570236,0.4748149709118426,40.48873182701389,0.059627895840237706,0.9081170103777572,0.9358850177758059,859.3617185918806,868.1762163542423,0.9045912827282954,0.7553108528733303,-0.6912979907130812,0.7827916666666667
39.5,C5,0.22654505552595908,25000.0,1.8,0.7332725277629796,0.013125164589482556,0.012212985522423565,0.4716894907296947,40.129308081281025,0.059240244056310315,0.9069174165915501,0.9350349035657718,858.6372635079882,867.5110557906763,0.9038286984294613,0.7570432450962911,-0.6968230968240058,0.7827916666666667
40.0,C5,0.2207521626345453,25000.0,1.8,0.7303760813172726,0.013300271939339288,0.012364183696978023,0.46860746239743645,39.779773444557954,0.05886209755520366,0.9058210857152464,0.9342576611459583,857.9314401226768,866.8539567888985,0.9030857264449229,0.7587260795451212,-0.7022105922280726,0.7827916666666667
40.5,C5,0.22075216263454525,25000.0,1.8,0.7303760813172726,0.013475379289196019,0.012515087980731523,0.465568281827648,39.435588182843155,0.05848888446253762,0.9047282072709439,0.9334825736839218,857.2345374707512,866.2048510487953,0.9023521447060538,0.7603827619762619,-0.7075343467609321,0.7827916666666667
41.0,C5,0.22654505552595908,25000.0,1.8,0.7332725277629796,0.013666348773801696,0.012679327600611837,0.46257135333120825,39.09240116225745,0.0581161824718407,0.9035402501454987,0.9326397228954735,856.5371982573494,865.5636695627587,0.9016181034287888,0.7620355888322546,-0.7128657701224859,0.7827916666666667
41.5,C5,0.23698348782647333,25000.0,1.8,0.7384917439132367,0.013887766305404675,0.012869317714268629,0.45961608950053756,38.746387418318506,0.05774006663289621,0.9021679835594677,0.9316656740998729,855.8311573005182,864.9303426895299,0.9008749024215981,0.7637040163689619,-0.7182681455468094,0.7827916666666667
42.0,C5,0.24999999999999994,25000.0,1.8,0.745,0.014150545599656606,0.013094193109594315,0.45670191109446434,38.39486685163942,0.05735774959882545,0.9005464395226002,0.9305140886183232,855.110597552544,864.3048002245042,0.9001164184763621,0.7654015019169156,-0.723786210820019,0.7827916666666667
42.5,C5,0.19301651217352678,15000.0,1.15,0.7165082560867634,0.014206861354158617,0.013142300374048788,0.4538282469246917,38.1025044824475,0.05703574046035592,0.9001999236008524,0.9302679165067245,854.516612289106,863.686971466644,0.8994911708306379,0.7667967885560749,-0.7283384628867925,0.7827916666666667
43.0,C5,0.20345494447404086,15000.0,1.15,0.7217274722370204,0.014274956800611418,0.013200430151084606,0.45099453374384274,37.811445209491865,0.05671475045814956,0.8997813935578548,0.9299705445800723,853.9233438390818,863.0767852821432,0.8988666777253492,0.7681867448820006,-0.7328883810558274,0.7827916666666667
43.5,C5,0.20924783736545466,15000.0,1.15,0.7246239186827274,0.014350107821413698,0.013264531896421431,0.4482002161350622,37.52290604230584,0.056396035713917346,0.8993200913870719,0.9296427323275392,853.3335064268817,862.474170164983,0.8982457962388228,0.7695650284748028,-0.7374151205670195,0.7827916666666667
44.0,C5,0.20924783736545477,15000.0,1.15,0.7246239186827274,0.014425258842215979,0.0133285801384149,0.44544474640315335,37.238654951911286,0.05608143305126237,0.8988594104536245,0.92931530909607,852.7510317328815,861.8790542945072,0.8976326649819806,0.7709225306230574,-0.7418884261487939,0.7827916666666667
44.5,C5,0.20345494447404083,15000.0,1.15,0.7217274722370204,0.01449335428866878,0.013386569026493319,0.4427275844672273,36.96040008929005,0.05577273201063978,0.8984425163000067,0.9290189615689888,852.1797367333271,861.2913655901459,0.8970313018245548,0.7722505053063107,-0.7462788426880668,0.7827916666666667
45.0,C5,0.19301651217352678,15000.0,1.15,0.7165082560867634,0.01454967004317079,0.013434493399614575,0.44004819775484616,36.68921096137411,0.0554710722431091,0.8980981239683383,0.9287741192562406,851.6220521059989,860.7110317634082,0.8964442653747358,0.7735435076616819,-0.7505675030514349,0.7827916666666667
45.5,C5,0.18000000000000016,15000.0,1.15,0.7100000000000001,0.014592958770842905,0.013471311470688932,0.4374060610976366,36.42526209777556,0.05517666966928218,0.8978336329979598,0.9285860621041712,851.0784505881403,860.1379803672592,0.895872053250674,0.7748006701487593,-0.7547505664458152,0.7827916666666667
46.0,C5,0.1669834878264733,15000.0,1.15,0.7034917439132367,0.014625033572516101,0.01349858041688772,0.43480065662835526,36.167971110676596,0.0548889514138875,0.8976377905441364,0.9284468039488194,850.5477394810731,859.5721388429937,0.8953134099800769,0.7760249699432682,-0.758837015273813,0.7827916666666667
46.5,C5,0.1565450555259592,15000.0,1.15,0.6982725277629795,0.014649400270340873,0.013519289690826084,0.43223147367938547,35.91636045861791,0.05460692664187829,0.8974890874473948,0.9283410589455638,850.0278482506538,859.0134345647137,0.8947661560533199,0.7772213714462278,-0.7628426246972121,0.7827916666666667
47.0,C5,0.1507521626345453,15000.0,1.15,0.6953760813172727,0.014669974103687875,0.01353677104140512,0.4296980086826444,35.669381725742824,0.054329522573829996,0.8973635816526143,0.9282518056310751,849.5165389852108,858.4617948815109,0.8942279357739061,0.7783951741011745,-0.7667845028828394,0.7827916666666667
47.5,C5,0.1507521626345453,15000.0,1.15,0.6953760813172727,0.014690547937034877,0.013554248396236505,0.4271997650708821,35.426045228530974,0.05405572000569759,0.8972381220897894,0.9281625812955192,849.011691946574,857.9171471574534,0.893696517838499,0.7795513561599094,-0.7706788897449021,0.7827916666666667
48.0,C5,0.15654505552595907,15000.0,1.15,0.6982725277629795,0.014714914634859648,0.013574942600605695,0.42473625318035285,35.18538837300988,0.05378452075962954,0.897089593352334,0.9280569455834641,848.5112367109277,857.3794188094715,0.8931697228536082,0.7806947362260828,-0.7745416845241876,0.7827916666666667
48.5,C5,0.1669834878264731,15000.0,1.15,0.7034917439132365,0.014746989436532845,0.013602174620629995,0.42230699015483963,34.946445948309396,0.053514916731982935,0.8968941781451522,0.9279179552331489,848.0130870815142,856.8485373432308,0.8926453548226465,0.7818301234600906,-0.778388946573619,0.7827916666666667
49.0,C5,0.17999999999999994,15000.0,1.15,0.71,0.014790278164204959,0.01363891205880075,0.4199114998510125,34.70837642852169,0.053246023065912605,0.8966306201215131,0.927730482866943,847.5154207991505,856.3244303870821,0.8921214955780532,0.7829616821704761,-0.7822347330600256,0.7827916666666667
49.5,C5,0.19301651217352678,15000.0,1.15,0.7165082560867634,0.01484659391870697,0.013686678582554328,0.41754931274510304,34.47075902278518,0.052977393105009415,0.8962880541559093,0.9274867853491414,847.0173391510783,855.8070257241693,0.8915971991063982,0.784091444578475,-0.786085991106089,0.7827916666666667
50.0,C5,0.20345494447404083,15000.0,1.15,0.7217274722370204,0.01491468936515977,0.01374439663006874,0.4152199658408763,34.23389677410306,0.0527093431636182,0.8958742937170684,0.9271924020825871,846.5195439000668,855.2962513227749,0.8910732041053334,0.7852178061884907,-0.7899372980910122,0.7827916666666667
0.0,S0,0.0,0.0,1.0,0.62,0.0,0.0,0.92,95.39932470617993,0.11178947055281566,1.0,1.0,944.8336149185893,944.8336149185893,0.9945616999143045,0.5279503731974511,-0.0701186111499833,0.7665333333333333
0.5,S0,0.0,0.0,1.0,0.62,0.0,0.0,0.9106853546561176,94.28940699652732,0.11082668567125058,1.0,1.0,943.7101235719426,943.7101235719426,0.9933790774441501,0.5310514615019692,-0.07791322797556555,0.7665333333333333
1.0,S0,0.0,0.0,1.0,0.62,0.0,0.0,0.9015002057568354,93.19658606734745,0.10987583833750424,1.0,1.0,942.5775754658829,942.5775754658829,0.9921869215430347,0.5341793778088021,-0.0857800769516693,0.7665333333333333
1.5,S0,0.0,0.0,1.0,0.62,0.0,0.0,0.8924427529835647,92.12059224589984,0.10893678605385859,1.0,1.0,941.4370649809753,941.4370649809753,0.9909863841905002,0.5373309485325439,-0.09371179188194498,0.7665333333333333
2.0,S0,0.0,0.0,1.0,0.62,0.0,0.0,0.8835112210465655,91.0611601690589,0.10800938798661786,1.0,1.0,940.2896326818948,940.2896326818948,0.9897785607177839,0.5405031336451201,-0.10170134729073353,0.7665333333333333
2.5,S0,0.0,0.0,1.0,0.62,0.0,0.0,0.8747038593369854,90.0180287143737,0.10709350494644058,1.0,1.0,939.1362676245454,939.1362676245454,0.9885644922363637,0.5436930221931062,-0.1097420438299244,0.7665333333333333
3.0,S0,0.0,0.0,1.0,0.62,0.0,0.0,0.8660189415837336,88.99094093222611,0.10618899936890935,1.0,1.0,937.977909567426,937.977909567426,0.9873451679657116,0.5468978280293219,-0.1178274943604774,0.7665333333333333
3.5,S0,0.0,0.0,1.0,0.62,0.0,0.0,0.8574547655151271,87.97964397906979,0.10529573529533538,1.0,1.0,936.815451091199,936.815451091199,0.98612152746442,0.5501148857380718,-0.12595161067234195,0.7665333333333333
4.0,S0,0.0,0.0,1.0,0.62,0.0,0.0,0.8490096525252394,86.98388905173287,0.10441357835379532,1.0,1.0,935.6497396302573,935.6497396302573,0.9848944627686919,0.5533416467355133,-0.13410859080878584,0.7665333333333333
4.5,S0,0.0,0.0,1.0,0.62,0.0,0.0,0.8406819473448888,86.00343132276738,0.10354239574039763,1.0,1.0,934.4815794199259,934.4815794199259,0.9836648204420272,0.5565756755286049,-0.14229290696331906,0.7665333333333333
5.0,S0,0.0,0.0,1.0,0.62,0.0,0.0,0.8324700177172,85.03802987682852,0.10268205620077568,1.0,1.0,933.3117333627807,933.3117333627807,0.9824334035397692,0.5598146461178707,-0.1504992939193695,0.7665333333333333
5.5,S0,0.0,0.0,1.0,0.62,0.0,0.0,0.8243722540776766,84.08744764806761,0.10183243001180518,1.0,1.0,932.1409248174299,932.1409248174299,0.9812009734920315,0.5630563385308658,-0.15872273800470535,0.7665333333333333
6.0,S0,0.0,0.0,1.0,0.62,0.0,0.0,0.8163870692387214,83.1514513585224,0.10099338896354303,1.0,1.0,930.9698393129554,930.9698393129554,0.9799682519083741,0.5662986354747178,-0.16695846653431892,0.7665333333333333
6.5,S0,0.0,0.0,1.0,0.62,0.0,0.0,0.8085128980785427,82.22981145748872,0.10016480634138532,1.0,1.0,929.7991261920878,929.7991261920878,0.9787359223074609,0.5695395190974857,-0.17520193771706666,0.7665333333333333
7.0,S0,0.0,0.0,1.0,0.62,0.0,0.0,0.800748197234385,81.3223020618582,0.09934655690844167,1.0,1.0,928.6294001860556,928.6294001860556,0.9775046317747954,0.5727770678493076,-0.1834488310028326,0.7665333333333333
7.5,S0,0.0,0.0,1.0,0.62,0.0,0.0,0.7930914448000254,80.42870089740612,0.09853851688812361,1.0,1.0,927.4612429239291,927.4612429239291,0.9762749925515044,0.5760094534354313,-0.19169503784836972,0.7665333333333333
8.0,S0,0.0,0.0,1.0,0.62,0.0,0.0,0.7855411400274747,79.54878924101462,0.09774056394694416,1.0,1.0,926.2952043791626,926.2952043791626,0.9750475835570133,0.5792349378542269,-0.1999366528812484,0.7665333333333333
8.5,S0,0.0,0.0,1.0,0.62,0.0,0.0,0.7780958030328262,78.68235186381638,0.09695257717752662,1.0,1.0,925.1318042559272,925.1318042559272,0.9738229518483444,0.5824518705141782,-0.20816996544252026,0.7665333333333333
9.0,S0,0.0,0.0,1.0,0.62,0.0,0.0,0.770753974506194,77.82917697524383,0.09617443708181965,1.0,1.0,923.9715333177198,923.9715333177198,0.9726016140186524,0.5856586854246686,-0.21639145148982808,0.7665333333333333
9.5,S0,0.0,0.0,1.0,0.62,0.0,0.0,0.7635142154256829,76.98905616796952,0.09540602555451656,1.0,1.0,922.8148546606251,922.8148546606251,0.9713840575375001,0.5888538984560989,-0.2245977658437501,0.7665333333333333
10.0,S0,0.0,0.0,1.0,0.62,0.0,0.0,0.7563751067753361,76.16178436372385,0.09464722586667615,1.0,1.0,921.662204933521,921.662204933521,0.9701707420352853,0.5920361046655,-0.23278573476107092,0.7665333333333333
10.5,S0,0.0,0.0,1.0,0.62,0.0,0.0,0.7493352492670035,75.34715975997544,0.093897922649543,1.0,1.0,920.5139955074093,920.5139955074093,0.968962100534115,0.5952039756843946,-0.24095234881965408,0.7665333333333333
11.0,S0,0.0,0.0,1.0,0.62,0.0,0.0,0.7423932630660761,74.54498377746111,0.09315800187856461,1.0,1.0,919.3706135959739,919.3706135959739,0.9677585406273409,0.5983562571661443,-0.24909475610039167,0.7665333333333333
11.5,S0,0.0,0.0,1.0,0.62,0.0,0.0,0.735547787521035,73.75506100855154,0.0924273508576033,1.0,1.0,918.2324233293764,918.2324233293764,0.9665604456098699,0.6014917662904535,-0.257210255652484,0.7665333333333333
12.0,S0,0.0,0.0,1.0,0.62,0.0,0.0,0.7287974808967583,72.97719916643933,0.09170585820334026,1.0,1.0,917.0997667832177,917.0997667832177,0.9653681755612817,0.6046093893231006,-0.2652962912290994,0.7665333333333333
12.5,S0,0.0,0.0,1.0,0.62,0.0,0.0,0.722141020111538,72.21120903513663,0.09099341382986996,1.0,1.0,915.972964964513,915.972964964513,0.9641820683836979,0.6077080792292674,-0.27335044528109126,0.7665333333333333
13.0,S0,0.0,0.0,1.0,0.62,0.0,0.0,0.7155771004777501,71.45690442026894,0.09028990893348209,1.0,1.0,914.852318756455,914.852318756455,0.9630024407962684,0.6107868533391461,-0.2813704331971484,0.7665333333333333
13.5,S0,0.0,0.0,1.0,0.62,0.0,0.0,0.7091044354461331,70.714102100653,0.08959523597762932,1.0,1.0,913.7381098236613,913.7381098236613,0.9618295892880645,0.613844791064723,-0.2893540977793376,0.7665333333333333
14.0,S0,0.0,0.0,1.0,0.62,0.0,0.0,0.7027217563536194,69.98262178064589,0.08890928867807835,1.0,1.0,912.6306014795367,912.6306014795367,0.9606637910310913,0.6168810316668529,-0.29729940394358395,0.7665333333333333
14.5,S0,0.0,0.0,1.0,0.62,0.0,0.0,0.6964278121746739,69.26228604325321,0.0882319619882422,1.0,1.0,911.5300395173117,911.5300395173117,0.9595053047550649,0.6198947720718984,-0.30520443363516486,0.7665333333333333
15.0,S0,0.0,0.0,1.0,0.62,0.0,0.0,0.6902213692760881,68.55292030398422,0.08756315208469158,1.0,1.0,910.4366530062536,910.4366530062536,0.95835437158553,0.6228852647373442,-0.3130673809497902,0.7665333333333333
15.5,S0,0.0,0.0,1.0,0.62,0.0,0.0,0.684101211175185,67.85435276544202,0.08690275635284311,1.0,1.0,909.3506550544864,909.3506550544864,0.9572112158468278,0.6258518155659182,-0.3208865474513377,0.7665333333333333
16.0,S0,0.0,0.0,1.0,0.62,0.0,0.0,0.678066138301384,67.16641437263729,0.08625067337282251,1.0,1.0,908.2722435397952,908.2722435397952,0.9560760458313634,0.6287937818678223,-0.3286603376777416,0.7665333333333333
16.5,S0,0.0,0.0,1.0,0.62,0.0,0.0,0.6721149677610813,66.48893876901379,0.08560680290550027,1.0,1.0,907.2016018097344,907.2016018097344,0.9549490545365625,0.6317105703707538,-0.3363872548269541,0.7665333333333333
17.0,S0,0.0,0.0,1.0,0.62,0.0,0.0,0.6662465331057994,65.82176225317455,0.08497104587869823,1.0,1.0,906.1388993523057,906.1388993523057,0.9538304203708481,0.6346016352774343,-0.34406589661529263,0.7665333333333333
17.5,S0,0.0,0.0,1.0,0.62,0.0,0.0,0.6604596841035588,65.16472373629742,0.0843433043735645,1.0,1.0,905.0842924384165,905.0842924384165,0.9527203078299121,0.63746647637041,-0.3516949513008868,0.7665333333333333
18.0,S0,0.0,0.0,1.0,0.62,0.0,0.0,0.6547532865134293,64.5176647002291,0.08372348161111516,1.0,1.0,904.0379247372842,904.0379247372842,0.9516188681445097,0.6403046371638889,-0.3592731938652492,0.7665333333333333
18.5,S0,0.0,0.0,1.0,0.62,0.0,0.0,0.6491262218632152,63.880429156247125,0.08311148193894037,1.0,1.0,902.9999279059002,902.9999279059002,0.9505262399009476,0.6431157031023892,-0.36679948234633797,0.7665333333333333
19.0,S0,0.0,0.0,1.0,0.62,0.0,0.0,0.6435773872302307,63.252863604478556,0.08250721081807315,1.0,1.0,901.9704221536214,901.9704221536214,0.9494425496353909,0.6458992998059847,-0.37427275431683205,0.7665333333333333
19.5,S0,0.0,0.0,1.0,0.62,0.0,0.0,0.638105695025124,62.634816993965735,0.08191057481001864,1.0,1.0,900.9495167829166,900.9495167829166,0.9483679124030701,0.6486550913618959,-0.3816920235015673,0.7665333333333333
20.0,S0,0.0,0.0,1.0,0.62,0.0,0.0,0.6327100727787061,62.0261406833682,0.08132148156394213,1.0,1.0,899.9373107072488,899.9373107072488,0.9473024323234198,0.6513827786621798,-0.3890563765284273,0.7665333333333333
20.5,S0,0.0,0.0,1.0,0.62,0.0,0.0,0.6273894629317431,61.426688402290964,0.08073983980401375,1.0,1.0,898.9338929470365,898.9338929470365,0.9462462031021437,0.6540820977872274,-0.3963649698071938,0.7665333333333333
21.0,S0,0.0,0.0,1.0,0.62,0.0,0.0,0.6221428226276722,60.83631621322927,0.080165559316908,1.0,1.0,897.9393431045968,897.9393431045968,0.9451993085311545,0.6567528184347696,-0.4036170265311598,0.7665333333333333
21.5,S0,0.0,0.0,1.0,0.62,0.0,0.0,0.6169691235081974,60.254882474119796,0.0795985509394561,1.0,1.0,896.9537318189386,896.9537318189386,0.9441618229673039,0.6593947423940366,-0.4108118337964994,0.7665333333333333
22.0,S0,0.0,0.0,1.0,0.62,0.0,0.0,0.6118673515117283,59.682247801488785,0.0790387265464495,1.0,1.0,895.977121201234,895.977121201234,0.9431338117907726,0.6620077020647032,-0.4179487398346491,0.7665333333333333
22.5,S0,0.0,0.0,1.0,0.62,0.0,0.0,0.6068365066746211,59.118275034187924,0.07848599903859256,1.0,1.0,895.0095652517664,895.0095652517664,0.9421153318439646,0.664591559020204,-0.4250271513531494,0.7665333333333333
23.0,S0,0.0,0.0,1.0,0.62,0.0,0.0,0.6018756029351822,58.56282919770811,0.07794028233060252,1.0,1.0,894.0511102591179,894.0511102591179,0.9411064318517031,0.6671462026149761,-0.4320465309806145,0.7665333333333333
23.5,S0,0.0,0.0,1.0,0.62,0.0,0.0,0.596983667940397,58.01577746906241,0.07740149133945504,1.0,1.0,893.101795182331,893.101795182331,0.9401071528235063,0.669671548635126,-0.4390063948116322,0.7665333333333333
24.0,S0,0.0,0.0,1.0,0.62,0.0,0.0,0.5921597428553459,57.47698914222896,0.07686954197277354,1.0,1.0,892.161652016742,892.161652016742,0.9391175284386758,0.6721675379920289,-0.44590631004770037,0.7665333333333333
24.5,S0,0.0,0.0,1.0,0.62,0.0,0.0,0.5874028821752688,56.94633559414499,0.07634435111736035,1.0,1.0,891.2307061441653,891.2307061441653,0.9381375854149109,0.6746341354582723,-0.45274589273031424,0.7665333333333333
25.0,S0,0.0,0.0,1.0,0.62,0.0,0.0,0.5827121535402444,56.4236902512433,0.07582583662786826,1.0,1.0,890.3089766680704,890.3089766680704,0.9371673438611268,0.6770713284453734,-0.4595248055626262,0.7665333333333333
25.5,S0,0.0,0.0,1.0,0.62,0.0,0.0,0.5780866375524433,55.908928556522405,0.07531391731561032,1.0,1.0,889.3964767343722,889.3964767343722,0.9362068176151286,0.6794791258226426,-0.46624275581618313,0.7665333333333333
26.0,S0,0.0,0.0,1.0,0.62,0.0,0.0,0.573525427595924,55.4019279371422,0.07480851293750644,1.0,1.0,888.4932138384288,888.4932138384288,0.9352560145667672,0.6818575567765339,-0.4728994933194035,0.7665333333333333
26.5,S0,0.0,0.0,1.0,0.62,0.0,0.0,0.5690276296589329,54.90256777253656,0.07430954418516504,1.0,1.0,887.5991901188155,887.5991901188155,0.9343149369671742,0.6842066697097997,-0.47949480852459586,0.7665333333333333
27.0,S0,0.0,0.0,1.0,0.62,0.0,0.0,0.5645923621586755,54.41072936303478,0.07381693267409796,1.0,1.0,886.7144026384221,886.7144026384221,0.9333835817246549,0.6865265311797487,-0.4860285306504919,0.7665333333333333
27.5,S0,0.0,0.0,1.0,0.62,0.0,0.0,0.5602187557685228,53.92629589898394,0.07333060093306702,1.0,1.0,885.8388436533965,885.8388436533965,0.9324619406877858,0.6888172248748556,-0.49250052589731613,0.7665333333333333
28.0,S0,0.0,0.0,1.0,0.62,0.0,0.0,0.5559059532476209,53.44915243036395,0.07285047239356059,1.0,1.0,884.9725008704356,884.9725008704356,0.9315500009162481,0.6910788506289882,-0.4989106957316464,0.7665333333333333
28.5,S0,0.0,0.0,1.0,0.62,0.0,0.0,0.5516531092728688,52.979185836887844,0.07237647137939833,1.0,1.0,884.115357692909,884.115357692909,0.9306477449399042,0.693311523472451,-0.5052589752383015,0.7665333333333333
29.0,S0,0.0,0.0,1.0,0.62,0.0,0.0,0.5474593902732326,52.516284798579456,0.071908523096463,1.0,1.0,883.267393456272,883.267393456272,0.9297551510066021,0.6955153727190718,-0.5115453315367403,0.7665333333333333
29.5,S0,0.0,0.0,1.0,0.62,0.0,0.0,0.5433239742663629,52.06033976682087,0.07144655362255696,1.0,1.0,882.4285836532148,882.4285836532148,0.9288721933191735,0.6976905410885119,-0.5177697622594511,0.7665333333333333
30.0,S0,0.0,0.0,1.0,0.62,0.0,0.0,0.5392460506974834,51.61124293586245,0.07099048989738245,1.0,1.0,881.5989001489729,881.5989001489729,0.9279988422620767,0.6998371838629752,-0.523932294089965,0.7665333333333333
30.5,S0,0.0,0.0,1.0,0.62,0.0,0.0,0.5352248202805197,51.16888821478784,0.07054025971264362,1.0,1.0,880.7783113872009,880.7783113872009,0.9271350646181062,0.7019554680775011,-0.5300329813582444,0.7665333333333333
31.0,S0,0.0,0.0,1.0,0.62,0.0,0.0,0.5312594948414366,50.733171199927085,0.07009579170226912,1.0,1.0,879.9667825868075,879.9667825868075,0.9262808237755868,0.7040455717429772,-0.5360719046912006,0.7665333333333333
31.5,S0,0.0,0.0,1.0,0.62,0.0,0.0,0.5273492971637537,50.30398914771042,0.06965701533275336,1.0,1.0,879.164275930121,879.164275930121,0.9254360799264432,0.7061076831010455,-0.54204916971629,0.7665333333333333
32.0,S0,0.0,0.0,1.0,0.62,0.0,0.0,0.5234934608362083,49.881240947956144,0.06922386089361507,1.0,1.0,878.3707507427464,878.3707507427464,0.9246007902555226,0.7081419999100435,-0.5479649058161513,0.7665333333333333
32.5,S0,0.0,0.0,1.0,0.62,0.0,0.0,0.519691230102536,49.464827097585356,0.06879625948797172,1.0,1.0,877.5861636654595,877.5861636654595,0.9237749091215363,0.7101487287611281,-0.5538192649323398,0.7665333333333333
33.0,S0,0.0,0.0,1.0,0.62,0.0,0.0,0.5159418597133413,49.05464967475726,0.06837414302322825,1.0,1.0,876.8104688184666,876.8104688184666,0.9229583882299648,0.7121280844237359,-0.559612420416315,0.7665333333333333
33.5,S0,0.0,0.0,1.0,0.62,0.0,0.0,0.5122446147800244,48.65061231341776,0.06795744420187845,1.0,1.0,876.0436179583481,876.0436179583481,0.9221511767982612,0.7140802892195229,-0.5653445659258768,0.7665333333333333
34.0,S0,0.0,0.0,1.0,0.62,0.0,0.0,0.5085987706307422,48.2526201782556,0.06754609651241777,1.0,1.0,875.2855606279899,875.2855606279899,0.9213532217136735,0.7160055724239437,-0.5710159143653425,0.7665333333333333
34.5,S0,0.0,0.0,1.0,0.62,0.0,0.0,0.5050036126683701,47.86057994005894,0.06714003422036613,1.0,1.0,874.5362442997925,874.5362442997925,0.9205644676839921,0.7179041696946267,-0.5766266968678158,0.7665333333333333
35.0,S0,0.0,0.0,1.0,0.62,0.0,0.0,0.5014584362304377,47.47439975146644,0.06673919235939889,1.0,1.0,873.7956145124398,873.7956145124398,0.9197848573815156,0.7197763225257068,-0.582177161817941,0.7665333333333333
35.5,S0,0.0,0.0,1.0,0.62,0.0,0.0,0.49796254645101407,47.093989223106526,0.0663435067225853,1.0,1.0,873.0636150014936,873.0636150014936,0.9190143315805196,0.7216222777272987,-0.5876675739136525,0.7665333333333333
36.0,S0,0.0,0.0,1.0,0.62,0.0,0.0,0.4945152581245108,46.71925940011868,0.06595291385373207,1.0,1.0,872.340187824072,872.340187824072,0.9182528292884968,0.7234422869292819,-0.5930982132654136,0.7665333333333333
36.5,S0,0.0,0.0,1.0,0.62,0.0,0.0,0.4911158955713799,46.3501227390507,0.06556735103883163,1.0,1.0,871.6252734778581,871.6252734778581,0.9175002878714296,0.7252366061085971,-0.5984693745315578,0.7665333333333333
37.0,S0,0.0,0.0,1.0,0.62,0.0,0.0,0.48776379250567836,45.98649308512614,0.06518675629761299,1.0,1.0,870.9188110146749,870.9188110146749,0.916756643173342,0.7270054951392592,-0.6037813660883776,0.7665333333333333
37.5,S0,0.0,0.0,1.0,0.62,0.0,0.0,0.4844582919044741,45.62828564987603,0.06481106837519421,1.0,1.0,870.2207381488546,870.2207381488546,0.9160218296303733,0.7287492173643006,-0.6090345092336459,0.7665333333333333
38.0,S0,0.0,0.0,1.0,0.62,0.0,0.0,0.48119874587906714,45.275416989128935,0.06444022673383507,1.0,1.0,869.5309913606183,869.5309913606183,0.9152957803795981,0.7304680391888712,-0.6142291374223056,0.7665333333333333
38.5,S0,0.0,0.0,1.0,0.62,0.0,0.0,0.4779845155480016,44.927804981354114,0.06407417154478852,1.0,1.0,868.8495059946752,868.8495059946752,0.9145784273628159,0.7321622296937491,-0.6193655955331542,0.7665333333333333
39.0,S0,0.0,0.0,1.0,0.62,0.0,0.0,0.4748149709118426,44.58536880635178,0.06371284368024978,1.0,1.0,868.1762163542423,868.1762163542423,0.9138697014255183,0.7338320602685121,-0.6244442391653294,0.7665333333333333
39.5,S0,0.0,0.0,1.0,0.62,0.0,0.0,0.4716894907296947,44.248028924285315,0.0633561847054015,1.0,1.0,867.5110557906763,867.5110557906763,0.9131695324112382,0.7354778042636416,-0.629465433963477,0.7665333333333333
40.0,S0,0.0,0.0,1.0,0.62,0.0,0.0,0.46860746239743645,43.91570705504984,0.06300413687055405,1.0,1.0,866.8539567888985,866.8539567888985,0.9124778492514721,0.7370997366608619,-0.6344295549705664,0.7665333333333333
40.5,S0,0.0,0.0,1.0,0.62,0.0,0.0,0.465568281827648,43.58832615797195,0.06265664310337947,1.0,1.0,866.2048510487953,866.2048510487953,0.9117945800513634,0.7386981337610011,-0.6393369860072591,0.7665333333333333
41.0,S0,0.0,0.0,1.0,0.62,0.0,0.0,0.46257135333120825,43.265810411835375,0.062313647001237725,1.0,1.0,865.5636695627587,865.5636695627587,0.911119652171325,0.7402732728887104,-0.644188119076878,0.7665333333333333
41.5,S0,0.0,0.0,1.0,0.62,0.0,0.0,0.45961608950053756,42.94808519522737,0.061975092823594334,1.0,1.0,864.9303426895299,864.9303426895299,0.9104529923047683,0.7418254321133763,-0.648983353795009,0.7665333333333333
42.0,S0,0.0,0.0,1.0,0.62,0.0,0.0,0.45670191109446434,42.63507706720089,0.061640925484527896,1.0,1.0,864.3048002245042,864.3048002245042,0.9097945265521097,0.7433548899855749,-0.6537230968427896,0.7665333333333333
42.5,S0,0.0,0.0,1.0,0.62,0.0,0.0,0.4538282469246917,42.32671374824744,0.0613110905453264,1.0,1.0,863.686971466644,863.686971466644,0.9091441804912042,0.7448619252884525,-0.6584077614430286,0.7665333333333333
43.0,S0,0.0,0.0,1.0,0.62,0.0,0.0,0.45099453374384274,42.02292410157583,0.06098553420717113,1.0,1.0,863.0767852821432,863.0767852821432,0.9085018792443612,0.7463468168034103,-0.6630377668582732,0.7665333333333333
43.5,S0,0.0,0.0,1.0,0.62,0.0,0.0,0.4482002161350622,41.7236381146919,0.0606642033039069,1.0,1.0,862.474170164983,862.474170164983,0.9078675475420873,0.7478098430895107,-0.6676135379100189,0.7665333333333333
44.0,S0,0.0,0.0,1.0,0.62,0.0,0.0,0.44544474640315335,41.42878688127454,0.06034704529489768,1.0,1.0,861.8790542945072,861.8790542945072,0.9072411097836918,0.7492512822760187,-0.6721355045182456,0.7665333333333333
44.5,S0,0.0,0.0,1.0,0.62,0.0,0.0,0.4427275844672273,41.13830258334333,0.06003400825796612,1.0,1.0,861.2913655901459,861.2913655901459,0.9066224900948905,0.7506714118675353,-0.676604101260557,0.7665333333333333
45.0,S0,0.0,0.0,1.0,0.62,0.0,0.0,0.44004819775484616,40.85211847371318,0.05972504088241623,1.0,1.0,860.7110317634082,860.7110317634082,0.9060116123825349,0.7520705085611601,-0.6810197669501261,0.7665333333333333
45.5,S0,0.0,0.0,1.0,0.62,0.0,0.0,0.4374060610976366,40.570168858731456,0.05942009246213769,1.0,1.0,860.1379803672592,860.1379803672592,0.9054084003865885,0.7534488480751806,-0.6853829442317984,0.7665333333333333
46.0,S0,0.0,0.0,1.0,0.62,0.0,0.0,0.43480065662835526,40.29238908129307,0.05911911288879104,1.0,1.0,859.5721388429937,859.5721388429937,0.904812777729467,0.7548067049887651,-0.6896940791956327,0.7665333333333333
46.5,S0,0.0,0.0,1.0,0.62,0.0,0.0,0.43223147367938547,40.0187155041293,0.058822052645072474,1.0,1.0,859.0134345647137,859.0134345647137,0.9042246679628566,0.7561443525921752,-0.6939536210072342,0.7665333333333333
47.0,S0,0.0,0.0,1.0,0.62,0.0,0.0,0.4296980086826444,39.749085493365925,0.058528862798057135,1.0,1.0,858.4617948815109,858.4617948815109,0.9036439946121166,0.7574620627470207,-0.6981620215542426,0.7665333333333333
47.5,S0,0.0,0.0,1.0,0.62,0.0,0.0,0.4271997650708821,39.48343740234633,0.05823949499261994,1.0,1.0,857.9171471574534,857.9171471574534,0.9030706812183721,0.7587601057561001,-0.7023197351083705,0.7665333333333333
48.0,S0,0.0,0.0,1.0,0.62,0.0,0.0,0.42473625318035285,39.22171055571563,0.05795390144493291,1.0,1.0,857.3794188094715,857.3794188094715,0.9025046513783911,0.7600387502423847,-0.7064272180024045,0.7665333333333333
48.5,S0,0.0,0.0,1.0,0.62,0.0,0.0,0.42230699015483963,38.96384523376147,0.057672034936037814,1.0,1.0,856.8485373432308,856.8485373432308,0.9019458287823482,0.7612982630367153,-0.7104849283215902,0.7665333333333333
49.0,S0,0.0,0.0,1.0,0.62,0.0,0.0,0.4199114998510125,38.70978265700757,0.05739384880549328,1.0,1.0,856.3244303870821,856.3244303870821,0.9013941372495601,0.7625389090738045,-0.7144933256088699,0.7665333333333333
49.5,S0,0.0,0.0,1.0,0.62,0.0,0.0,0.41754931274510304,38.45946497105605,0.05711929694509524,1.0,1.0,855.8070257241693,855.8070257241693,0.9008495007622834,0.7637609512961453,-0.7184528705834425,0.7665333333333333
50.0,S0,0.0,0.0,1.0,0.62,0.0,0.0,0.4152199658408763,38.212835231674454,0.05684833379266978,1.0,1.0,855.2962513227749,855.2962513227749,0.9003118434976578,0.7649646505654474,-0.7223640248721411,0.7665333333333333
