time_year,scenario,S_chem,S_flow,S_WD,S_env,E_env,eta_eff,qu,FS,beta,pf,pf_life
0.0,A,1.0,1.0,1.0,1.0,0.0,0.92,944.8336149185893,0.9945616999143045,-0.0701186111499833,0.5279503731974511,0.7660083333333333
0.25,A,1.0,1.0,1.0,1.0,0.25,0.9153263767652675,944.273071906276,0.9939716546381853,-0.07400641643380311,0.5294973601559204,0.7660083333333333
0.5,A,1.0,1.0,1.0,1.0,0.5,0.9106853546561174,943.7101235719426,0.9933790774441501,-0.07791322797556555,0.5310514615019692,0.7660083333333333
0.75,A,1.0,1.0,1.0,1.0,0.75,0.9060767062615379,943.1449119260351,0.992784117816879,-0.08183809199350746,0.5326122676885279,0.7660083333333333
1.0,A,1.0,1.0,1.0,1.0,1.0,0.9015002057568354,942.5775754658829,0.9921869215430347,-0.0857800769516693,0.5341793778088021,0.7660083333333333
1.25,A,1.0,1.0,1.0,1.0,1.25,0.8969556288925695,942.0082492516971,0.9915876307912601,-0.08973827307600468,0.5357523994469323,0.7660083333333333
1.5,A,1.0,1.0,1.0,1.0,1.5,0.8924427529835647,941.4370649809753,0.9909863841905002,-0.09371179188194498,0.5373309485325439,0.7660083333333333
1.75,A,1.0,1.0,1.0,1.0,1.75,0.8879613568979983,940.8641510613479,0.990383316906682,-0.09769976571308664,0.5389146491989901,0.7660083333333333
2.0,A,1.0,1.0,1.0,1.0,2.0,0.8835112210465655,940.2896326818948,0.9897785607177839,-0.10170134729073353,0.5405031336451201,0.7660083333333333
2.25,A,1.0,1.0,1.0,1.0,2.25,0.8790921273717193,939.7136318829671,0.9891722440873337,-0.10571570927396116,0.5420960420003829,0.7660083333333333
2.5,A,1.0,1.0,1.0,1.0,2.5,0.8747038593369854,939.1362676245454,0.9885644922363637,-0.1097420438299244,0.5436930221931062,0.7660083333333333
2.75,A,1.0,1.0,1.0,1.0,2.75,0.8703462019163519,938.5576558531632,0.987955427213856,-0.11377956221414195,0.5452937298217987,0.7660083333333333
3.0,A,1.0,1.0,1.0,1.0,3.0,0.8660189415837336,937.977909567426,0.9873451679657116,-0.1178274943604774,0.5468978280293219,0.7660083333333333
3.25,A,1.0,1.0,1.0,1.0,3.25,0.8617218663025081,937.3971388821577,0.9867338304022713,-0.12188508848054934,0.5485049873797897,0.7660083333333333
3.5,A,1.0,1.0,1.0,1.0,3.5,0.8574547655151271,936.815451091199,0.98612152746442,-0.12595161067234195,0.5501148857380718,0.7660083333333333
3.75,A,1.0,1.0,1.0,1.0,3.75,0.853217430132798,936.2329507288889,0.9855083691883041,-0.13002634453774128,0.5517272081517633,0.7660083333333333
4.0,A,1.0,1.0,1.0,1.0,4.0,0.8490096525252394,935.6497396302573,0.9848944627686919,-0.13410859080878584,0.5533416467355133,0.7660083333333333
4.25,A,1.0,1.0,1.0,1.0,4.25,0.8448312265105066,935.0659169899509,0.9842799126210009,-0.13819766698238983,0.5549579005575936,0.7660083333333333
4.5,A,1.0,1.0,1.0,1.0,4.5,0.8406819473448888,934.4815794199259,0.9836648204420272,-0.14229290696331906,0.5565756755286049,0.7660083333333333
4.75,A,1.0,1.0,1.0,1.0,4.75,0.8365616117128767,933.8968210059268,0.9830492852693966,-0.14639366071519994,0.5581946842922192,0.7660083333333333
5.0,A,1.0,1.0,1.0,1.0,5.0,0.8324700177172,933.3117333627807,0.9824334035397692,-0.1504992939193695,0.5598146461178707,0.7660083333333333
5.25,A,1.0,1.0,1.0,1.0,5.25,0.8284069648689341,932.7264056885306,0.9818172691458217,-0.1546091876413388,0.5614352867952977,0.7660083333333333
5.5,A,1.0,1.0,1.0,1.0,5.5,0.8243722540776766,932.1409248174299,0.9812009734920315,-0.15872273800470535,0.5630563385308658,0.7660083333333333
5.75,A,1.0,1.0,1.0,1.0,5.75,0.8203656876417913,931.5553752718267,0.9805846055492913,-0.16283935587228257,0.5646775398455772,0.7660083333333333
6.0,A,1.0,1.0,1.0,1.0,6.0,0.8163870692387214,930.9698393129554,0.9799682519083741,-0.16695846653431892,0.5662986354747178,0.7660083333333333
6.25,A,1.0,1.0,1.0,1.0,6.25,0.812436203915369,930.3843969906626,0.9793519968322764,-0.17107950940356415,0.5679193762690461,0.7660083333333333
6.5,A,1.0,1.0,1.0,1.0,6.5,0.8085128980785427,929.7991261920878,0.9787359223074609,-0.17520193771706666,0.5695395190974857,0.7660083333333333
6.75,A,1.0,1.0,1.0,1.0,6.75,0.8046169594854715,929.2141026893204,0.9781201080940215,-0.17932521824449363,0.5711588267512434,0.7660083333333333
7.0,A,1.0,1.0,1.0,1.0,7.0,0.800748197234385,928.6294001860556,0.9775046317747954,-0.1834488310028326,0.5727770678493076,0.7660083333333333
7.25,A,1.0,1.0,1.0,1.0,7.25,0.7969064217551586,928.0450903632686,0.9768895688034407,-0.1875722689773103,0.5743940167452715,0.7660083333333333
7.5,A,1.0,1.0,1.0,1.0,7.5,0.7930914448000252,927.461242923929,0.9762749925515043,-0.19169503784837116,0.5760094534354319,0.7660083333333333
7.75,A,1.0,1.0,1.0,1.0,7.75,0.7893030794343509,926.8779256367743,0.9756609743544993,-0.1958166557245716,0.5776231634681206,0.7660083333333333
8.0,A,1.0,1.0,1.0,1.0,8.0,0.7855411400274745,926.2952043791626,0.9750475835570133,-0.1999366528812484,0.5792349378542269,0.7660083333333333
8.25,A,1.0,1.0,1.0,1.0,8.25,0.7818054422436126,925.7131431790235,0.9744348875568669,-0.20405457150480943,0.5808445729788683,0.7660083333333333
8.5,A,1.0,1.0,1.0,1.0,8.5,0.7780958030328261,925.1318042559272,0.9738229518483444,-0.20816996544252026,0.5824518705141782,0.7660083333333333
8.75,A,1.0,1.0,1.0,1.0,8.75,0.7744120406220516,924.5512480612878,0.9732118400645134,-0.21228239995764242,0.5840566373331714,0.7660083333333333
9.0,A,1.0,1.0,1.0,1.0,9.0,0.7707539745061939,923.9715333177197,0.9726016140186523,-0.21639145148982808,0.5856586854246686,0.7660083333333333
9.25,A,1.0,1.0,1.0,1.0,9.25,0.7671214254392813,923.3927170575683,0.9719923337448088,-0.22049670742058466,0.5872578318092311,0.7660083333333333
9.5,A,1.0,1.0,1.0,1.0,9.5,0.7635142154256828,922.8148546606251,0.9713840575375001,-0.2245977658437501,0.5888538984560989,0.7660083333333333
9.75,A,1.0,1.0,1.0,1.0,9.75,0.7599321677113859,922.237999891051,0.97077684199058,-0.2286942353408295,0.5904467122010995,0.7660083333333333
10.0,A,1.0,1.0,1.0,1.0,10.0,0.756375106775336,921.6622049335209,0.9701707420352852,-0.23278573476107092,0.5920361046655,0.7660083333333333
10.25,A,1.0,1.0,1.0,1.0,10.25,0.7528428583208355,921.0875204286057,0.9695658109774796,-0.23687189300619724,0.5936219121757946,0.7660083333333333
10.5,A,1.0,1.0,1.0,1.0,10.5,0.7493352492670033,920.5139955074092,0.9689621005341149,-0.2409523488196555,0.5952039756843952,0.7660083333333333
10.75,A,1.0,1.0,1.0,1.0,10.75,0.7458521077402941,919.9416778254742,0.9683596608689202,-0.2450267505802996,0.5967821406912177,0.7660083333333333
11.0,A,1.0,1.0,1.0,1.0,11.0,0.742393263066076,919.3706135959739,0.9677585406273409,-0.24909475610039167,0.5983562571661443,0.7660083333333333
11.25,A,1.0,1.0,1.0,1.0,11.25,0.7389585457602681,918.8008476222014,0.9671587869707383,-0.25315603242782697,0.5999261794723454,0.7660083333333333
11.5,A,1.0,1.0,1.0,1.0,11.5,0.735547787521035,918.2324233293764,0.9665604456098699,-0.257210255652484,0.6014917662904535,0.7660083333333333
11.75,A,1.0,1.0,1.0,1.0,11.75,0.7321608212205406,917.6653827957773,0.9659635608376603,-0.261257110716601,0.6030528805435698,0.7660083333333333
12.0,A,1.0,1.0,1.0,1.0,12.0,0.7287974808967586,917.0997667832177,0.9653681755612817,-0.2652962912290994,0.6046093893231006,0.7660083333333333
12.25,A,1.0,1.0,1.0,1.0,12.25,0.72545760174534,916.5356147668792,0.9647743313335571,-0.2693274992837484,0.6061611638154082,0.7660083333333333
12.5,A,1.0,1.0,1.0,1.0,12.5,0.7221410201115382,915.972964964513,0.9641820683836979,-0.27335044528109126,0.6077080792292674,0.7660083333333333
12.75,A,1.0,1.0,1.0,1.0,12.75,0.7188475734821896,915.4118543650247,0.9635914256473944,-0.2773648477540569,0.6092500147241251,0.7660083333333333
13.0,A,1.0,1.0,1.0,1.0,13.0,0.7155771004777504,914.852318756455,0.9630024407962684,-0.2813704331971484,0.6107868533391461,0.7660083333333333
13.25,A,1.0,1.0,1.0,1.0,13.25,0.7123294408443889,914.2943927533681,0.9624151502667033,-0.28536693589916323,0.6123184819230495,0.7660083333333333
13.5,A,1.0,1.0,1.0,1.0,13.5,0.7091044354461333,913.7381098236613,0.9618295892880645,-0.2893540977793376,0.613844791064723,0.7660083333333333
13.75,A,1.0,1.0,1.0,1.0,13.75,0.7059019262570739,913.1835023148064,0.9612457919103226,-0.2933316682268423,0.6153656750246062,0.7660083333333333
14.0,A,1.0,1.0,1.0,1.0,14.0,0.7027217563536197,912.6306014795367,0.9606637910310913,-0.29729940394358395,0.6168810316668529,0.7660083333333333
14.25,A,1.0,1.0,1.0,1.0,14.25,0.6995637699068089,912.0794375009885,0.9600836184220932,-0.30125706879019265,0.6183907623922495,0.7660083333333333
14.5,A,1.0,1.0,1.0,1.0,14.5,0.696427812174674,911.5300395173117,0.9595053047550649,-0.30520443363516486,0.6198947720718984,0.7660083333333333
14.75,A,1.0,1.0,1.0,1.0,14.75,0.6933137294946585,910.9824356457569,0.9589288796271126,-0.30914127620707504,0.6213929689816591,0.7660083333333333
15.0,A,1.0,1.0,1.0,1.0,15.0,0.6902213692760881,910.4366530062536,0.95835437158553,-0.3130673809497902,0.6228852647373442,0.7660083333333333
15.25,A,1.0,1.0,1.0,1.0,15.25,0.6871505799926934,909.8927177444872,0.9577818081520918,-0.3169825388806157,0.6243715742306621,0.7660083333333333
15.5,A,1.0,1.0,1.0,1.0,15.5,0.684101211175185,909.3506550544864,0.9572112158468278,-0.3208865474513377,0.6258518155659182,0.7660083333333333
15.75,A,1.0,1.0,1.0,1.0,15.75,0.6810731134038808,908.810489200732,0.9566426202112969,-0.32477921041204744,0.6273259099974513,0.7660083333333333
16.0,A,1.0,1.0,1.0,1.0,16.0,0.678066138301384,908.2722435397952,0.9560760458313634,-0.3286603376777416,0.6287937818678223,0.7660083333333333
16.25,A,1.0,1.0,1.0,1.0,16.25,0.6750801385253129,907.7359405415164,0.9555115163594909,-0.3325297451976123,0.6302553585467459,0.7660083333333333
16.5,A,1.0,1.0,1.0,1.0,16.5,0.6721149677610813,907.2016018097345,0.9549490545365626,-0.3363872548269541,0.6317105703707538,0.7660083333333333
16.75,A,1.0,1.0,1.0,1.0,16.75,0.6691704807147283,906.6692481025749,0.9543886822132367,-0.3402326942016694,0.6331593505836057,0.7660083333333333
17.0,A,1.0,1.0,1.0,1.0,17.0,0.6662465331057994,906.1388993523057,0.9538304203708481,-0.34406589661529263,0.6346016352774343,0.7660083333333333
17.25,A,1.0,1.0,1.0,1.0,17.25,0.6633429816602768,905.6105746847722,0.9532742891418655,-0.34788670089847085,0.6360373633346201,0.7660083333333333
17.5,A,1.0,1.0,1.0,1.0,17.5,0.6604596841035588,905.0842924384165,0.9527203078299121,-0.3516949513008868,0.63746647637041,0.7660083333333333
17.75,A,1.0,1.0,1.0,1.0,17.75,0.6575964991534882,904.5600701828923,0.9521684949293604,-0.3554904973755212,0.6388889186762554,0.7660083333333333
18.0,A,1.0,1.0,1.0,1.0,18.0,0.6547532865134293,904.0379247372842,0.9516188681445097,-0.3592731938652492,0.6403046371638889,0.7660083333333333
18.25,A,1.0,1.0,1.0,1.0,18.25,0.6519299068653943,903.5178721879358,0.9510714444083536,-0.36304290059170014,0.641713581310125,0.7660083333333333
18.5,A,1.0,1.0,1.0,1.0,18.5,0.6491262218632152,902.9999279059002,0.9505262399009476,-0.36679948234633797,0.6431157031023892,0.7660083333333333
18.75,A,1.0,1.0,1.0,1.0,18.75,0.646342094125766,902.4841065640163,0.9499832700673856,-0.3705428087837103,0.6445109569849681,0.7660083333333333
19.0,A,1.0,1.0,1.0,1.0,19.0,0.6435773872302306,901.9704221536214,0.9494425496353909,-0.37427275431683205,0.6458992998059847,0.7660083333333333
19.25,A,1.0,1.0,1.0,1.0,19.25,0.6408319657054179,901.4588880009053,0.9489040926325318,-0.3779891980146548,0.6472806907650945,0.7660083333333333
19.5,A,1.0,1.0,1.0,1.0,19.5,0.6381056950251238,900.9495167829166,0.9483679124030701,-0.3816920235015673,0.6486550913618959,0.7660083333333333
19.75,A,1.0,1.0,1.0,1.0,19.75,0.6353984416015397,900.4423205432249,0.9478340216244473,-0.3853811188589092,0.6500224653450618,0.7660083333333333
20.0,A,1.0,1.0,1.0,1.0,20.0,0.6327100727787058,899.9373107072488,0.9473024323234198,-0.3890563765284273,0.6513827786621798,0.7660083333333333
20.25,A,1.0,1.0,1.0,1.0,20.25,0.6300404568260123,899.4344980972551,0.9467731558918474,-0.39271769321765915,0.6527359994103056,0.7660083333333333
20.5,A,1.0,1.0,1.0,1.0,20.5,0.627389462931743,898.9338929470364,0.9462462031021436,-0.3963649698071938,0.6540820977872274,0.7660083333333333
20.75,A,1.0,1.0,1.0,1.0,20.75,0.6247569611966669,898.435504916275,0.9457215841223947,-0.3999981112597659,0.6554210460434304,0.7660083333333333
21.0,A,1.0,1.0,1.0,1.0,21.0,0.6221428226276722,897.9393431045968,0.9451993085311545,-0.4036170265311598,0.6567528184347696,0.7660083333333333
21.25,A,1.0,1.0,1.0,1.0,21.25,0.6195469191314459,897.4454160653253,0.9446793853319213,-0.40722162848287036,0.6580773911758386,0.7660083333333333
21.5,A,1.0,1.0,1.0,1.0,21.5,0.6169691235081973,896.9537318189386,0.9441618229673039,-0.4108118337964994,0.6593947423940366,0.7660083333333333
21.75,A,1.0,1.0,1.0,1.0,21.75,0.6144093094454253,896.4642978662384,0.9436466293328826,-0.4143875628898443,0.6607048520843302,0.7660083333333333
22.0,A,1.0,1.0,1.0,1.0,22.0,0.6118673515117283,895.977121201234,0.9431338117907726,-0.4179487398346491,0.6620077020647032,0.7660083333333333
22.25,A,1.0,1.0,1.0,1.0,22.25,0.6093431251506591,895.492208323751,0.9426233771828958,-0.4214952922759691,0.6633032759322911,0.7660083333333333
22.5,A,1.0,1.0,1.0,1.0,22.5,0.6068365066746211,895.0095652517664,0.9421153318439646,-0.4250271513531494,0.664591559020204,0.7660083333333333
22.75,A,1.0,1.0,1.0,1.0,22.75,0.6043473732588072,894.5291975334786,0.941609681614188,-0.4285442516223535,0.6658725383550239,0.7660083333333333
23.0,A,1.0,1.0,1.0,1.0,23.0,0.6018756029351822,894.0511102591179,0.9411064318517031,-0.4320465309806145,0.6671462026149761,0.7660083333333333
23.25,A,1.0,1.0,1.0,1.0,23.25,0.5994210745865055,893.5753080725,0.9406055874447368,-0.4355339305913958,0.6684125420887722,0.7660083333333333
23.5,A,1.0,1.0,1.0,1.0,23.5,0.596983667940397,893.101795182331,0.9401071528235063,-0.4390063948116322,0.669671548635126,0.7660083333333333
23.75,A,1.0,1.0,1.0,1.0,23.75,0.5945632635634435,892.6305753732685,0.9396111319718615,-0.4424638711201779,0.6709232156429178,0.7660083333333333
24.0,A,1.0,1.0,1.0,1.0,24.0,0.5921597428553459,892.161652016742,0.9391175284386758,-0.44590631004770037,0.6721675379920289,0.7660083333333333
24.25,A,1.0,1.0,1.0,1.0,24.25,0.5897729880431088,891.6950280815395,0.9386263453489889,-0.44933366510793804,0.6734045120148227,0.7660083333333333
24.5,A,1.0,1.0,1.0,1.0,24.5,0.5874028821752689,891.2307061441653,0.9381375854149109,-0.45274589273031424,0.6746341354582723,0.7660083333333333
24.75,A,1.0,1.0,1.0,1.0,24.75,0.5850493091161644,890.7686883989713,0.9376512509462857,-0.456142952193894,0.6758564074467376,0.7660083333333333
25.0,A,1.0,1.0,1.0,1.0,25.0,0.5827121535402444,890.3089766680704,0.9371673438611268,-0.4595248055626262,0.6770713284453734,0.7660083333333333
25.25,A,1.0,1.0,1.0,1.0,25.25,0.5803913009264182,889.8515724110327,0.9366858656958239,-0.4628914176218715,0.6782789002241735,0.7660083333333333
25.5,A,1.0,1.0,1.0,1.0,25.5,0.5780866375524433,889.3964767343722,0.9362068176151286,-0.46624275581618313,0.6794791258226426,0.7660083333333333
25.75,A,1.0,1.0,1.0,1.0,25.75,0.5757980504893532,888.9436904008253,0.9357302004219213,-0.4695787901883096,0.6806720095150889,0.7660083333333333
26.0,A,1.0,1.0,1.0,1.0,26.0,0.573525427595924,888.4932138384288,0.9352560145667672,-0.4728994933194035,0.6818575567765339,0.7660083333333333
26.25,A,1.0,1.0,1.0,1.0,26.25,0.5712686575131791,888.0450471493986,0.9347842601572617,-0.47620484027040677,0.6830357742492326,0.7660083333333333
26.5,A,1.0,1.0,1.0,1.0,26.5,0.5690276296589329,887.5991901188155,0.9343149369671742,-0.47949480852459586,0.6842066697097997,0.7660083333333333
26.75,A,1.0,1.0,1.0,1.0,26.75,0.5668022342223723,887.1556422231199,0.9338480444453894,-0.4827693779312621,0.6853702520369369,0.7660083333333333
27.0,A,1.0,1.0,1.0,1.0,27.0,0.5645923621586755,886.7144026384221,0.9333835817246549,-0.4860285306504919,0.6865265311797487,0.7660083333333333
27.25,A,1.0,1.0,1.0,1.0,27.25,0.5623979051836693,886.2754702486296,0.9329215476301365,-0.48927225109904704,0.6876755181266498,0.7660083333333333
27.5,A,1.0,1.0,1.0,1.0,27.5,0.5602187557685228,885.8388436533965,0.9324619406877858,-0.49250052589731613,0.6888172248748556,0.7660083333333333
27.75,A,1.0,1.0,1.0,1.0,27.75,0.5580548071344786,885.404521175898,0.9320047591325242,-0.4957133438173041,0.6899516644004444,0.7660083333333333
28.0,A,1.0,1.0,1.0,1.0,28.0,0.5559059532476208,884.9725008704356,0.9315500009162481,-0.4989106957316464,0.6910788506289882,0.7660083333333333
28.25,A,1.0,1.0,1.0,1.0,28.25,0.553772088813679,884.542780529873,0.9310976637156557,-0.5020925745636505,0.6921987984067536,0.7660083333333333
28.5,A,1.0,1.0,1.0,1.0,28.5,0.5516531092728688,884.115357692909,0.9306477449399042,-0.5052589752383015,0.693311523472451,0.7660083333333333
28.75,A,1.0,1.0,1.0,1.0,28.75,0.5495489107947689,883.6902296511915,0.9302002417380963,-0.5084098946342483,0.6944170424295386,0.7660083333333333
29.0,A,1.0,1.0,1.0,1.0,29.0,0.5474593902732328,883.2673934562719,0.929755151006602,-0.5115453315367416,0.6955153727190723,0.7660083333333333
29.25,A,1.0,1.0,1.0,1.0,29.25,0.5453844453213368,882.8468459264079,0.9293124693962189,-0.5146652865914894,0.6966065325930855,0.7660083333333333
29.5,A,1.0,1.0,1.0,1.0,29.5,0.5433239742663631,882.4285836532149,0.9288721933191736,-0.5177697622594498,0.6976905410885115,0.7660083333333333
29.75,A,1.0,1.0,1.0,1.0,29.75,0.5412778761448178,882.0126030081701,0.9284343189559685,-0.5208587627724949,0.6987674180016197,0.7660083333333333
30.0,A,1.0,1.0,1.0,1.0,30.0,0.5392460506974835,881.5989001489729,0.9279988422620767,-0.523932294089965,0.6998371838629752,0.7660083333333333
30.25,A,1.0,1.0,1.0,1.0,30.25,0.5372283983645069,881.1874710257628,0.9275657589744871,-0.526990363856092,0.7008998599129116,0.7660083333333333
30.5,A,1.0,1.0,1.0,1.0,30.5,0.5352248202805198,880.7783113872009,0.9271350646181062,-0.5300329813582444,0.7019554680775011,0.7660083333333333
30.75,A,1.0,1.0,1.0,1.0,30.75,0.5332352182697953,880.3714167864139,0.9267067545120146,-0.5330601574860333,0.7030040309450336,0.7660083333333333
31.0,A,1.0,1.0,1.0,1.0,31.0,0.5312594948414366,879.9667825868075,0.9262808237755868,-0.5360719046912006,0.7040455717429772,0.7660083333333333
31.25,A,1.0,1.0,1.0,1.0,31.25,0.5292975531846007,879.5644039677485,0.925857267334472,-0.5390682369483225,0.7050801143154295,0.7660083333333333
31.5,A,1.0,1.0,1.0,1.0,31.5,0.5273492971637537,879.164275930121,0.9254360799264432,-0.54204916971629,0.7061076831010455,0.7660083333333333
31.75,A,1.0,1.0,1.0,1.0,31.75,0.5254146313139607,878.7663933017568,0.9250172561071124,-0.5450147199005609,0.7071283031114388,0.7660083333333333
32.0,A,1.0,1.0,1.0,1.0,32.0,0.5234934608362082,878.3707507427464,0.9246007902555226,-0.5479649058161513,0.7081419999100435,0.7660083333333333
32.25,A,1.0,1.0,1.0,1.0,32.25,0.5215856915927581,877.9773427506274,0.9241866765796077,-0.5508997471513825,0.7091487995914397,0.7660083333333333
32.5,A,1.0,1.0,1.0,1.0,32.5,0.519691230102536,877.5861636654595,0.9237749091215363,-0.5538192649323398,0.7101487287611281,0.7660083333333333
32.75,A,1.0,1.0,1.0,1.0,32.75,0.5178099835365497,877.197207674783,0.9233654817629295,-0.5567234814880415,0.7111418145157473,0.7660083333333333
33.0,A,1.0,1.0,1.0,1.0,33.0,0.5159418597133412,876.8104688184666,0.9229583882299648,-0.559612420416315,0.7121280844237359,0.7660083333333333
33.25,A,1.0,1.0,1.0,1.0,33.25,0.5140867670944691,876.4259409934446,0.9225536220983627,-0.5624861065503394,0.713107566506418,0.7660083333333333
33.5,A,1.0,1.0,1.0,1.0,33.5,0.5122446147800241,876.043617958348,0.9221511767982611,-0.5653445659258768,0.7140802892195229,0.7660083333333333
33.75,A,1.0,1.0,1.0,1.0,33.75,0.5104153125041744,875.6634933380304,0.9217510456189794,-0.568187825749144,0.7150462814351153,0.7660083333333333
34.0,A,1.0,1.0,1.0,1.0,34.0,0.5085987706307421,875.2855606279899,0.9213532217136735,-0.5710159143653425,0.7160055724239437,0.7660083333333333
34.25,A,1.0,1.0,1.0,1.0,34.25,0.5067949001488121,874.9098131986918,0.9209576981038862,-0.5738288612278138,0.7169581918381913,0.7660083333333333
34.5,A,1.0,1.0,1.0,1.0,34.5,0.5050036126683699,874.5362442997925,0.9205644676839921,-0.5766266968678158,0.7179041696946267,0.7660083333333333
34.75,A,1.0,1.0,1.0,1.0,34.75,0.5032248204159705,874.1648470642666,0.9201735232255438,-0.5794094528649081,0.7188435363581465,0.7660083333333333
35.0,A,1.0,1.0,1.0,1.0,35.0,0.5014584362304376,873.7956145124398,0.9197848573815156,-0.582177161817941,0.7197763225257068,0.7660083333333333
35.25,A,1.0,1.0,1.0,1.0,35.25,0.49970437355859276,873.4285395559292,0.9193984626904518,-0.5849298573166207,0.7207025592106324,0.7660083333333333
35.5,A,1.0,1.0,1.0,1.0,35.5,0.497962546451014,873.0636150014936,0.9190143315805196,-0.5876675739136525,0.7216222777272987,0.7660083333333333
35.75,A,1.0,1.0,1.0,1.0,35.75,0.49623286955782464,872.7008335547947,0.9186324563734681,-0.5903903470974544,0.7225355096761845,0.7660083333333333
36.0,A,1.0,1.0,1.0,1.0,36.0,0.49451525812451075,872.340187824072,0.9182528292884968,-0.5930982132654136,0.7234422869292819,0.7660083333333333
36.25,A,1.0,1.0,1.0,1.0,36.25,0.4928096279877685,871.9816703237327,0.9178754424460345,-0.5957912096976885,0.7243426416158627,0.7660083333333333
36.5,A,1.0,1.0,1.0,1.0,36.5,0.4911158955713799,871.6252734778581,0.9175002878714296,-0.5984693745315578,0.7252366061085971,0.7660083333333333
36.75,A,1.0,1.0,1.0,1.0,36.75,0.4894339778821176,871.2709896236298,0.9171273574985577,-0.6011327467362587,0.7261242130100055,0.7660083333333333
37.0,A,1.0,1.0,1.0,1.0,37.0,0.48776379250567836,870.9188110146749,0.916756643173342,-0.6037813660883776,0.7270054951392592,0.7660083333333333
37.25,A,1.0,1.0,1.0,1.0,37.25,0.48610525760264456,870.5687298243345,0.9163881366571942,-0.6064152731477135,0.727880485519302,0.7660083333333333
37.5,A,1.0,1.0,1.0,1.0,37.5,0.4844582919044741,870.2207381488546,0.9160218296303733,-0.6090345092336459,0.7287492173643006,0.7660083333333333
37.75,A,1.0,1.0,1.0,1.0,37.75,0.4828228147095182,869.8748280105042,0.9156577136952676,-0.611639116401986,0.7296117240674131,0.7660083333333333
38.0,A,1.0,1.0,1.0,1.0,38.0,0.48119874587906714,869.5309913606183,0.9152957803795981,-0.6142291374223056,0.7304680391888712,0.7660083333333333
38.25,A,1.0,1.0,1.0,1.0,38.25,0.47958600583342326,869.1892200825703,0.9149360211395476,-0.616804615755723,0.731318196444368,0.7660083333333333
38.5,A,1.0,1.0,1.0,1.0,38.5,0.4779845155480016,868.8495059946752,0.9145784273628159,-0.6193655955331542,0.7321622296937491,0.7660083333333333
38.75,A,1.0,1.0,1.0,1.0,38.75,0.47639419654945775,868.5118408530221,0.9142229903716023,-0.6219121215340104,0.733000172929998,0.7660083333333333
39.0,A,1.0,1.0,1.0,1.0,39.0,0.47481497091184266,868.1762163542423,0.9138697014255183,-0.6244442391653294,0.7338320602685121,0.7660083333333333
39.25,A,1.0,1.0,1.0,1.0,39.25,0.473246761252784,867.8426241382094,0.913518551724431,-0.6269619944413434,0.7346579259366636,0.7660083333333333
39.5,A,1.0,1.0,1.0,1.0,39.5,0.47168949072969474,867.5110557906763,0.9131695324112382,-0.629465433963477,0.7354778042636416,0.7660083333333333
39.75,A,1.0,1.0,1.0,1.0,39.75,0.4701430830360077,867.1815028458487,0.9128226345745776,-0.6319546049007451,0.7362917296705644,0.7660083333333333
40.0,A,1.0,1.0,1.0,1.0,40.0,0.46860746239743645,866.8539567888985,0.9124778492514721,-0.6344295549705664,0.7370997366608619,0.7660083333333333
40.25,A,1.0,1.0,1.0,1.0,40.25,0.46708255356826245,866.5284090584142,0.9121351674299097,-0.6368903324199822,0.7379018598109233,0.7660083333333333
40.5,A,1.0,1.0,1.0,1.0,40.5,0.465568281827648,866.2048510487953,0.9117945800513634,-0.6393369860072591,0.7386981337610011,0.7660083333333333
40.75,A,1.0,1.0,1.0,1.0,40.75,0.46406457297597475,865.883274112587,0.9114560780132495,-0.6417695649838707,0.7394885932063648,0.7660083333333333
41.0,A,1.0,1.0,1.0,1.0,41.0,0.4625713533312082,865.5636695627586,0.9111196521713248,-0.644188119076878,0.7402732728887104,0.7660083333333333
41.25,A,1.0,1.0,1.0,1.0,41.25,0.4610885497252869,865.2460286749279,0.9107852933420293,-0.6465926984716598,0.7410522075878061,0.7660083333333333
41.5,A,1.0,1.0,1.0,1.0,41.5,0.45961608950053756,864.9303426895299,0.9104529923047683,-0.648983353795009,0.7418254321133763,0.7660083333333333
41.75,A,1.0,1.0,1.0,1.0,41.75,0.4581539005061145,864.616602813933,0.91012273980414,-0.6513601360986007,0.7425929812972238,0.7660083333333333
42.0,A,1.0,1.0,1.0,1.0,42.0,0.4567019110944644,864.3048002245042,0.9097945265521097,-0.6537230968427896,0.7433548899855749,0.7660083333333333
42.25,A,1.0,1.0,1.0,1.0,42.25,0.45526005011781556,863.9949260686228,0.9094683432301293,-0.6560722878807635,0.7441111930316497,0.7660083333333333
42.5,A,1.0,1.0,1.0,1.0,42.5,0.4538282469246917,863.686971466644,0.9091441804912042,-0.6584077614430286,0.7448619252884525,0.7660083333333333
42.75,A,1.0,1.0,1.0,1.0,42.75,0.45240643135644987,863.380927513815,0.9088220289619106,-0.6607295701222271,0.7456071216017752,0.7660083333333333
43.0,A,1.0,1.0,1.0,1.0,43.0,0.4509945337438427,863.0767852821432,0.9085018792443612,-0.6630377668582732,0.7463468168034103,0.7660083333333333
43.25,A,1.0,1.0,1.0,1.0,43.25,0.4495924849036047,862.7745358222171,0.9081837219181232,-0.6653324049238198,0.7470810457045713,0.7660083333333333
43.5,A,1.0,1.0,1.0,1.0,43.5,0.4482002161350622,862.474170164983,0.9078675475420873,-0.6676135379100189,0.7478098430895107,0.7660083333333333
43.75,A,1.0,1.0,1.0,1.0,43.75,0.44681765921676697,862.1756793234758,0.9075533466562904,-0.6698812197125986,0.7485332437093355,0.7660083333333333
44.0,A,1.0,1.0,1.0,1.0,44.0,0.44544474640315335,861.8790542945072,0.9072411097836918,-0.6721355045182456,0.7492512822760187,0.7660083333333333
44.25,A,1.0,1.0,1.0,1.0,44.25,0.44408141042121874,861.5842860603109,0.9069308274319062,-0.6743764467912697,0.7499639934565941,0.7660083333333333
44.5,A,1.0,1.0,1.0,1.0,44.5,0.4427275844672273,861.2913655901459,0.9066224900948905,-0.676604101260557,0.7506714118675353,0.7660083333333333
44.75,A,1.0,1.0,1.0,1.0,44.75,0.4413832022034364,861.0002838418592,0.9063160882545886,-0.6788185229068238,0.7513735720693191,0.7660083333333333
45.0,A,1.0,1.0,1.0,1.0,45.0,0.44004819775484616,860.7110317634082,0.9060116123825349,-0.6810197669501261,0.7520705085611601,0.7660083333333333
45.25,A,1.0,1.0,1.0,1.0,45.25,0.4387225057059714,860.4236002943445,0.9057090529414152,-0.6832078888376553,0.7527622557759193,0.7660083333333333
45.5,A,1.0,1.0,1.0,1.0,45.5,0.4374060610976365,860.1379803672592,0.9054084003865885,-0.6853829442317984,0.7534488480751806,0.7660083333333333
45.75,A,1.0,1.0,1.0,1.0,45.75,0.43609879942379237,859.85416290919,0.9051096451675684,-0.6875449889984591,0.754130319744492,0.7660083333333333
46.0,A,1.0,1.0,1.0,1.0,46.0,0.43480065662835526,859.5721388429937,0.904812777729467,-0.6896940791956327,0.7548067049887651,0.7660083333333333
46.25,A,1.0,1.0,1.0,1.0,46.25,0.43351156910206856,859.2918990886801,0.9045177885144001,-0.6918302710622487,0.7554780379278366,0.7660083333333333
46.5,A,1.0,1.0,1.0,1.0,46.5,0.4322314736793855,859.0134345647137,0.9042246679628566,-0.6939536210072342,0.7561443525921752,0.7660083333333333
46.75,A,1.0,1.0,1.0,1.0,46.75,0.4309603076353743,858.7367361892784,0.90393340651503,-0.6960641855988505,0.7568056829187473,0.7660083333333333
47.0,A,1.0,1.0,1.0,1.0,47.0,0.4296980086826444,858.4617948815109,0.9036439946121166,-0.6981620215542426,0.7574620627470207,0.7660083333333333
47.25,A,1.0,1.0,1.0,1.0,47.25,0.4284445149682946,858.1886015626999,0.9033564226975789,-0.7002471857292374,0.7581135258151166,0.7660083333333333
47.5,A,1.0,1.0,1.0,1.0,47.5,0.4271997650708821,857.9171471574534,0.9030706812183721,-0.7023197351083705,0.7587601057561001,0.7660083333333333
47.75,A,1.0,1.0,1.0,1.0,47.75,0.42596369799741285,857.6474225948358,0.9027867606261429,-0.7043797267951242,0.7594018360944029,0.7660083333333333
48.0,A,1.0,1.0,1.0,1.0,48.0,0.4247362531803529,857.3794188094715,0.9025046513783911,-0.7064272180024045,0.7600387502423847,0.7660083333333333
48.25,A,1.0,1.0,1.0,1.0,48.25,0.42351737047466065,857.1131267426221,0.9022243439396022,-0.7084622660432222,0.7606708814970204,0.7660083333333333
48.5,A,1.0,1.0,1.0,1.0,48.5,0.42230699015483963,856.8485373432308,0.9019458287823482,-0.7104849283215902,0.7612982630367153,0.7660083333333333
48.75,A,1.0,1.0,1.0,1.0,48.75,0.42110505291201206,856.5856415689404,0.9016690963883583,-0.7124952623236283,0.7619209279182433,0.7660083333333333
49.0,A,1.0,1.0,1.0,1.0,49.0,0.4199114998510125,856.3244303870821,0.9013941372495601,-0.7144933256088699,0.7625389090738045,0.7660083333333333
49.25,A,1.0,1.0,1.0,1.0,49.25,0.41872627248750216,856.0648947756367,0.9011209418690913,-0.7164791758017771,0.7631522393082051,0.7660083333333333
49.5,A,1.0,1.0,1.0,1.0,49.5,0.4175493127451031,855.8070257241693,0.9008495007622834,-0.7184528705834425,0.7637609512961453,0.7660083333333333
49.75,A,1.0,1.0,1.0,1.0,49.75,0.4163805629525524,855.5508142347378,0.9005798044576188,-0.7204144676834856,0.7643650775796236,0.7660083333333333
50.0,A,1.0,1.0,1.0,1.0,50.0,0.4152199658408764,855.2962513227749,0.9003118434976578,-0.7223640248721411,0.7649646505654474,0.7660083333333333
0.0,B,1.45,0.75,0.65,1.045,0.0,0.92,944.8336149185893,0.9945616999143045,-0.0701186111499833,0.5279503731974511,0.77965
0.25,B,1.45,0.75,0.65,1.045,0.26125,0.9151168319616257,944.2477898396481,0.9939450419364717,-0.07418182177753517,0.5295671449434091,0.77965
0.5,B,1.45,0.75,0.65,1.045,0.5225,0.9102692539681634,943.6593451210565,0.9933256264432174,-0.07826574050473063,0.5311916655213682,0.77965
0.75,B,1.45,0.75,0.65,1.045,0.78375,0.9054570066283147,943.0684425479648,0.9927036237346998,-0.08236928063284778,0.532823468239081,0.77965
1.0,B,1.45,0.75,0.65,1.045,1.045,0.9006798324413059,942.475239724272,0.99207919970976,-0.08649138193941573,0.5344620966918415,0.77965
1.25,B,1.45,0.75,0.65,1.045,1.30625,0.8959374757831087,941.8798901671089,0.9914525159653778,-0.09063101007680834,0.5361071045769287,0.77965
1.5,B,1.45,0.75,0.65,1.045,1.5675,0.891229682892762,941.2825433992527,0.9908237298939503,-0.09478715598570871,0.537758055513087,0.77965
1.75,B,1.45,0.75,0.65,1.045,1.8287499999999999,0.8865562018587936,940.6833450395176,0.9901929947784396,-0.09895883532299403,0.5394145228647753,0.77965
2.0,B,1.45,0.75,0.65,1.045,2.09,0.8819167826057401,940.0824368911644,0.9895604598854363,-0.10314508790365441,0.5410760895709487,0.77965
2.25,B,1.45,0.75,0.65,1.045,2.35125,0.877311176880766,939.4799570283756,0.9889262705561848,-0.10734497715630924,0.5427423479781248,0.77965
2.5,B,1.45,0.75,0.65,1.045,2.6125,0.8727391382403792,938.876039880833,0.9882905682956137,-0.11155758959197691,0.5444128996775315,0.77965
2.75,B,1.45,0.75,0.65,1.045,2.87375,0.8682004220372446,938.2708163164459,0.9876534908594168,-0.11578203428566944,0.5460873553461041,0.77965
3.0,B,1.45,0.75,0.65,1.045,3.135,0.8636947854070927,937.6644137222629,0.9870151723392241,-0.12001744237050332,0.5477653345911565,0.77965
3.25,B,1.45,0.75,0.65,1.045,3.3962499999999998,0.8592219872557242,937.0569560836135,0.9863757432459089,-0.12426296654393473,0.5494464657985232,0.77965
3.5,B,1.45,0.75,0.65,1.045,3.6574999999999998,0.8547817882461092,936.448564061513,0.9857353305910663,-0.12851778058580887,0.5511303859840067,0.77965
3.75,B,1.45,0.75,0.65,1.045,3.9187499999999997,0.8503739507855804,935.8393550683728,0.9850940579667082,-0.13278107888787608,0.5528167406479568,0.77965
4.0,B,1.45,0.75,0.65,1.045,4.18,0.8459982390131198,935.2294433420492,0.9844520456232096,-0.13705207599447547,0.5545051836328337,0.77965
4.25,B,1.45,0.75,0.65,1.045,4.44125,0.8416544187867373,934.6189400182695,0.9838094105455469,-0.14133000615407196,0.5561953769836022,0.77965
4.5,B,1.45,0.75,0.65,1.045,4.702500000000001,0.8373422576709427,934.00795320147,0.9831662665278631,-0.14561412288134432,0.5578869908108198,0.77965
4.75,B,1.45,0.75,0.65,1.045,4.963750000000001,0.8330615249243079,933.3965880340809,0.982522724246401,-0.14990369852954716,0.5595797031562909,0.77965
5.0,B,1.45,0.75,0.65,1.045,5.225000000000001,0.8288119914871195,932.7849467642903,0.981878891330832,-0.15419802387287618,0.5612731998611681,0.77965
5.25,B,1.45,0.75,0.65,1.045,5.486250000000002,0.8245934299691229,932.1731288123237,0.981234872434025,-0.15849640769854184,0.562967174436378,0.77965
5.5,B,1.45,0.75,0.65,1.045,5.747500000000002,0.8204056146373541,931.5612308352668,0.9805907693002808,-0.16279817640833041,0.5646613279352782,0.77965
5.75,B,1.45,0.75,0.65,1.045,6.008750000000003,0.8162483214040609,930.9493467904684,0.979946680832072,-0.1671026736293606,0.5663553688284318,0.77965
6.0,B,1.45,0.75,0.65,1.045,6.270000000000003,0.8121213278147125,930.3375679975501,0.9793027031553159,-0.1714092598338236,0.5680490128804166,0.77965
6.25,B,1.45,0.75,0.65,1.045,6.5312500000000036,0.8080244130360955,929.7259831990557,0.9786589296832165,-0.1757173119674553,0.5697419830285788,0.77965
6.5,B,1.45,0.75,0.65,1.045,6.792500000000004,0.8039573578444978,929.1146786197692,0.9780154511787044,-0.18002622308651556,0.5714340092636483,0.77965
6.75,B,1.45,0.75,0.65,1.045,7.053750000000004,0.7999199446139776,928.5037380247296,0.9773723558155049,-0.1843354020030456,0.5731248285121409,0.77965
7.0,B,1.45,0.75,0.65,1.045,7.315000000000005,0.7959119573047186,927.8932427759728,0.976729729237866,-0.188644272938213,0.5748141845204826,0.77965
7.25,B,1.45,0.75,0.65,1.045,7.576250000000005,0.7919331814514697,927.2832718880252,0.9760876546189738,-0.19295227518350447,0.576501827740783,0.77965
7.5,B,1.45,0.75,0.65,1.045,7.837500000000006,0.7879834041520692,926.6739020821809,0.9754462127180852,-0.19725886276958154,0.5781875152181992,0.77965
7.75,B,1.45,0.75,0.65,1.045,8.098750000000006,0.7840624140560525,926.0652078395833,0.9748054819364035,-0.2015635041426112,0.579871010479841,0.77965
8.0,B,2.0,0.75,0.65,1.2925,8.390937500000007,0.7797109404491307,925.3853206292041,0.9740898111886359,-0.2063749634179149,0.5817509869105709,0.77965
8.25,B,2.0,0.75,0.65,1.2925,8.714062500000006,0.7749399958208381,924.6346525881113,0.973299634303275,-0.21169143587702713,0.5838261150653267,0.77965
8.5,B,2.0,0.75,0.65,1.2925,9.037187500000005,0.7702120216334183,923.8853761535524,0.9725109222668973,-0.21700235847813354,0.585896746532572,0.77965
8.75,B,2.0,0.75,0.65,1.2925,9.360312500000004,0.7655266308652366,923.1376144672256,0.9717238047023428,-0.2223068403147877,0.5879624862361144,0.77965
9.0,B,2.0,0.75,0.65,1.2925,9.683437500000004,0.7608834399804442,922.3914860741728,0.9709384063938661,-0.2276040202834587,0.5900229528763796,0.77965
9.25,B,2.0,0.75,0.65,1.2925,10.006562500000003,0.756282068897582,921.647105055135,0.9701548474264579,-0.23289306627818568,0.5920777786353039,0.77965
9.5,B,2.0,0.75,0.65,1.2925,10.329687500000002,0.751722140958469,920.9045811553133,0.9693732433213824,-0.23817317440716304,0.5941266088856099,0.77965
9.75,B,2.0,0.75,0.65,1.2925,10.652812500000001,0.7472032828973694,920.1640199096331,0.9685937051680349,-0.24344356823056945,0.5961691019043428,0.77965
10.0,B,2.0,0.75,0.65,1.2925,10.9759375,0.7427251248104374,919.4255227646048,0.9678163397522156,-0.24870349801902628,0.5982049285905651,0.77965
10.25,B,2.0,0.75,0.65,1.2925,11.2990625,0.7382873001254384,918.6891871968706,0.9670412496809164,-0.2539522400320538,0.6002337721871157,0.77965
10.5,B,2.0,0.75,0.65,1.2925,11.622187499999999,0.7338894455717422,917.9551068285299,0.9662685335037157,-0.2591890958159461,0.6022553280063521,0.77965
10.75,B,2.0,0.75,0.65,1.2925,11.945312499999998,0.7295312011505857,917.2233715393266,0.9654982858308702,-0.2644133915204659,0.6042693031597951,0.77965
11.0,B,2.0,0.75,0.65,1.2925,12.268437499999997,0.725212210105605,916.4940675757846,0.9647305974481943,-0.26962447723383,0.6062754162916194,0.77965
11.25,B,2.0,0.75,0.65,1.2925,12.591562499999997,0.7209321188936317,915.7672776573711,0.9639655554288117,-0.27482172633543606,0.6082733973159268,0.77965
11.5,B,2.0,0.75,0.65,1.2925,12.914687499999996,0.7166905771557529,915.0430810797709,0.9632032432418641,-0.280004534865818,0.6102629871577546,0.77965
11.75,B,2.0,0.75,0.65,1.2925,13.237812499999995,0.7124872376886311,914.3215538153462,0.9624437408582591,-0.2851723209133213,0.6122439374977711,0.77965
12.0,B,2.0,0.75,0.65,1.2925,13.560937499999994,0.7083217564160835,913.6027686108579,0.9616871248535346,-0.29032452401703773,0.6142160105206267,0.77965
12.25,B,2.0,0.75,0.65,1.2925,13.884062499999994,0.7041937923609161,912.8867950825238,0.9609334685079198,-0.2954606045855001,0.6161789786669165,0.77965
12.5,B,2.0,0.75,0.65,1.2925,14.207187499999993,0.7001030076170125,912.1736998084832,0.9601828419036665,-0.300580043330722,0.6181326243887374,0.77965
12.75,B,2.0,0.75,0.65,1.2925,14.530312499999992,0.6960490673216733,911.4635464187379,0.9594353120197241,-0.30568234071711103,0.6200767399088006,0.77965
13.0,B,2.0,0.75,0.65,1.2925,14.853437499999991,0.6920316396282054,910.7563956826382,0.9586909428238297,-0.31076701642486126,0.6220111269830886,0.77965
13.25,B,2.0,0.75,0.65,1.2925,15.17656249999999,0.6880503956787573,910.0523055939785,0.9579497953620827,-0.31583360882740724,0.6239355966670311,0.77965
13.5,B,2.0,0.75,0.65,1.2925,15.49968749999999,0.6841050095773997,909.3513314537677,0.9572119278460712,-0.32088167448253024,0.625849969085181,0.77965
13.75,B,2.0,0.75,0.65,1.2925,15.822812499999989,0.6801951583634487,908.653525950736,0.9564773957376169,-0.3259107876367618,0.6277540732043807,0.77965
14.0,B,2.0,0.75,0.65,1.2925,16.145937499999988,0.6763205219850281,907.9589392396398,0.9557462518311998,-0.33092053974269164,0.6296477466103998,0.77965
14.25,B,2.0,0.75,0.65,1.2925,16.46906249999999,0.6724807832728716,907.2676190174224,0.9550185463341287,-0.33591053898883344,0.6315308352880348,0.77965
14.5,B,2.0,0.75,0.65,1.2925,16.79218749999999,0.6686756279143594,906.5796105972893,0.954294326944515,-0.34088040984169427,0.6334031934046556,0.77965
14.75,B,2.0,0.75,0.65,1.2925,17.11531249999999,0.6649047444277896,905.8949569807532,0.9535736389271087,-0.345829792599721,0.6352646830971926,0.77965
15.0,B,2.0,0.75,0.65,1.2925,17.438437499999992,0.6611678241368806,905.2136989277045,0.9528565251870574,-0.3507583429587915,0.6371151742625512,0.77965
15.25,B,2.0,0.75,0.65,1.2925,17.761562499999993,0.6574645611455039,904.5358750245572,0.9521430263416392,-0.3556657315889321,0.6389545443514404,0.77965
15.5,B,2.0,0.75,0.65,1.2925,18.084687499999994,0.6537946523126441,903.8615217505264,0.9514331807900278,-0.36055164372196363,0.6407826781656107,0.77965
15.75,B,2.0,0.75,0.65,1.2925,18.407812499999995,0.6501577972275843,903.1906735420831,0.9507270247811401,-0.36541577874977804,0.642599467658488,0.77965
16.0,B,2.0,0.75,0.65,1.2925,18.730937499999996,0.6465536981853148,902.5233628556388,0.9500245924796198,-0.3702578498329541,0.6444048117391915,0.77965
16.25,B,2.0,0.75,0.65,1.2925,19.054062499999997,0.6429820601621645,901.8596202285039,0.9493259160300042,-0.3750775835194358,0.6461986160799257,0.77965
16.5,B,2.0,0.75,0.65,1.2925,19.377187499999998,0.6394425907916502,901.1994743381699,0.9486310256191263,-0.37987471937300854,0.6479807929267343,0.77965
16.75,B,2.0,0.75,0.65,1.2925,19.7003125,0.6359350003405442,900.5429520599575,0.9479399495367974,-0.3846490096113008,0.6497512609136027,0.77965
17.0,B,2.0,0.75,0.65,1.2925,20.0234375,0.6324590016851575,899.8900785230759,0.9472527142348167,-0.38940021875306696,0.6515099448798948,0.77965
17.25,B,2.0,0.75,0.65,1.2925,20.3465625,0.6290143102878365,899.2408771651347,0.9465693443843524,-0.3941281232745019,0.6532567756911122,0.77965
17.5,B,2.0,0.75,0.65,1.2925,20.669687500000002,0.6256006441736712,898.5953697851527,0.9458898629317397,-0.3988325112743469,0.6549916900629584,0.77965
17.75,B,2.0,0.75,0.65,1.2925,20.992812500000003,0.6222177239074138,897.9535765950994,0.9452142911527363,-0.40351318214755294,0.6567146303886905,0.77965
18.0,B,2.0,0.75,0.65,1.2925,21.315937500000004,0.6188652725706042,897.3155162700139,0.9445426487052777,-0.408169946267281,0.6584255445697424,0.77965
18.25,B,2.0,0.75,0.65,1.2925,21.639062500000005,0.6155430157389021,896.6812059967343,0.943874953680773,-0.412802624675013,0.6601243858496014,0.77965
18.5,B,2.0,0.75,0.65,1.2925,21.962187500000006,0.6122506814596239,896.050661521279,0.9432112226539779,-0.417411048778582,0.6618111126509201,0.77965
18.75,B,2.0,0.75,0.65,1.2925,22.285312500000007,0.6089880002294803,895.4238971949133,0.9425514707314876,-0.4219950600578749,0.6634856884158349,0.77965
19.0,B,2.0,0.75,0.65,1.2925,22.608437500000008,0.6057547049725158,894.800926018938,0.9418957115988821,-0.4265545097780579,0.6651480814494815,0.77965
19.25,B,2.0,0.75,0.65,1.2925,22.93156250000001,0.6025505310182468,894.1817596882344,0.9412439575665625,-0.4310892587100807,0.6667982647666715,0.77965
19.5,B,2.0,0.75,0.65,1.2925,23.25468750000001,0.5993752160799957,893.5664086335981,0.9405962196143138,-0.4355991768583089,0.6684362159417161,0.77965
19.75,B,2.0,0.75,0.65,1.2925,23.57781250000001,0.5962285002334207,892.954882062895,0.9399525074346263,-0.44008414319508765,0.6700619169613689,0.77965
20.0,B,2.0,0.75,0.65,1.2925,23.900937500000012,0.5931101258952394,892.3471880010703,0.9393128294748109,-0.4445440454020407,0.6716753540808545,0.77965
20.25,B,2.0,0.75,0.65,1.2925,24.224062500000013,0.5900198378021433,891.7433333290429,0.93867719297794,-0.44897877961796756,0.6732765176829698,0.77965
20.5,B,2.0,0.75,0.65,1.2925,24.547187500000014,0.5869573829899024,891.143323821513,0.9380456040226453,-0.4533882501931323,0.6748654021402132,0.77965
20.75,B,2.0,0.75,0.65,1.2925,24.870312500000015,0.5839225107726584,890.5471641837138,0.937418067561804,-0.45777236944980876,0.6764420056799267,0.77965
21.0,B,2.0,0.75,0.65,1.2925,25.193437500000016,0.5809149727224041,889.9548580871348,0.9367945874601419,-0.4621310574489025,0.6780063302524096,0.77965
21.25,B,2.0,0.75,0.65,1.2925,25.516562500000017,0.577934522648647,889.366408204245,0.9361751665307841,-0.46646424176251416,0.6795583814019819,0.77965
21.5,B,2.0,0.75,0.65,1.2925,25.839687500000018,0.5749809165782576,888.7818162422419,0.935559806570781,-0.47077185725227144,0.6810981681409561,0.77965
21.75,B,2.0,0.75,0.65,1.2925,26.16281250000002,0.5720539127354975,888.2010829758535,0.9349485083956353,-0.475053845853307,0.6826257028264955,0.77965
22.0,B,2.0,0.75,0.65,1.2925,26.48593750000002,0.5691532715222289,887.6242082792184,0.9343412718728614,-0.47931015636370944,0.6841410010403097,0.77965
22.25,B,2.0,0.75,0.65,1.2925,26.80906250000002,0.566278755498301,887.0511911568675,0.9337380959545973,-0.48354074423935084,0.6856440814711738,0.77965
22.5,B,2.0,0.75,0.65,1.2925,27.132187500000022,0.5634301293621138,886.4820297738356,0.9331389787093006,-0.48774557139390656,0.6871349658002135,0.77965
22.75,B,2.0,0.75,0.65,1.2925,27.455312500000023,0.5606071599313571,885.9167214849198,0.9325439173525472,-0.4919246060039762,0.6886136785889383,0.77965
23.0,B,2.0,0.75,0.65,1.2925,27.778437500000024,0.5578096161239228,885.3552628631136,0.9319529082769616,-0.49607782231916286,0.6900802471699785,0.77965
23.25,B,2.0,0.75,0.65,1.2925,28.101562500000025,0.5550372689389882,884.7976497272366,0.9313659470813017,-0.50020520047697,0.6915347015404851,0.77965
23.5,B,2.0,0.75,0.65,1.2925,28.424687500000026,0.5522898914382713,884.2438771687797,0.9307830285987154,-0.5043067263224387,0.6929770742581692,0.77965
23.75,B,2.0,0.75,0.65,1.2925,28.747812500000027,0.549567258727454,883.6939395779906,0.9302041469242006,-0.5083823912323476,0.6944074003399234,0.77965
24.0,B,2.0,0.75,0.65,1.2925,29.070937500000028,0.5468691479377726,883.1478306692164,0.9296292954412805,-0.5124321919439209,0.6958257171630057,0.77965
24.25,B,2.0,0.75,0.65,1.2925,29.39406250000003,0.5441953382077742,882.6055435055266,0.9290584668479227,-0.5164561303878868,0.697232064368734,0.77965
24.5,B,2.0,0.75,0.65,1.2925,29.71718750000003,0.5415456106652374,882.0670705226325,0.9284916531817184,-0.520454213525803,0.6986264837686589,0.77965
24.75,B,2.0,0.75,0.65,1.2925,30.04031250000003,0.5389197484092564,881.5324035521262,0.9279288458443433,-0.5244264531915331,0.7000090192531725,0.77965
25.0,B,2.0,0.75,0.65,1.2925,30.363437500000032,0.5363175364924853,881.0015338440519,0.9273700356253178,-0.5283728659367742,0.701379716702515,0.77965
25.25,B,2.0,0.75,0.65,1.2925,30.686562500000033,0.5337387619035432,880.4744520888339,0.9268152127250884,-0.5322934728805403,0.7027386239001406,0.77965
25.5,B,2.0,0.75,0.65,1.2925,31.009687500000034,0.531183213549578,879.9511484385735,0.9262643667774457,-0.5361882995624857,0.7040857904483986,0.77965
25.75,B,2.0,0.75,0.65,1.2925,31.332812500000035,0.5286506822389863,879.4316125277343,0.9257174868712993,-0.5400573757999919,0.705421267686492,0.77965
26.0,B,2.0,0.75,0.65,1.2925,31.655937500000036,0.5261409606642894,878.915833493232,0.9251745615718231,-0.5439007355489298,0.70674510861068,0.77965
26.25,B,2.0,0.75,0.65,1.2925,31.979062500000037,0.5236538433851639,878.4037999939446,0.9246355789409944,-0.5477184167679701,0.7080573677966681,0.77965
26.5,B,2.0,0.75,0.65,1.2925,32.30218750000004,0.5211891268116245,877.8955002296594,0.9241005265575363,-0.5515104612864031,0.7093581013241645,0.77965
26.75,B,2.0,0.75,0.65,1.2925,32.625312500000035,0.5187466091873589,877.3909219594694,0.9235693915362836,-0.5552769146753483,0.7106473667035504,0.77965
27.0,B,2.0,0.75,0.65,1.2925,32.94843750000003,0.5163260905732122,876.8900525196391,0.9230421605469885,-0.5590178261222709,0.7119252228046244,0.77965
27.25,B,2.0,0.75,0.65,1.2925,33.27156250000003,0.5139273728308202,876.3928788409473,0.9225188198325761,-0.5627332483087564,0.7131917297873934,0.77965
27.5,B,2.0,0.75,0.65,1.2925,33.59468750000003,0.5115502596063908,875.8993874655281,0.9219993552268717,-0.5664232372914126,0.7144469490348504,0.77965
27.75,B,2.0,0.75,0.65,1.2925,33.917812500000025,0.5091945563146301,875.4095645632171,0.9214837521718076,-0.5700878523858701,0.7156909430877194,0.77965
28.0,B,2.0,0.75,0.65,1.2925,34.24093750000002,0.5068600701228148,874.9233959474225,0.9209719957341289,-0.5737271560537699,0.7169237755811133,0.77965
28.25,B,2.0,0.75,0.65,1.2925,34.56406250000002,0.5045466099350069,874.4408670905268,0.9204640706216072,-0.5773412137926973,0.718145511183077,0.77965
28.5,B,2.0,0.75,0.65,1.2925,34.88718750000002,0.5022539863764113,873.9619631388409,0.9199599611987799,-0.5809300940289396,0.719356215534961,0.77965
28.75,B,2.0,0.75,0.65,1.2925,35.210312500000015,0.4999820117778736,873.4866689271123,0.9194596515022235,-0.5844938680130777,0.7205559551936128,0.77965
29.0,B,2.0,0.75,0.65,1.2925,35.53343750000001,0.4977305001605183,873.0149689926094,0.9189631252553783,-0.5880326097182469,0.7217447975753157,0.77965
29.25,B,2.0,0.75,0.65,1.2925,35.85656250000001,0.49549926722052473,872.5468475887851,0.9184703658829317,-0.5915463957410861,0.7229228109014647,0.77965
29.5,B,2.0,0.75,0.65,1.2925,36.17968750000001,0.4932881303140405,872.0822886985385,0.9179813565247774,-0.595035305205254,0.7240900641459248,0.77965
29.75,B,2.0,0.75,0.65,1.2925,36.502812500000005,0.49109690844223064,871.6212760470785,0.9174960800495563,-0.5984994196674771,0.7252466269840423,0.77965
30.0,B,2.0,0.75,0.65,1.2925,36.8259375,0.4889254222364613,871.1637931144061,0.9170145190677959,-0.6019388230260544,0.7263925697432674,0.77965
30.25,B,1.45,0.75,0.65,1.045,37.118125,0.4869786878445228,870.7531367496954,0.9165822492102057,-0.605027718137453,0.7274197101560744,0.77965
30.5,B,1.45,0.75,0.65,1.045,37.379374999999996,0.48525151358443586,870.388383764985,0.9161982986999841,-0.6077725568084376,0.7283308335028438,0.77965
30.75,B,1.45,0.75,0.65,1.045,37.64062499999999,0.4835369275066527,870.0259080836092,0.9158167453511676,-0.6105013980836376,0.7292351412219951,0.77965
31.0,B,1.45,0.75,0.65,1.045,37.90187499999999,0.4818348378645921,869.6657005575532,0.9154375795342665,-0.613214290398443,0.7301326715251365,0.77965
31.25,B,1.45,0.75,0.65,1.045,38.16312499999999,0.48014515358035015,869.3077519562153,0.9150607915328581,-0.615911283024462,0.7310234628152878,0.77965
31.5,B,1.45,0.75,0.65,1.045,38.42437499999998,0.4784677842398273,868.9520529700596,0.9146863715474312,-0.6185924260421702,0.7319075536726288,0.77965
31.75,B,1.45,0.75,0.65,1.045,38.68562499999998,0.47680264008788975,868.5985942141796,0.9143143096991364,-0.6212577703141589,0.7327849828406381,0.77965
32.0,B,1.45,0.75,0.65,1.045,38.94687499999998,0.4751496320235672,868.2473662317719,0.9139445960334441,-0.6239073674589599,0.7336557892126139,0.77965
32.25,B,1.45,0.75,0.65,1.045,39.208124999999974,0.47350867159528476,867.8983594975264,0.9135772205237119,-0.6265412698254315,0.7345200118185654,0.77965
32.5,B,1.45,0.75,0.65,1.045,39.46937499999997,0.47187967099613015,867.5515644209291,0.9132121730746623,-0.6291595304677,0.7353776898124712,0.77965
32.75,B,1.45,0.75,0.65,1.045,39.73062499999997,0.47026254305915505,867.2069713494864,0.9128494435257751,-0.6317622031206422,0.7362288624598938,0.77965
33.0,B,1.45,0.75,0.65,1.045,39.991874999999965,0.468657201252711,866.8645705718646,0.9124890216545943,-0.6343493421759077,0.7370735691259491,0.77965
33.25,B,1.45,0.75,0.65,1.045,40.25312499999996,0.46706355967581903,866.5243523209556,0.9121308971799532,-0.6369210026584494,0.7379118492636142,0.77965
33.5,B,1.45,0.75,0.65,1.045,40.51437499999996,0.4654815330535732,866.1863067768606,0.9117750597651165,-0.6394772402035793,0.7387437424023764,0.77965
33.75,B,1.45,0.75,0.65,1.045,40.775624999999955,0.4639110367325775,865.8504240698031,0.9114214990208453,-0.6420181110345142,0.739569288137208,0.77965
34.0,B,1.45,0.75,0.65,1.045,41.03687499999995,0.46235198667641625,865.5166942829644,0.9110702045083836,-0.6445436719404293,0.7403885261178706,0.77965
34.25,B,1.45,0.75,0.65,1.045,41.29812499999995,0.4608042994611572,865.1851074552507,0.9107211657423692,-0.6470539802549633,0.7412014960385231,0.77965
34.5,B,1.45,0.75,0.65,1.045,41.559374999999946,0.4592678922708876,864.8556535839871,0.9103743721936706,-0.6495490938352331,0.742008237627653,0.77965
34.75,B,1.45,0.75,0.65,1.045,41.82062499999994,0.4577426828932829,864.5283226275444,0.910029813292152,-0.6520290710412832,0.7428087906383003,0.77965
35.0,B,1.45,0.75,0.65,1.045,42.08187499999994,0.45622858971520736,864.203104507898,0.9096874784293664,-0.6544939707160006,0.743603194838582,0.77965
35.25,B,1.45,0.75,0.65,1.045,42.34312499999994,0.4547255317183472,863.8799891131221,0.9093473569611811,-0.6569438521654694,0.7443914900025034,0.77965
35.5,B,1.45,0.75,0.65,1.045,42.60437499999993,0.4532334284748752,863.5589662998174,0.9090094382103341,-0.6593787751397683,0.745173715901057,0.77965
35.75,B,1.45,0.75,0.65,1.045,42.86562499999993,0.4517522001431472,863.2400258954784,0.9086737114689246,-0.6617987998141908,0.7459499122935946,0.77965
36.0,B,1.45,0.75,0.65,1.045,43.12687499999993,0.45028176746342974,862.9231577007987,0.9083401660008408,-0.6642039867708763,0.7467201189194702,0.77965
36.25,B,1.45,0.75,0.65,1.045,43.388124999999924,0.44882205175365875,862.6083514919146,0.9080087910441207,-0.6665943969808732,0.7474843754899526,0.77965
36.5,B,1.45,0.75,0.65,1.045,43.64937499999992,0.44737297490522965,862.2955970225923,0.9076795758132551,-0.6689700917865786,0.7482427216803906,0.77965
36.75,B,1.45,0.75,0.65,1.045,43.91062499999992,0.4459344593788176,861.984884026356,0.9073525095014273,-0.6713311328845947,0.7489951971226373,0.77965
37.0,B,1.45,0.75,0.65,1.045,44.171874999999915,0.44450642820022834,861.6762022185615,0.9070275812826962,-0.6736775823089485,0.7497418413977144,0.77965
37.25,B,1.45,0.75,0.65,1.045,44.43312499999991,0.44308880495627956,861.3695412984123,0.9067047803141182,-0.6760095024147222,0.7504826940287291,0.77965
37.5,B,1.45,0.75,0.65,1.045,44.69437499999991,0.4416815137907118,861.064890950926,0.9063840957378169,-0.6783269558620179,0.7512177944740148,0.77965
37.75,B,1.45,0.75,0.65,1.045,44.955624999999905,0.4402844794001297,860.7622408488446,0.9060655166829943,-0.680630005600317,0.7519471821205121,0.77965
38.0,B,1.45,0.75,0.65,1.045,45.2168749999999,0.43889762702997237,860.4615806544956,0.9057490322678902,-0.682918714853177,0.75267089627737,0.77965
38.25,B,1.45,0.75,0.65,1.045,45.4781249999999,0.43752088247051335,860.1629000216021,0.9054346316016865,-0.6851931471032939,0.7533889761697697,0.77965
38.5,B,1.45,0.75,0.65,1.045,45.739374999999896,0.43615417205288987,859.8661885970454,0.9051223037863636,-0.6874533660778857,0.7541014609329602,0.77965
38.75,B,1.45,0.75,0.65,1.045,46.00062499999989,0.4347974226451604,859.5714360225774,0.9048120379185025,-0.6896994357344394,0.7548083896065086,0.77965
39.0,B,1.45,0.75,0.65,1.045,46.26187499999989,0.433450561648392,859.2786319364889,0.9045038230910409,-0.6919314202467596,0.7555098011287487,0.77965
39.25,B,1.45,0.75,0.65,1.045,46.52312499999989,0.4321135169927752,858.9877659752298,0.9041976483949787,-0.6941493839913606,0.756205734331435,0.77965
39.5,B,1.45,0.75,0.65,1.045,46.78437499999988,0.43078621713376763,858.6988277749863,0.9038935029210382,-0.6963533915341649,0.7568962279345889,0.77965
39.75,B,1.45,0.75,0.65,1.045,47.04562499999988,0.42946859104826585,858.4118069732142,0.9035913757612781,-0.6985435076175107,0.757581320541535,0.77965
40.0,B,1.45,0.75,0.65,1.045,47.30687499999988,0.42816056823080473,858.1266932101282,0.9032912560106613,-0.7007197971474727,0.7582610506341253,0.77965
40.25,B,1.45,0.75,0.65,1.045,47.568124999999874,0.4268620786897849,857.8434761301514,0.9029931327685804,-0.7028823251814654,0.7589354565681402,0.77965
40.5,B,1.45,0.75,0.65,1.045,47.82937499999987,0.42557305294372755,857.5621453833229,0.9026969951403399,-0.7050311569161567,0.7596045765688715,0.77965
40.75,B,1.45,0.75,0.65,1.045,48.09062499999987,0.4242934220175565,857.2826906266657,0.9024028322385955,-0.7071663576756453,0.7602684487268705,0.77965
41.0,B,1.45,0.75,0.65,1.045,48.351874999999865,0.4230231174389072,857.005101525516,0.9021106331847537,-0.7092879928999446,0.7609271109938733,0.77965
41.25,B,1.45,0.75,0.65,1.045,48.61312499999986,0.4217620712344631,856.7293677548142,0.9018203871103307,-0.7113961281337119,0.7615806011788782,0.77965
41.5,B,1.45,0.75,0.65,1.045,48.87437499999986,0.42051021592631815,856.455479000359,0.9015320831582726,-0.7134908290152789,0.7622289569443947,0.77965
41.75,B,1.45,0.75,0.65,1.045,49.135624999999855,0.4192674845283664,856.1834249600249,0.9012457104842367,-0.71557216126591,0.7628722158028358,0.77965
42.0,B,1.45,0.75,0.65,1.045,49.39687499999985,0.4180338105427172,855.9131953449444,0.9009612582578361,-0.7176401906793561,0.7635104151130728,0.77965
42.25,B,1.45,0.75,0.65,1.045,49.65812499999985,0.41680912795613745,855.6447798806555,0.9006787156638479,-0.7196949831116276,0.7641435920771276,0.77965
42.5,B,1.45,0.75,0.65,1.045,49.919374999999846,0.4155933712365188,855.3781683082152,0.9003980719033844,-0.7217366044710477,0.7647717837370186,0.77965
42.75,B,1.45,0.75,0.65,1.045,50.18062499999984,0.4143864753293713,855.1133503852805,0.900119316195032,-0.7237651207085146,0.7653950269717356,0.77965
43.0,B,1.45,0.75,0.65,1.045,50.44187499999984,0.4131883756543423,854.850315887156,0.8998424377759536,-0.7257805978080331,0.7660133584943598,0.77965
43.25,B,1.45,0.75,0.65,1.045,50.70312499999984,0.41199900810176093,854.5890546078107,0.8995674259029586,-0.7277831017774655,0.7666268148493143,0.77965
43.5,B,1.45,0.75,0.65,1.045,50.96437499999983,0.4108183090292074,854.329556360864,0.899294269853541,-0.7297726986395032,0.767235432409738,0.77965
43.75,B,1.45,0.75,0.65,1.045,51.22562499999983,0.4096462152581076,854.0718109805409,0.8990229589268852,-0.7317494544228839,0.7678392473749945,0.77965
44.0,B,1.45,0.75,0.65,1.045,51.48687499999983,0.40848266407035266,853.8158083225987,0.8987534824448408,-0.7337134351538054,0.7684382957682943,0.77965
44.25,B,1.45,0.75,0.65,1.045,51.748124999999824,0.4073275932049426,853.561538265224,0.8984858297528674,-0.7356647068475678,0.7690326134344412,0.77965
44.5,B,1.45,0.75,0.65,1.045,52.00937499999982,0.40618094085465495,853.308990709902,0.8982199902209494,-0.7376033355004323,0.7696222360376951,0.77965
44.75,B,1.45,0.75,0.65,1.045,52.27062499999982,0.4050426456627375,853.0581555822583,0.8979559532444824,-0.7395293870816633,0.7702071990597412,0.77965
45.0,B,1.45,0.75,0.65,1.045,52.531874999999815,0.4039126467196251,852.8090228328742,0.8976937082451307,-0.7414429275258041,0.7707875377977778,0.77965
45.25,B,1.45,0.75,0.65,1.045,52.79312499999981,0.4027908835596805,852.5615824380756,0.8974332446716585,-0.7433440227251201,0.7713632873626998,0.77965
45.5,B,1.45,0.75,0.65,1.045,53.05437499999981,0.4016772961579587,852.3158244006954,0.897174552000732,-0.7452327385222612,0.7719344826773957,0.77965
45.75,B,1.45,0.75,0.65,1.045,53.315624999999805,0.40057182492699517,852.0717387508134,0.8969176197376983,-0.747109140703094,0.772501158475137,0.77965
46.0,B,1.45,0.75,0.65,1.045,53.5768749999998,0.3994744107136172,851.8293155464687,0.8966624374173355,-0.7489732949897424,0.7730633492980721,0.77965
46.25,B,1.45,0.75,0.65,1.045,53.8381249999998,0.39838499479577905,851.5885448743504,0.8964089946045793,-0.7508252670337859,0.7736210894958087,0.77965
46.5,B,1.45,0.75,0.65,1.045,54.099374999999796,0.39730351887941917,851.3494168504648,0.8961572808952261,-0.7526651224096601,0.7741744132240932,0.77965
46.75,B,1.45,0.75,0.65,1.045,54.36062499999979,0.3962299250953415,851.1119216207787,0.8959072859166092,-0.7544929266082161,0.7747233544435776,0.77965
47.0,B,1.45,0.75,0.65,1.045,54.62187499999979,0.3951641559961184,850.8760493618421,0.8956589993282549,-0.7563087450304574,0.775267946918673,0.77965
47.25,B,1.45,0.75,0.65,1.045,54.88312499999979,0.3941061545530172,850.641790281388,0.8954124108225137,-0.7581126429814468,0.7758082242164877,0.77965
47.5,B,1.45,0.75,0.65,1.045,55.14437499999978,0.393055864152948,850.4091346189119,0.8951675101251705,-0.7599046856643761,0.7763442197058488,0.77965
47.75,B,1.45,0.75,0.65,1.045,55.40562499999978,0.3920132285954351,850.1780726462299,0.8949242869960314,-0.761684938174795,0.7768759665564008,0.77965
48.0,B,1.45,0.75,0.65,1.045,55.66687499999978,0.3909781920896088,849.9485946680174,0.894682731229492,-0.7634534654949993,0.7774034977377817,0.77965
48.25,B,1.45,0.75,0.65,1.045,55.928124999999774,0.3899506992512211,849.7206910223277,0.8944428326550818,-0.7652103324885817,0.7779268460188778,0.77965
48.5,B,1.45,0.75,0.65,1.045,56.18937499999977,0.38893069509968126,849.4943520810916,0.8942045811379912,-0.766955603895112,0.7784460439671428,0.77965
48.75,B,1.45,0.75,0.65,1.045,56.45062499999977,0.38791812505511425,849.2695682505977,0.8939679665795764,-0.7686893443249984,0.7789611239479975,0.77965
49.0,B,1.45,0.75,0.65,1.045,56.711874999999765,0.38691293493544016,849.0463299719556,0.893732978917848,-0.7704116182544587,0.7794721181242878,0.77965
49.25,B,1.45,0.75,0.65,1.045,56.97312499999976,0.3859150709534748,848.8246277215395,0.8934996081279364,-0.7721224900206686,0.7799790584558178,0.77965
49.5,B,1.45,0.75,0.65,1.045,57.23437499999976,0.38492447971405186,848.6044520114167,0.8932678442225439,-0.7738220238170159,0.7804819766989384,0.77965
49.75,B,1.45,0.75,0.65,1.045,57.495624999999755,0.38394110821116534,848.3857933897561,0.8930376772523749,-0.7755102836885198,0.7809809044062047,0.77965
50.0,B,1.45,0.75,0.65,1.045,57.75687499999975,0.3829649038251337,848.1686424412237,0.8928090973065512,-0.7771873335273631,0.78147587292609,0.77965
0.0,C,0.75,0.75,0.6,0.72,0.0,0.92,944.8336149185893,0.9945616999143045,-0.0701186111499833,0.5279503731974511,0.7412583333333334
0.25,C,0.75,0.75,0.6,0.72,0.18,0.9166316952579744,944.430272601132,0.9941371290538231,-0.07291587355002463,0.52906346884922,0.7412583333333334
0.5,C,0.75,0.75,0.6,0.72,0.36,0.9132803240634639,944.0256624949807,0.9937112236789271,-0.07572312886289033,0.5301803126756705,0.7412583333333334
0.75,C,0.75,0.75,0.6,0.72,0.54,0.9099458012860978,943.6198381628259,0.9932840401713957,-0.07854001756043774,0.5313007504461923,0.7412583333333334
1.0,C,0.75,0.75,0.6,0.72,0.72,0.906628042223483,943.2128522116562,0.9928556339070066,-0.08136618616676962,0.5324246302750107,0.7412583333333334
1.25,C,0.75,0.75,0.6,0.72,0.8999999999999999,0.9033269625990527,942.8047563076822,0.9924260592712444,-0.08420128716302898,0.5335518025917468,0.7412583333333334
1.5,C,0.75,0.75,0.6,0.72,1.0799999999999998,0.9000424785599249,942.3956011910342,0.9919953696747729,-0.08704497889381205,0.5346821201125368,0.7412583333333334
1.75,C,0.75,0.75,0.6,0.72,1.2599999999999998,0.8967745066747734,941.9854366902387,0.9915636175686723,-0.08989692547520056,0.5358154378117036,0.7412583333333334
2.0,C,0.75,0.75,0.6,0.72,1.4399999999999997,0.8935229639317078,941.5743117364743,0.9911308544594467,-0.09275679670434601,0.5369516128939478,0.7412583333333334
2.25,C,0.75,0.75,0.6,0.72,1.6199999999999997,0.8902877677361651,941.1622743776131,0.9906971309238033,-0.0956242679705993,0.5380905047670486,0.7412583333333334
2.5,C,0.75,0.75,0.6,0.72,1.7999999999999996,0.8870688359088118,940.7493717920478,0.9902624966232082,-0.09849902016815659,0.5392319750150559,0.7412583333333334
2.75,C,0.75,0.75,0.6,0.72,1.9799999999999995,0.883866086683456,940.335650302311,0.9898270003182221,-0.10138073961016071,0.5403758873719466,0.7412583333333334
3.0,C,0.75,0.75,0.6,0.72,2.1599999999999997,0.8806794387049708,939.9211553884873,0.9893906898826181,-0.10426911794427299,0.5415221076957423,0.7412583333333334
3.25,C,0.75,0.75,0.6,0.72,2.34,0.8775088110272274,939.5059317014221,0.9889536123172864,-0.10716385206965133,0.5426705039430599,0.7412583333333334
3.5,C,0.75,0.75,0.6,0.72,2.52,0.8743541231110395,939.0900230757317,0.988515813763928,-0.11006464405532312,0.5438209461440872,0.7412583333333334
3.75,C,0.75,0.75,0.6,0.72,2.7,0.8712152948221169,938.6734725426145,0.9880773395185416,-0.11297120105992231,0.5449733063779633,0.7412583333333334
4.0,C,0.75,0.75,0.6,0.72,2.8800000000000003,0.86809224642903,938.2563223424693,0.9876382340447045,-0.11588323525277028,0.5461274587485555,0.7412583333333334
4.25,C,0.75,0.75,0.6,0.72,3.0600000000000005,0.864984898601185,937.838613937322,0.9871985409866547,-0.11880046373625669,0.5472832793606107,0.7412583333333334
4.5,C,0.75,0.75,0.6,0.72,3.2400000000000007,0.8618931724068081,937.4203880230646,0.9867583031821732,-0.12172260846950898,0.5484406462962711,0.7412583333333334
4.75,C,0.75,0.75,0.6,0.72,3.420000000000001,0.858816989310941,937.0016845415074,0.9863175626752709,-0.12464939619334386,0.549599439591953,0.7412583333333334
5.0,C,0.75,0.75,0.6,0.72,3.600000000000001,0.8557562711734457,936.5825426922503,0.9858763607286846,-0.12758055835642407,0.5507595412155513,0.7412583333333334
5.25,C,0.75,0.75,0.6,0.72,3.780000000000001,0.8527109402470199,936.1630009443728,0.985434737836182,-0.13051583104265263,0.5519208350439824,0.7412583333333334
5.5,C,0.75,0.75,0.6,0.72,3.9600000000000013,0.8496809191752217,935.7430970479477,0.9849927337346818,-0.13345495489974707,0.553083206841041,0.7412583333333334
5.75,C,0.75,0.75,0.6,0.72,4.1400000000000015,0.846666130990505,935.3228680453797,0.9845503874161892,-0.1363976750689895,0.5542465442355644,0.7412583333333334
6.0,C,0.75,0.75,0.6,0.72,4.320000000000001,0.8436664991122641,934.9023502825722,0.9841077371395497,-0.13934374111611386,0.5554107366998912,0.7412583333333334
6.25,C,0.75,0.75,0.6,0.72,4.500000000000001,0.8406819473448885,934.4815794199259,0.9836648204420272,-0.14229290696331906,0.5565756755286049,0.7412583333333334
6.5,C,0.75,0.75,0.6,0.72,4.680000000000001,0.8377123998758278,934.0605904431682,0.9832216741507034,-0.14524493082239606,0.557741253817559,0.7412583333333334
6.75,C,0.75,0.75,0.6,0.72,4.86,0.8347577812736651,933.6394176740214,0.9827783343937068,-0.14819957512892343,0.5589073664431639,0.7412583333333334
7.0,C,0.75,0.75,0.6,0.72,5.04,0.8318180164862017,933.2180947807068,0.9823348366112703,-0.151156606477532,0.5600739100419341,0.7412583333333334
7.25,C,0.75,0.75,0.6,0.72,5.22,0.8288930308385503,932.7966547882904,0.9818912155666215,-0.15411579555821767,0.5612407829902888,0.7412583333333334
7.5,C,0.75,0.75,0.6,0.72,5.3999999999999995,0.8259827500312382,932.375130088872,0.9814475053567073,-0.15707691709366498,0.5624078853845889,0.7412583333333334
7.75,C,0.75,0.75,0.6,0.72,5.579999999999999,0.82308710013832,931.9535524516187,0.9810037394227565,-0.1600397497775849,0.5635751190214126,0.7412583333333334
8.0,C,0.75,0.75,0.6,0.72,5.759999999999999,0.8202060076054997,931.531953032648,0.980559950560682,-0.1630040762140376,0.5647423873780579,0.7412583333333334
8.25,C,0.75,0.75,0.6,0.72,5.939999999999999,0.8173393992482622,931.1103623847582,0.9801161709313244,-0.1659696828577216,0.5659095955932657,0.7412583333333334
8.5,C,0.75,0.75,0.6,0.72,6.119999999999998,0.8144872022500146,930.688810467014,0.9796724320705411,-0.16893635995521344,0.5670766504481547,0.7412583333333334
8.75,C,0.75,0.75,0.6,0.72,6.299999999999998,0.8116493441602362,930.2673266541851,0.9792287648991422,-0.17190390148713844,0.5682434603473647,0.7412583333333334
9.0,C,0.75,0.75,0.6,0.72,6.479999999999998,0.8088257528926384,929.8459397460415,0.9787851997326753,-0.17487210511126625,0.5694099353004044,0.7412583333333334
9.25,C,0.75,0.75,0.6,0.72,6.6599999999999975,0.8060163567233334,929.4246779765083,0.9783417662910614,-0.17784077210649357,0.570575986903189,0.7412583333333334
9.5,C,0.75,0.75,0.6,0.72,6.839999999999997,0.8032210842890124,929.0035690226812,0.9778984937080855,-0.180809707317722,0.5717415283197744,0.7412583333333334
9.75,C,0.75,0.75,0.6,0.72,7.019999999999997,0.8004398645851329,928.582640013705,0.9774554105407421,-0.18377871910159754,0.5729064742642718,0.7412583333333334
10.0,C,0.75,2.0,0.6,1.1575000000000002,7.254687499999997,0.7968346449977557,928.0341387555459,0.9768780407953115,-0.18764957857331724,0.5744243207727839,0.7412583333333334
10.25,C,0.75,2.0,0.6,1.1575000000000002,7.544062499999996,0.7924218188904246,927.3583928674078,0.9761667293341135,-0.1924215700791505,0.5762940011906224,0.7412583333333334
10.5,C,0.75,2.0,0.6,1.1575000000000002,7.833437499999996,0.7880446032449245,926.6833729476851,0.9754561820501949,-0.19719190784005264,0.5781613185498682,0.7412583333333334
10.75,C,0.75,2.0,0.6,1.1575000000000002,8.122812499999997,0.7837027106932601,926.0091804259275,0.9747465057115027,-0.20195986812586433,0.5800259508772689,0.7412583333333334
11.0,C,0.75,2.0,0.6,1.1575000000000002,8.412187499999996,0.7793958561864279,925.3359134365015,0.97403780361737,-0.2067247484373209,0.5818875857943874,0.7412583333333334
11.25,C,0.75,2.0,0.6,1.1575000000000002,8.701562499999996,0.7751237569757022,924.6636669031797,0.9733301756875575,-0.21148586699076685,0.5837459203373215,0.7412583333333334
11.5,C,0.75,2.0,0.6,1.1575000000000002,8.990937499999996,0.7708861325940728,923.9925326216712,0.9726237185491275,-0.21624256221561278,0.5856006607789888,0.7412583333333334
11.75,C,0.75,2.0,0.6,1.1575000000000002,9.280312499999996,0.7666827048378316,923.3225993401461,0.9719185256212064,-0.22099419226415823,0.5874515224538857,0.7412583333333334
12.0,C,0.75,2.0,0.6,1.1575000000000002,9.569687499999995,0.7625131977483088,922.6539528377972,0.9712146871976812,-0.22574013453348143,0.5892982295852616,0.7412583333333334
12.25,C,0.75,2.0,0.6,1.1575000000000002,9.859062499999995,0.7583773375937556,921.986676001492,0.9705122905278863,-0.23047978519903017,0.5911405151146258,0.7412583333333334
12.5,C,0.75,2.0,0.6,1.1575000000000002,10.148437499999995,0.7542748528513735,921.3208489005567,0.9698114198953228,-0.23521255875960367,0.5929781205335294,0.7412583333333334
12.75,C,0.75,2.0,0.6,1.1575000000000002,10.437812499999994,0.750205474189489,920.6565488597379,0.9691121566944609,-0.23993788759343765,0.5948107957175728,0.7412583333333334
13.0,C,0.75,2.0,0.6,1.1575000000000002,10.727187499999994,0.7461689344498711,919.9938505303883,0.9684145795056719,-0.24465522152505143,0.5966382987625741,0.7412583333333334
13.25,C,0.75,2.0,0.6,1.1575000000000002,11.016562499999994,0.7421649686301925,919.332825959916,0.9677187641683327,-0.24936402740261196,0.5984603958228676,0.7412583333333334
13.5,C,0.75,2.0,0.6,1.1575000000000002,11.305937499999994,0.7381933138666323,918.673544659542,0.9670247838521495,-0.25406378868549634,0.6002768609516773,0.7412583333333334
13.75,C,0.75,2.0,0.6,1.1575000000000002,11.595312499999993,0.734253709416618,918.0160736704031,0.9663327091267401,-0.2587540050418126,0.6020874759435414,0.7412583333333334
14.0,C,0.75,2.0,0.6,1.1575000000000002,11.884687499999993,0.7303458966417081,917.3604776280449,0.965642608029521,-0.2634341919555818,0.6038920301787396,0.7412583333333334
14.25,C,0.75,2.0,0.6,1.1575000000000002,12.174062499999993,0.7264696189906119,916.706818825339,0.9649545461319359,-0.2681038803433558,0.6056903204697075,0.7412583333333334
14.5,C,0.75,2.0,0.6,1.1575000000000002,12.463437499999992,0.7226246219823471,916.0551572738652,0.9642685866040687,-0.272762616180014,0.6074821509094055,0.7412583333333334
14.75,C,0.75,2.0,0.6,1.1575000000000002,12.752812499999992,0.7188106531895326,915.4055507637939,0.9635847902776778,-0.27740996013348057,0.6092673327216129,0.7412583333333334
15.0,C,0.75,2.0,0.6,1.1575000000000002,13.042187499999992,0.7150274622218167,914.7580549223067,0.9629032157076912,-0.2820454872081673,0.6110456841131401,0.7412583333333334
15.25,C,0.75,2.0,0.6,1.1575000000000002,13.331562499999992,0.7112748007094379,914.1127232705885,0.9622239192321984,-0.28666878639686577,0.6128170301279211,0.7412583333333334
15.5,C,0.75,2.0,0.6,1.1575000000000002,13.620937499999991,0.7075524222869206,913.4696072794269,0.9615469550309756,-0.29127946034092783,0.6145812025029922,0.7412583333333334
15.75,C,0.75,2.0,0.6,1.1575000000000002,13.910312499999991,0.7038600825768999,912.8287564234512,0.9608723751825802,-0.29587712499847124,0.616338039526321,0.7412583333333334
16.0,C,0.75,2.0,0.6,1.1575000000000002,14.19968749999999,0.7001975391740785,912.1902182340446,0.9602002297200469,-0.30046140932043325,0.6180873858964867,0.7412583333333334
16.25,C,0.75,0.75,0.6,0.72,14.43437499999999,0.6972488774022013,911.674083951112,0.9596569304748548,-0.3041692599521776,0.6195005285121505,0.7412583333333334
16.5,C,0.75,0.75,0.6,0.72,14.61437499999999,0.6950004139475454,911.2792864443751,0.9592413541519738,-0.3070068580434773,0.620580923910327,0.7412583333333334
16.75,C,0.75,0.75,0.6,0.72,14.79437499999999,0.6927632542393322,910.8854255213012,0.9588267637066328,-0.3098389496995165,0.621658284724963,0.7412583333333334
17.0,C,0.75,0.75,0.6,0.72,14.97437499999999,0.6905373414500052,910.4925111874561,0.9584131696710064,-0.31266545525224815,0.6227325783590637,0.7412583333333334
17.25,C,0.75,0.75,0.6,0.72,15.15437499999999,0.6883226190376986,910.1005531876866,0.958000582302828,-0.31548629679340834,0.6238037730929409,0.7412583333333334
17.5,C,0.75,0.75,0.6,0.72,15.334374999999989,0.6861190307448004,909.7095610104864,0.9575890115899857,-0.31830139814766456,0.6248718380719759,0.7412583333333334
17.75,C,0.75,0.75,0.6,0.72,15.514374999999989,0.6839265205965237,909.3195438922966,0.9571784672550491,-0.3211106848461237,0.6259367432944738,0.7412583333333334
18.0,C,0.75,0.75,0.6,0.72,15.694374999999988,0.681745032899485,908.9305108217394,0.9567689587597257,-0.323914084100258,0.6269984595996336,0.7412583333333334
18.25,C,0.75,0.75,0.6,0.72,15.874374999999988,0.679574512240289,908.5424705437877,0.9563604953092502,-0.3267115247761854,0.6280569586556116,0.7412583333333334
18.5,C,0.75,0.75,0.6,0.72,16.05437499999999,0.6774149034841213,908.1554315638685,0.9559530858567037,-0.32950293736934283,0.6291122129476961,0.7412583333333334
18.75,C,0.75,0.75,0.6,0.72,16.23437499999999,0.6752661517733481,907.7694021519076,0.9555467391072712,-0.3322882539795182,0.6301641957665802,0.7412583333333334
19.0,C,0.75,0.75,0.6,0.72,16.41437499999999,0.6731282025261225,907.3843903463065,0.9551414635224279,-0.3350674082862479,0.6312128811967395,0.7412583333333334
19.25,C,0.75,0.75,0.6,0.72,16.59437499999999,0.6710010014349979,907.0004039578641,0.9547372673240675,-0.33784033552457604,0.6322582441049136,0.7412583333333334
19.5,C,0.75,0.75,0.6,0.72,16.77437499999999,0.6688844944655485,906.6174505736335,0.9543341584985616,-0.34060697246115795,0.6333002601286883,0.7412583333333334
19.75,C,0.75,0.75,0.6,0.72,16.954374999999988,0.6667786278549973,906.2355375607219,0.9539321448007599,-0.3433672573707165,0.6343389056651813,0.7412583333333334
20.0,C,0.75,0.75,0.6,0.72,17.134374999999988,0.6646833481108496,905.8546720700319,0.9535312337579284,-0.3461211300128374,0.6353741578598295,0.7412583333333334
20.25,C,0.75,0.75,0.6,0.72,17.314374999999988,0.6625986020095349,905.4748610399445,0.9531314326736258,-0.3488685316091024,0.6364059945952809,0.7412583333333334
20.5,C,0.75,0.75,0.6,0.72,17.494374999999987,0.6605243365950545,905.0961111999462,0.9527327486315224,-0.35160940482054803,0.637434394480384,0.7412583333333334
20.75,C,0.75,0.75,0.6,0.72,17.674374999999987,0.6584604991776365,904.7184290741997,0.9523351884991575,-0.35434369372545865,0.6384593368392837,0.7412583333333334
21.0,C,0.75,0.75,0.6,0.72,17.854374999999987,0.6564070373323974,904.3418209850599,0.951938758931642,-0.3570713437974695,0.6394808017006142,0.7412583333333334
21.25,C,0.75,0.75,0.6,0.72,18.034374999999986,0.6543638988980103,903.9662930565362,0.9515434663753013,-0.3597923018840001,0.6404987697867988,0.7412583333333334
21.5,C,0.75,0.75,0.6,0.72,18.214374999999986,0.6523310319753802,903.5918512177004,0.9511493170712636,-0.36250651618498403,0.6415132225034447,0.7412583333333334
21.75,C,0.75,0.75,0.6,0.72,18.394374999999986,0.6503083849263254,903.218501206043,0.9507563170589927,-0.3652139362319174,0.6425241419288451,0.7412583333333334
22.0,C,0.75,0.75,0.6,0.72,18.574374999999986,0.6482959063722658,902.8462485707774,0.9503644721797657,-0.36791451286719945,0.6435315108035766,0.7412583333333334
22.25,C,0.75,0.75,0.6,0.72,18.754374999999985,0.6462935451929178,902.4750986760935,0.9499737880800984,-0.37060819822377844,0.6445353125202009,0.7412583333333334
22.5,C,0.75,0.75,0.6,0.72,18.934374999999985,0.6443012505249963,902.1050567043602,0.949584270215116,-0.37329494570508526,0.6455355311130659,0.7412583333333334
22.75,C,0.75,0.75,0.6,0.72,19.114374999999985,0.6423189717609217,901.7361276592794,0.9491959238518731,-0.375974709965262,0.6465321512482078,0.7412583333333334
23.0,C,0.75,0.75,0.6,0.72,19.294374999999985,0.6403466585475353,901.368316368991,0.9488087540726221,-0.3786474468896616,0.64752515821335,0.7412583333333334
23.25,C,0.75,0.75,0.6,0.72,19.474374999999984,0.6383842607848196,901.0016274891302,0.9484227657780318,-0.38131311357564474,0.6485145379080068,0.7412583333333334
23.5,C,0.75,0.75,0.6,0.72,19.654374999999984,0.6364317286246262,900.6360655058364,0.9480379636903541,-0.38397166831363655,0.649500276833682,0.7412583333333334
23.75,C,0.75,0.75,0.6,0.72,19.834374999999984,0.6344890124694089,900.2716347387169,0.947654352356544,-0.3866230705684739,0.6504823620841731,0.7412583333333334
24.0,C,0.75,0.75,0.6,0.72,20.014374999999983,0.632556062970965,899.9083393437647,0.9472719361513313,-0.38926728096099383,0.6514607813359645,0.7412583333333334
24.25,C,0.75,0.75,0.6,0.72,20.194374999999983,0.6306328310291802,899.5461833162303,0.9468907192802425,-0.39190426124991184,0.6524355228387307,0.7412583333333334
24.5,C,0.75,0.75,0.6,0.72,20.374374999999983,0.6287192677907829,899.1851704934495,0.9465107057825785,-0.39453397431394216,0.6534065754059296,0.7412583333333334
24.75,C,0.75,0.75,0.6,0.72,20.554374999999983,0.6268153246481021,898.8253045576272,0.9461318995343444,-0.39715638413418763,0.6543739284055002,0.7412583333333334
25.0,C,0.75,0.75,0.6,0.72,20.734374999999982,0.6249209532378333,898.4665890385788,0.9457543042511356,-0.3997714557767701,0.655337571750654,0.7412583333333334
25.25,C,0.75,0.75,0.6,0.72,20.914374999999982,0.6230361054398097,898.1090273164285,0.9453779234909774,-0.40237915537571084,0.6562974958907648,0.7412583333333334
25.5,C,0.75,0.75,0.6,0.72,21.09437499999998,0.6211607333757803,897.7526226242653,0.9450027606571214,-0.40497945011606445,0.6572536918023579,0.7412583333333334
25.75,C,0.75,0.75,0.6,0.72,21.27437499999998,0.6192947894081932,897.3973780507584,0.9446288190007983,-0.40757230821728874,0.6582061509801966,0.7412583333333334
26.0,C,0.75,0.75,0.6,0.72,21.45437499999998,0.6174382261389857,897.0432965427327,0.9442561016239291,-0.410157698916847,0.6591548654284615,0.7412583333333334
26.25,C,0.75,0.75,0.6,0.72,21.63437499999998,0.6155909964083806,896.6903809077022,0.9438846114817918,-0.41273559245405433,0.6600998276520308,0.7412583333333334
26.5,C,0.75,0.75,0.6,0.72,21.81437499999998,0.6137530532936877,896.338633816367,0.9435143513856494,-0.4153059600541417,0.6610410306478521,0.7412583333333334
26.75,C,0.75,0.75,0.6,0.72,21.99437499999998,0.6119243501081124,895.9880578050683,0.943145324005335,-0.41786877391256766,0.6619784678964168,0.7412583333333334
27.0,C,0.75,0.75,0.6,0.72,22.17437499999998,0.6101048403995696,895.638655278207,0.9427775318717968,-0.42042400717953154,0.6629121333533217,0.7412583333333334
27.25,C,0.75,0.75,0.6,0.72,22.35437499999998,0.6082944779495035,895.2904285106255,0.9424109773796058,-0.4229716339447236,0.6638420214409317,0.7412583333333334
27.5,C,0.75,0.75,0.6,0.72,22.53437499999998,0.6064932167717141,894.9433796499502,0.9420456627894213,-0.4255116292222813,0.6647681270401331,0.7412583333333334
27.75,C,0.75,0.75,0.6,0.72,22.71437499999998,0.6047010111111886,894.5975107188987,0.9416815902304196,-0.42804396893597596,0.6656904454821855,0.7412583333333334
28.0,C,0.75,2.0,0.6,1.1575000000000002,22.94906249999998,0.6023778235748273,894.1483353243107,0.9412087740255902,-0.4313341467083558,0.6668872874009029,0.7412583333333334
28.25,C,0.75,2.0,0.6,1.1575000000000002,23.23843749999998,0.5995342179734999,893.5972634628873,0.9406286983819867,-0.4353729673502784,0.6683541355624498,0.7412583333333334
28.5,C,0.75,2.0,0.6,1.1575000000000002,23.52781249999998,0.5967135595960751,893.0492585508947,0.9400518511062049,-0.43939178093615927,0.6698111595389576,0.7412583333333334
28.75,C,0.75,2.0,0.6,1.1575000000000002,23.817187499999978,0.5939156632638894,892.5043264372995,0.9394782383550521,-0.443390506165762,0.6712583491512547,0.7412583333333334
29.0,C,0.75,2.0,0.6,1.1575000000000002,24.106562499999978,0.5911403452926274,891.9624722314027,0.9389078655067397,-0.4473690672033775,0.6726956968889484,0.7412583333333334
29.25,C,0.75,2.0,0.6,1.1575000000000002,24.395937499999977,0.5883874234802623,891.4237003247445,0.9383407371839415,-0.4513273935355478,0.6741231978306514,0.7412583333333334
29.5,C,0.75,2.0,0.6,1.1575000000000002,24.685312499999977,0.5856567170950948,890.8880144124624,0.9377768572762762,-0.45526541983201557,0.6755408495657587,0.7412583333333334
29.75,C,0.75,2.0,0.6,1.1575000000000002,24.974687499999977,0.5829480468638875,890.3554175141134,0.9372162289622246,-0.459183085809849,0.6769486521177664,0.7412583333333334
30.0,C,0.75,2.0,0.6,1.1575000000000002,25.264062499999977,0.5802612349600954,889.8259119939717,0.9366588547304965,-0.46308033610066834,0.6783466078691209,0.7412583333333334
30.25,C,0.75,2.0,0.6,1.1575000000000002,25.553437499999976,0.577596104992192,889.299499580819,0.9361047364008621,-0.4669571201208861,0.6797347214875742,0.7412583333333334
30.5,C,0.75,2.0,0.6,1.1575000000000002,25.842812499999976,0.5749524819920885,888.7761813872344,0.9355538751444572,-0.47081339194491467,0.681112999854042,0.7412583333333334
30.75,C,0.75,2.0,0.6,1.1575000000000002,26.132187499999976,0.572330192403647,888.2559579284009,0.9350062715035798,-0.47464911018125655,0.6824814519919405,0.7412583333333334
31.0,C,0.75,2.0,0.6,1.1575000000000002,26.421562499999975,0.5697290640712867,887.7388291404347,0.9344619254109839,-0.47846423785143577,0.6838400889979961,0.7412583333333334
31.25,C,0.75,2.0,0.6,1.1575000000000002,26.710937499999975,0.5671489262286814,887.2247943982559,0.9339208362086904,-0.4822587422716515,0.6851889239744908,0.7412583333333334
31.5,C,0.75,2.0,0.6,1.1575000000000002,27.000312499999975,0.564589609487549,886.7138525330029,0.9333830026663188,-0.48603259493718,0.6865279719629621,0.7412583333333334
31.75,C,0.75,2.0,0.6,1.1575000000000002,27.289687499999975,0.5620509458265305,886.2060018490109,0.9328484229989589,-0.4897857714093713,0.6878572498793041,0.7412583333333334
32.0,C,0.75,2.0,0.6,1.1575000000000002,27.579062499999974,0.5595327685801595,885.7012401403565,0.9323170948845858,-0.49351825120524734,0.6891767764502778,0.7412583333333334
32.25,C,0.75,2.0,0.6,1.1575000000000002,27.868437499999974,0.5570349124279207,885.1995647069855,0.9317890154810373,-0.4972300176896066,0.6904865721514027,0.7412583333333334
32.5,C,0.75,2.0,0.6,1.1575000000000002,28.157812499999974,0.5545572133833958,884.7009723704292,0.9312641814425571,-0.5009210579696027,0.6917866591462178,0.7412583333333334
32.75,C,0.75,2.0,0.6,1.1575000000000002,28.447187499999973,0.5520995087834983,884.2054594891229,0.9307425889359188,-0.5045913627917165,0.6930770612268871,0.7412583333333334
33.0,C,0.75,2.0,0.6,1.1575000000000002,28.736562499999973,0.5496616372777945,883.7130219733324,0.9302242336561394,-0.508240926441101,0.6943578037561446,0.7412583333333334
33.25,C,0.75,2.0,0.6,1.1575000000000002,29.025937499999973,0.54724343881791,883.2236552997024,0.929709110841792,-0.5118697466432063,0.6956289136105456,0.7412583333333334
33.5,C,0.75,2.0,0.6,1.1575000000000002,29.315312499999973,0.5448447546470234,882.7373545254305,0.9291972152899268,-0.5154778244676711,0.6968904191250197,0.7412583333333334
33.75,C,0.75,2.0,0.6,1.1575000000000002,29.604687499999972,0.5424654272894429,882.2541143020826,0.9286885413706133,-0.5190651642344009,0.698142350038699,0.7412583333333334
34.0,C,0.75,2.0,0.6,1.1575000000000002,29.894062499999972,0.5401053005402683,881.7739288890515,0.9281830830411069,-0.5226317734218006,0.6993847374420059,0.7412583333333334
34.25,C,0.75,0.75,0.6,0.72,30.12874999999997,0.5382051959526435,881.3867304527939,0.9277755057397831,-0.5255091304262637,0.7003853460904551,0.7412583333333334
34.5,C,0.75,0.75,0.6,0.72,30.30874999999997,0.5367562960598021,881.0911146738001,0.927464331235579,-0.5277067675573865,0.7011485623209273,0.7412583333333334
34.75,C,0.75,0.75,0.6,0.72,30.48874999999997,0.5353146802511097,880.7966748669502,0.9271543945967897,-0.5298963954544609,0.7019081172673569,0.7412583333333334
35.0,C,0.75,0.75,0.6,0.72,30.66874999999997,0.5338803119071406,880.5034093655072,0.9268456940689549,-0.5320780182389419,0.7026640193843259,0.7412583333333334
35.25,C,0.75,0.75,0.6,0.72,30.84874999999997,0.5324531545925666,880.2113164516826,0.9265382278438764,-0.5342516404525511,0.7034162772984527,0.7412583333333334
35.5,C,0.75,0.75,0.6,0.72,31.02874999999997,0.5310331720552319,879.9203943577396,0.9262319940607785,-0.5364172670496474,0.7041648998040131,0.7412583333333334
35.75,C,0.75,0.75,0.6,0.72,31.20874999999997,0.5296203282252316,879.6306412670796,0.9259269908074522,-0.5385749033897044,0.7049098958586272,0.7412583333333334
36.0,C,0.75,0.75,0.6,0.72,31.38874999999997,0.5282145872139961,879.342055315311,0.92562321612138,-0.5407245552298904,0.7056512745790093,0.7412583333333334
36.25,C,0.75,0.75,0.6,0.72,31.56874999999997,0.5268159133133787,879.0546345913004,0.9253206679908426,-0.5428662287177718,0.7063890452367919,0.7412583333333334
36.5,C,0.75,0.75,0.6,0.72,31.74874999999997,0.5254242709947494,878.7683771382078,0.9250193443560082,-0.5449999303840972,0.7071232172544029,0.7412583333333334
36.75,C,0.75,0.75,0.6,0.72,31.92874999999997,0.5240396249080919,878.4832809545031,0.9247192431100033,-0.5471256671357061,0.7078538002010167,0.7412583333333334
37.0,C,0.75,0.75,0.6,0.72,32.10874999999997,0.5226619398811054,878.199343994968,0.9244203620999663,-0.549243446248531,0.7085808037885657,0.7412583333333334
37.25,C,0.75,0.75,0.6,0.72,32.28874999999997,0.5212911809183123,877.9165641716809,0.9241226991280851,-0.551353275360698,0.709304237867812,0.7412583333333334
37.5,C,0.75,0.75,0.6,0.72,32.46874999999997,0.5199273132001676,877.6349393549852,0.923826251952616,-0.5534551624657321,0.7100241124244855,0.7412583333333334
37.75,C,0.75,0.75,0.6,0.72,32.64874999999997,0.518570302082176,877.3544673744435,0.923531018288888,-0.5555491159058605,0.7107404375754818,0.7412583333333334
38.0,C,0.75,0.75,0.6,0.72,32.82874999999997,0.5172201130940108,877.0751460197739,0.9232369958102883,-0.5576351443654041,0.7114532235651194,0.7412583333333334
38.25,C,0.75,0.75,0.6,0.72,33.00874999999997,0.5158767119386389,876.7969730417725,0.9229441821492342,-0.5597132568642847,0.7121624807614636,0.7412583333333334
38.5,C,0.75,0.75,0.6,0.72,33.18874999999997,0.5145400644914493,876.5199461532217,0.922652574898128,-0.5617834627515943,0.7128682196526981,0.7412583333333334
38.75,C,0.75,0.75,0.6,0.72,33.36874999999997,0.5132101367993862,876.2440630297812,0.922362171610296,-0.5638457716992895,0.7135704508435688,0.7412583333333334
39.0,C,0.75,0.75,0.6,0.72,33.54874999999997,0.5118868950800868,875.9693213108662,0.9220729698009118,-0.5659001936959598,0.7142691850518776,0.7412583333333334
39.25,C,0.75,0.75,0.6,0.72,33.72874999999997,0.5105703057210231,875.6957186005112,0.9217849669479066,-0.5679467390406854,0.7149644331050353,0.7412583333333334
39.5,C,0.75,0.75,0.6,0.72,33.90874999999997,0.5092603352786482,875.4232524682186,0.9214981604928617,-0.5699854183369933,0.7156562059366731,0.7412583333333334
39.75,C,0.75,0.75,0.6,0.72,34.08874999999997,0.5079569504775464,875.1519204497941,0.9212125478418886,-0.5720162424868969,0.7163445145833106,0.7412583333333334
40.0,C,0.75,0.75,0.6,0.72,34.26874999999997,0.5066601182095882,874.8817200481681,0.9209281263664927,-0.5740392226850185,0.7170293701810769,0.7412583333333334
40.25,C,0.75,0.75,0.6,0.72,34.44874999999997,0.5053698055330894,874.6126487342037,0.920644893404425,-0.5760543704128012,0.7177107839624888,0.7412583333333334
40.5,C,0.75,0.75,0.6,0.72,34.62874999999997,0.5040859796719741,874.3447039474917,0.9203628462605176,-0.5780616974328013,0.7183887672532819,0.7412583333333334
40.75,C,0.75,0.75,0.6,0.72,34.80874999999997,0.5028086080149423,874.0778830971309,0.9200819822075063,-0.5800612157830756,0.7190633314692993,0.7412583333333334
41.0,C,0.75,0.75,0.6,0.72,34.98874999999997,0.5015376581146413,873.812183562498,0.91980229848684,-0.5820529377716327,0.7197344881134279,0.7412583333333334
41.25,C,0.75,0.75,0.6,0.72,35.16874999999997,0.5002730976868419,873.5476026940025,0.9195237923094763,-0.5840368759709801,0.7204022487725914,0.7412583333333334
41.5,C,0.75,0.75,0.6,0.72,35.34874999999997,0.499014894609618,873.2841378138306,0.9192464608566638,-0.5860130432127362,0.7210666251147908,0.7412583333333334
41.75,C,0.75,0.75,0.6,0.72,35.52874999999997,0.49776301692253055,873.0217862166753,0.9189703012807109,-0.5879814525823426,0.7217276288862036,0.7412583333333334
42.0,C,0.75,0.75,0.6,0.72,35.70874999999997,0.496517432825816,872.7605451704559,0.9186953107057431,-0.5899421174138324,0.7223852719083249,0.7412583333333334
42.25,C,0.75,0.75,0.6,0.72,35.888749999999966,0.4952781106795784,872.5004119170245,0.9184214862284469,-0.5918950512846815,0.723039566075163,0.7412583333333334
42.5,C,0.75,0.75,0.6,0.72,36.068749999999966,0.4940450190029857,872.2413836728609,0.918148824918801,-0.5938402680107473,0.7236905233504862,0.7412583333333334
42.75,C,0.75,0.75,0.6,0.72,36.248749999999966,0.49281812647347,871.9834576297565,0.9178773238207962,-0.5957777816412597,0.7243381557651117,0.7412583333333334
43.0,C,0.75,0.75,0.6,0.72,36.428749999999965,0.49159740192593215,871.7266309554848,0.9176069799531419,-0.5977076064539139,0.7249824754142529,0.7412583333333334
43.25,C,0.75,0.75,0.6,0.72,36.608749999999965,0.49038281435194975,871.470900794464,0.9173377903099621,-0.5996297569500003,0.7256234944549009,0.7412583333333334
43.5,C,0.75,0.75,0.6,0.72,36.788749999999965,0.4891743328989898,871.2162642684053,0.9170697518614793,-0.6015442478496399,0.7262612251032659,0.7412583333333334
43.75,C,0.75,0.75,0.6,0.72,36.968749999999964,0.4879719268696249,870.962718476952,0.9168028615546863,-0.6034510940870661,0.7268956796322551,0.7412583333333334
44.0,C,0.75,0.75,0.6,0.72,37.148749999999964,0.4867755657207533,870.710260498307,0.9165371163140074,-0.6053503108059938,0.7275268703690042,0.7412583333333334
44.25,C,0.75,0.75,0.6,0.72,37.328749999999964,0.4855852190628234,870.4588873898506,0.916272513041948,-0.6072419133550379,0.7281548096924457,0.7412583333333334
44.5,C,0.75,0.75,0.6,0.72,37.508749999999964,0.4844008566590615,870.2085961887475,0.9160090486197342,-0.6091259172832179,0.7287795100309298,0.7412583333333334
44.75,C,0.75,0.75,0.6,0.72,37.68874999999996,0.4832224484247039,869.9593839125424,0.9157467199079394,-0.611002338335516,0.7294009838598832,0.7412583333333334
45.0,C,0.75,0.75,0.6,0.72,37.86874999999996,0.4820499644262326,869.711247559748,0.9154855237471031,-0.6128711924485092,0.7300192436995148,0.7412583333333334
45.25,C,0.75,0.75,0.6,0.72,38.04874999999996,0.48088337488061506,869.4641841104202,0.915225456958337,-0.6147324957460599,0.7306343021125621,0.7412583333333334
45.5,C,0.75,0.75,0.6,0.72,38.22874999999996,0.4797226501545475,869.2181905267255,0.9149665163439216,-0.6165862645350757,0.7312461717020813,0.7412583333333334
45.75,C,0.75,0.75,0.6,0.72,38.40874999999996,0.47856776076370233,868.973263753498,0.9147086986878926,-0.6184325153013295,0.7318548651092786,0.7412583333333334
46.0,C,0.75,0.75,0.6,0.72,38.58874999999996,0.47741867737197907,868.7294007187868,0.9144520007566177,-0.6202712647053403,0.7324603950113805,0.7412583333333334
46.25,C,0.75,0.75,0.6,0.72,38.76874999999996,0.4762753707907593,868.4865983343946,0.9141964192993627,-0.622102529578319,0.7330627741195486,0.7412583333333334
46.5,C,0.75,0.75,0.6,0.72,38.94874999999996,0.47513781197816507,868.2448534964061,0.9139419510488486,-0.6239263269181747,0.7336620151768312,0.7412583333333334
46.75,C,0.75,0.75,0.6,0.72,39.12874999999996,0.4740059720383213,868.0041630857085,0.9136885927217984,-0.625742673885574,0.7342581309561542,0.7412583333333334
47.0,C,0.75,0.75,0.6,0.72,39.30874999999996,0.47287982222062164,867.7645239685017,0.9134363410194756,-0.6275515878000711,0.734851134258355,0.7412583333333334
47.25,C,0.75,0.75,0.6,0.72,39.48874999999996,0.47175933391899844,867.5259329968014,0.9131851926282121,-0.6293530861362854,0.7354410379102486,0.7412583333333334
47.5,C,0.75,0.75,0.6,0.72,39.66874999999996,0.47064447867119574,867.2883870089321,0.9129351442199285,-0.6311471865201369,0.7360278547627351,0.7412583333333334
47.75,C,0.75,0.75,0.6,0.72,39.84874999999996,0.46953522815804655,867.0518828300117,0.9126861924526438,-0.6329339067251477,0.7366115976889448,0.7412583333333334
48.0,C,0.75,0.75,0.6,0.72,40.02874999999996,0.4684315542027534,866.8164172724289,0.9124383339709778,-0.6347132646687857,0.7371922795824175,0.7412583333333334
48.25,C,0.75,0.75,0.6,0.72,40.20874999999996,0.4673334287701726,866.5819871363108,0.9121915654066429,-0.6364852784088784,0.7377699133553214,0.7412583333333334
48.5,C,0.75,0.75,0.6,0.72,40.38874999999996,0.466240823966102,866.3485892099832,0.9119458833789297,-0.6382499661400695,0.7383445119367055,0.7412583333333334
48.75,C,0.75,0.75,0.6,0.72,40.56874999999996,0.46515371203657285,866.1162202704229,0.911701284495182,-0.6400073461903271,0.7389160882707849,0.7412583333333334
49.0,C,0.75,0.75,0.6,0.72,40.74874999999996,0.4640720653671442,865.8848770837018,0.911457765351265,-0.6417574370175186,0.7394846553152669,0.7412583333333334
49.25,C,0.75,0.75,0.6,0.72,40.92874999999996,0.4629958564822018,865.6545564054232,0.9112153225320244,-0.6435002572060212,0.7400502260397044,0.7412583333333334
49.5,C,0.75,0.75,0.6,0.72,41.10874999999996,0.4619250580442603,865.4252549811508,0.9109739526117377,-0.6452358254633997,0.7406128134238893,0.7412583333333334
49.75,C,0.75,0.75,0.6,0.72,41.28874999999996,0.46085964285326847,865.1969695468298,0.9107336521545577,-0.6469641606171173,0.7411724304562731,0.7412583333333334
50.0,C,0.75,0.75,0.6,0.72,41.46874999999996,0.45979958384591846,864.9696968292006,0.910494417714948,-0.6486852816113116,0.7417290901324243,0.7412583333333334
0.0,D,0.75,0.75,1.175,0.835,0.0,0.92,944.8336149185893,0.9945616999143045,-0.0701186111499833,0.5279503731974511,0.742075
0.25,D,0.75,0.75,1.5,0.9,0.21687499999999998,0.9159437532438007,944.3474852159737,0.9940499844378671,-0.07349016895464634,0.5292919665203066,0.742075
0.5,D,0.75,0.75,1.175,0.835,0.43374999999999997,0.9119120634096122,943.8595310672689,0.993536348491862,-0.07687612606456458,0.5306389550146584,0.742075
0.75,D,0.75,0.75,0.85,0.77,0.6343749999999999,0.9082041966148118,943.4065947313275,0.9930595734013973,-0.08002065837202932,0.5318895871746028,0.742075
1.0,D,0.75,0.75,1.1749999999999998,0.835,0.835,0.9045171003678348,942.9522490943094,0.9925813148361152,-0.0831764919519858,0.5331443976695349,0.742075
1.25,D,0.75,0.75,1.5,0.9,1.051875,0.9005545886286647,942.459599469921,0.9920627362841274,-0.086600099451446,0.5345053065760014,0.742075
1.5,D,0.75,0.75,1.1750000000000003,0.8350000000000001,1.2687499999999998,0.8966160663303727,941.9654732671619,0.9915426034391178,-0.09003576638908804,0.5358706036156491,0.742075
1.75,D,0.75,0.75,0.85,0.77,1.4693749999999999,0.8929938839078609,941.5071305690132,0.9910601374410665,-0.09322424166109813,0.5371372919060778,0.742075
2.0,D,0.75,0.75,1.1749999999999998,0.835,1.67,0.8893919920506245,941.0476640099552,0.9905764884315318,-0.0964220934083091,0.53840732706382,0.742075
2.25,D,0.75,0.75,1.5,0.9,1.8868749999999999,0.8855210492242138,940.5497931257586,0.9900524138165879,-0.09988899933205943,0.5397837750346623,0.742075
2.5,D,0.75,0.75,1.1750000000000003,0.8350000000000001,2.10375,0.8816735414713599,940.0507654174024,0.9895271214920025,-0.10336580282224142,0.5411636739384595,0.742075
2.75,D,0.75,0.75,0.85,0.77,2.304375,0.8781350633576498,939.5881671327472,0.9890401759292076,-0.10659044574170073,0.5424430507027875,0.742075
3.0,D,0.75,0.75,1.1749999999999998,0.835,2.505,0.8746164069184902,939.1247072334145,0.9885523234035942,-0.10982268719248917,0.5437250009515758,0.742075
3.25,D,0.75,0.75,1.5,0.9,2.721875,0.8708349169566514,938.62280838101,0.9880240088221158,-0.11332480742651795,0.5451134747786641,0.742075
3.5,D,0.75,0.75,1.1750000000000003,0.8350000000000001,2.9387499999999998,0.8670763205118146,938.1200463300686,0.9874947856105986,-0.11683482882159126,0.5465045283303582,0.742075
3.75,D,0.75,0.75,0.85,0.77,3.139375,0.8636196124003211,937.6542493316173,0.9870044729806497,-0.12008845871396409,0.5477934625807424,0.742075
4.0,D,0.75,0.75,1.1749999999999996,0.835,3.34,0.8601822679081579,937.1878314103147,0.9865135067476998,-0.12334804573988309,0.5490842518557616,0.742075
4.25,D,0.75,0.75,1.5,0.9,3.556875,0.8564881636620493,936.6829999569567,0.9859821052178491,-0.1268779164635142,0.5504814872624586,0.742075
4.5,D,0.75,0.75,1.1750000000000003,0.8350000000000001,3.7737499999999997,0.8528164238911128,936.1775746513413,0.9854500785803593,-0.13041384582687096,0.5518804936217193,0.742075
4.75,D,0.75,0.75,0.85,0.77,3.9743749999999998,0.8494395961747655,935.709548552742,0.9849574195292021,-0.13368983500766002,0.5531760782537221,0.742075
5.0,D,0.75,0.75,1.1749999999999996,0.835,4.175,0.8460816846076371,935.241122196159,0.9844643391538517,-0.13697026693681735,0.5544728514404289,0.742075
5.25,D,0.75,0.75,1.5,0.9,4.391875,0.8424729466977572,934.7343625217655,0.9839309079176479,-0.14052100128403658,0.55587581975465,0.742075
5.5,D,0.75,0.75,1.1750000000000016,0.8350000000000003,4.60875,0.8388860564467443,934.227255784857,0.9833971113524811,-0.1440760949155707,0.5572798093759552,0.742075
5.75,D,0.75,0.75,0.85,0.77,4.809374999999999,0.8355872631850348,933.7578891303705,0.9829030411898636,-0.14736833015035877,0.558579349277475,0.742075
6.0,D,0.75,0.75,1.1749999999999996,0.835,5.009999999999999,0.8323069489429327,933.2883242787996,0.9824087623987364,-0.15066361193438982,0.5598794605142386,0.742075
6.25,D,0.75,0.75,1.5,0.9,5.226874999999999,0.8287816046552281,932.7805562385904,0.981874269724832,-0.15422885987425192,0.5612853562329296,0.742075
6.5,D,0.75,0.75,1.1749999999999994,0.8349999999999999,5.443749999999999,0.8252776031530928,932.2726669740383,0.9813396494463561,-0.15779690098081672,0.5626915796387453,0.742075
6.75,D,0.75,0.75,0.85,0.77,5.644374999999998,0.8220550410629928,931.8027730048649,0.9808450242156472,-0.16109974779046635,0.56399258055776,0.742075
7.0,D,0.75,0.75,1.1749999999999994,0.8349999999999999,5.844999999999998,0.8188505309644315,931.3328656211793,0.9803503848643993,-0.1644043549565603,0.5652935822684979,0.742075
7.25,D,0.75,0.75,1.5,0.9,6.061874999999998,0.815406653171914,930.8249305662118,0.9798157163854861,-0.1679782661183895,0.5666998113803711,0.742075
7.5,D,0.75,0.75,1.1750000000000016,0.8350000000000003,6.278749999999998,0.811983624958687,930.317080668648,0.9792811375459453,-0.1715535283624361,0.5681057276621064,0.742075
7.75,D,0.75,0.75,0.85,0.77,6.479374999999997,0.8088355324288846,929.847402694705,0.9787867396786368,-0.1748617979330488,0.5694058857218776,0.742075
8.0,D,0.75,0.75,1.1749999999999994,0.8349999999999999,6.679999999999997,0.8057050747306611,929.3778800454054,0.978292505310953,-0.17817064408666589,0.5707055182726039,0.742075
8.25,D,0.75,0.75,1.5,0.9,6.896874999999997,0.8023407808399451,928.8705464310773,0.9777584699274497,-0.1817478332832275,0.5721096872301461,0.742075
8.5,D,0.75,0.75,1.1749999999999996,0.835,7.113749999999997,0.7989968547196487,928.3634862922639,0.9772247224129094,-0.18532504696940885,0.5735129531735895,0.742075
8.75,D,0.75,0.75,0.85,0.77,7.3143749999999965,0.7959215108475652,927.8947026962406,0.9767312659960428,-0.18863396545055158,0.5748101449446412,0.742075
9.0,D,0.75,0.75,1.1749999999999994,0.8349999999999999,7.514999999999996,0.792863394287169,927.4262282709504,0.9762381350220531,-0.19194237211761503,0.5761063268377218,0.742075
9.25,D,0.75,0.75,1.5,0.9,7.731874999999996,0.7895768452093531,926.9201968814846,0.9757054704015627,-0.19551788734376702,0.5775062320901451,0.742075
9.5,D,0.75,0.75,1.1750000000000018,0.8350000000000004,7.948749999999996,0.7863101932271133,926.4146105194012,0.9751732742309487,-0.19909220802686578,0.5789046918418806,0.742075
9.75,D,0.75,0.75,0.85,0.77,8.149374999999996,0.783305916878173,925.9473394180943,0.9746814099137835,-0.2023973880226687,0.5801969648976191,0.742075
10.0,D,0.75,0.75,1.1749999999999992,0.8349999999999999,8.349999999999996,0.7803184697383262,925.4805175120811,0.9741900184337695,-0.20570105664057087,0.5814877834344033,0.742075
10.25,D,0.75,0.75,1.5,0.9,8.566874999999996,0.7771078688836566,924.9764263270963,0.9736593961337856,-0.20927034934642766,0.5828814014506813,0.742075
10.5,D,0.75,0.75,1.1749999999999996,0.835,8.783749999999996,0.7739167053264528,924.4729361635993,0.9731294064879993,-0.21283732866479704,0.5842730766586869,0.742075
10.75,D,0.75,0.75,0.85,0.77,8.984374999999996,0.7709818542150915,924.0077397498197,0.9726397260524419,-0.21613474274131783,0.585558640556348,0.742075
11.0,D,0.75,0.75,1.1749999999999967,0.8349999999999993,9.184999999999997,0.7680634434099053,923.5431197324458,0.9721506523499429,-0.2194297286262967,0.5868423429130385,0.742075
11.25,D,0.75,0.75,1.5,0.9,9.401874999999997,0.7649270357056711,923.0415484599384,0.9716226825894089,-0.22298862608305892,0.5882278206388464,0.742075
11.5,D,0.75,0.75,1.175000000000002,0.8350000000000004,9.618749999999997,0.7618096161261779,922.5407197708712,0.9710954944956539,-0.22654418464038242,0.5896109010144966,0.742075
11.75,D,0.75,0.75,0.85,0.77,9.819374999999997,0.758942585918089,922.0781083576309,0.9706085351132957,-0.2298301406892427,0.5908881186554569,0.742075
12.0,D,0.75,0.75,1.174999999999999,0.8349999999999997,10.019999999999998,0.7560916161003389,921.6161886480744,0.9701223038400784,-0.23311282882388576,0.5921631033289054,0.742075
12.25,D,0.75,0.75,1.5,0.9,10.236874999999998,0.7530276870314633,921.1176629464774,0.9695975399436604,-0.2366575084175043,0.5935387490334713,0.742075
12.5,D,0.75,0.75,1.1749999999999998,0.835,10.453749999999998,0.7499823072944487,920.6200080064873,0.9690736926384077,-0.24019791055211878,0.5949115832937463,0.742075
12.75,D,0.75,0.75,0.85,0.77,10.654374999999998,0.747181530729575,920.160443793692,0.9685899408354652,-0.243469028865305,0.5961789626274723,0.742075
13.0,D,0.75,0.75,1.1750000000000012,0.8350000000000002,10.854999999999999,0.7443964434186048,919.7016755638252,0.9681070269092897,-0.24673611136435725,0.5974437712173328,0.742075
13.25,D,0.75,0.75,1.5,0.9,11.071874999999999,0.741403318090406,919.206670974264,0.9675859694465936,-0.2502630766673817,0.5988080456962447,0.742075
13.5,D,0.75,0.75,1.1750000000000023,0.8350000000000004,11.288749999999999,0.7384283134411675,918.7126529170661,0.9670659504390169,-0.25378490696318,0.6001691328544703,0.742075
13.75,D,0.75,0.75,0.85,0.77,11.489374999999999,0.7356922594769597,918.2565534995637,0.9665858457890144,-0.25703809888709833,0.6014253188987249,0.742075
14.0,D,0.75,0.75,1.174999999999999,0.8349999999999997,11.69,0.7329715322067396,917.8013441225195,0.9661066780237048,-0.2602865540126746,0.6026786282003536,0.742075
14.25,D,0.75,0.75,1.5,0.9,11.906875,0.7300475744293513,917.3102897309523,0.9655897786641603,-0.2637926124981151,0.6040301363084823,0.742075
14.5,D,0.75,0.75,1.175,0.835,12.12375,0.727141318583679,916.8203261443624,0.9650740275203815,-0.2672927539041672,0.6053781172896155,0.742075
14.75,D,0.75,0.75,0.85,0.77,12.324375,0.7244684915581519,916.3680677789112,0.9645979660830644,-0.2705252019529147,0.6066218844462863,0.742075
15.0,D,0.75,0.75,1.1749999999999965,0.8349999999999993,12.525,0.7218106370450232,915.9167840406111,0.9641229305690643,-0.27375227456167006,0.6078624988351378,0.742075
15.25,D,0.75,0.75,1.5,0.9,12.741875,0.7189542484389722,915.4300658881922,0.9636105956717812,-0.2772345168349287,0.6091999813303964,0.742075
15.5,D,0.75,0.75,1.1750000000000025,0.8350000000000005,12.95875,0.7161151526941416,914.9445321619431,0.9630995075388875,-0.28071013027274583,0.610533630893008,0.742075
15.75,D,0.75,0.75,0.85,0.77,13.159375,0.7135040915082717,914.4964528094715,0.9626278450626016,-0.2839192695911046,0.6117638755442542,0.742075
16.0,D,0.75,0.75,1.1749999999999987,0.8349999999999997,13.360000000000001,0.7109076568379247,914.0494238992078,0.9621572883149556,-0.28712245290630767,0.6129907196375934,0.742075
16.25,D,0.75,0.75,1.5,0.9,13.576875000000001,0.708117275960378,913.5673881579722,0.9616498822715497,-0.290578233341944,0.6143130453213227,0.742075
16.5,D,0.75,0.75,1.1750000000000003,0.8350000000000001,13.793750000000001,0.7053437883266866,913.0866206010955,0.9611438111590479,-0.2940267386898639,0.6156312642732282,0.742075
16.75,D,0.75,0.75,0.85,0.77,13.994375000000002,0.7027930656457037,912.6430227595088,0.9606768660626408,-0.2972102397660812,0.6168469976468272,0.742075
17.0,D,0.75,0.75,1.175000000000001,0.8350000000000002,14.195000000000002,0.7002566314789425,912.2005430545814,0.960211097952191,-0.30038725837674934,0.6180591092324655,0.742075
17.25,D,0.75,0.75,1.5,0.9,14.411875000000002,0.6975307329701459,911.7234989843822,0.9597089462993497,-0.3038141770567255,0.6193652673762386,0.742075
17.5,D,0.75,0.75,1.1750000000000025,0.8350000000000005,14.628750000000002,0.6948213373225196,911.2477977278013,0.9592082081345277,-0.30723323541035863,0.6206670750743992,0.742075
17.75,D,0.75,0.75,0.85,0.77,14.829375000000002,0.6923295587956548,910.8089510695529,0.9587462642837399,-0.31038898794727315,0.6218674163703186,0.742075
18.0,D,0.75,0.75,1.1749999999999985,0.8349999999999997,15.030000000000003,0.6898517385925168,910.3712827279433,0.958285560766256,-0.31353778194486154,0.6230639395950401,0.742075
18.25,D,0.75,0.75,1.5,0.9,15.246875000000003,0.6871888323419578,909.8995054294883,0.9577889530836718,-0.3169336678036052,0.6243530326466065,0.742075
18.5,D,0.75,0.75,1.1750000000000003,0.8350000000000001,15.463750000000003,0.6845420475911614,909.4291371284002,0.9572938285562107,-0.3203211649198559,0.6256375597746644,0.742075
18.75,D,0.75,0.75,0.85,0.77,15.664375000000003,0.6821078510894265,908.9952809560828,0.9568371378485082,-0.32344726278063746,0.6268217295472319,0.742075
19.0,D,0.75,0.75,1.1749999999999963,0.8349999999999993,15.865000000000004,0.6796872903512314,908.5626563301904,0.9563817435054636,-0.3265659729512987,0.6280019083597341,0.742075
19.25,D,0.75,0.75,1.5,0.9,16.081875000000004,0.6770859206830714,908.0963893080221,0.9558909361137076,-0.32992886804082067,0.6292731449229623,0.742075
19.5,D,0.75,0.75,1.1750000000000027,0.8350000000000005,16.298750000000005,0.6745002999660727,907.6315896576591,0.9554016733238517,-0.3332828988806253,0.6305396265417061,0.742075
19.75,D,0.75,0.75,0.85,0.77,16.499375000000004,0.6721223548376531,907.202935189962,0.9549504580946968,-0.3363776260323488,0.6317069403333916,0.742075
20.0,D,0.75,0.75,1.1749999999999985,0.8349999999999997,16.700000000000003,0.6697577303665669,906.7755590735536,0.9545005884984775,-0.3394645800294991,0.6328701121780518,0.742075
20.25,D,0.75,0.75,1.5,0.9,16.916875000000005,0.6672164752438968,906.3150166218669,0.9540158069703862,-0.3427927248249768,0.6341228002632116,0.742075
20.5,D,0.75,0.75,1.1750000000000052,0.8350000000000011,17.133750000000006,0.6646906051329402,905.8559926993025,0.9535326238940026,-0.34611157911690205,0.6353705691305932,0.742075
20.75,D,0.75,0.75,0.85,0.77,17.334375000000005,0.6623676114757955,905.4327251988535,0.9530870791566879,-0.34917339650137746,0.6365204313544838,0.742075
21.0,D,0.75,0.75,1.1750000000000007,0.8350000000000002,17.535000000000004,0.6600576306515058,905.0107769185395,0.9526429230721468,-0.35222709592946727,0.6376660211132386,0.742075
21.25,D,0.75,0.75,1.5,0.9,17.751875000000005,0.657575100898991,904.5561463418647,0.9521643645703839,-0.3555189156020917,0.6388995616548577,0.742075
21.5,D,0.75,0.75,1.175000000000003,0.8350000000000006,17.968750000000007,0.6551076006289475,904.1030787856699,0.9516874513533368,-0.35880106435517717,0.6401280418129658,0.742075
21.75,D,0.75,0.75,0.85,0.77,18.169375000000006,0.6528382885802202,903.6853595394892,0.9512477468836729,-0.36182859762219044,0.6412599398816687,0.742075
22.0,D,0.75,0.75,1.1749999999999936,0.8349999999999987,18.370000000000005,0.6505816886533256,903.268994901281,0.9508094683171379,-0.364847705968071,0.6423874540618238,0.742075
22.25,D,0.75,0.75,1.5,0.9,18.586875000000003,0.6481565271978138,902.8204385812369,0.950337303769723,-0.368101797557831,0.643601334701852,0.742075
22.5,D,0.75,0.75,1.1750000000000007,0.8350000000000002,18.803750000000004,0.6457460479113873,902.3734836199917,0.9498668248631491,-0.37134588045776723,0.6448100353286389,0.742075
22.75,D,0.75,0.75,0.85,0.77,19.004375000000003,0.6435291769532341,901.96145178256,0.9494331071395368,-0.3743379085009858,0.6459235340276097,0.742075
23.0,D,0.75,0.75,1.1749999999999958,0.8349999999999992,19.205000000000002,0.6413247243549633,901.5508048833444,0.9490008472456257,-0.3773212398542894,0.6470325551935999,0.742075
23.25,D,0.75,0.75,1.5,0.9,19.421875,0.6389556054836418,901.1084622019085,0.9485352233704301,-0.3805363602806519,0.6482263443277559,0.742075
23.5,D,0.75,0.75,1.1749999999999985,0.8349999999999997,19.63875,0.6366008294940171,900.6677535418258,0.9480713195177114,-0.38374117390852114,0.6494148538513782,0.742075
23.75,D,0.75,0.75,0.85,0.77,19.839375,0.6344351877754795,900.2615278500934,0.9476437135264142,-0.38669661814897904,0.6505095899546766,0.742075
24.0,D,0.75,0.75,1.174999999999998,0.8349999999999996,20.04,0.6322816774433624,899.85671276319,0.9472175923823053,-0.3896431266575043,0.6515997714017565,0.742075
24.25,D,0.75,0.75,1.5,0.9,20.256875,0.6299673060790578,899.4207018922241,0.9467586335707622,-0.3928181815107249,0.6527731124868099,0.742075
24.5,D,0.75,0.75,1.1750000000000054,0.8350000000000011,20.473750000000003,0.6276669461495877,898.9863524734494,0.9463014236562626,-0.39598266832827084,0.6539410929602906,0.742075
24.75,D,0.75,0.75,0.85,0.77,20.674375,0.6255513498241357,898.5860328424752,0.9458800345710265,-0.39890058269459633,0.6550167700865714,0.742075
25.0,D,0.75,0.75,1.1750000000000003,0.8350000000000001,20.875,0.623447604543256,898.1871451858228,0.9454601528271819,-0.4018093527047963,0.6560878307541625,0.742075
25.25,D,0.75,0.75,1.5,0.9,21.091875,0.6211867155364814,897.7575647519328,0.9450079628967714,-0.4049433857650229,0.6572404368736211,0.742075
25.5,D,0.75,0.75,1.1750000000000032,0.8350000000000006,21.308750000000003,0.61893951417702,897.3296683824312,0.9445575456657171,-0.4080666238146133,0.6583876186071786,0.742075
25.75,D,0.75,0.75,0.85,0.77,21.509375000000002,0.6168728067554026,896.9353373897563,0.9441424604102698,-0.4109461853730103,0.659444002313377,0.742075
26.0,D,0.75,0.75,1.1750000000000025,0.8350000000000005,21.71,0.6148176765148743,896.5424557846982,0.943728900825998,-0.41381642220949677,0.6604957219354397,0.742075
26.25,D,0.75,0.75,1.5,0.9,21.926875000000003,0.6126090339522361,896.1193864178889,0.9432835646504094,-0.4169086056447481,0.6616273706206602,0.742075
26.5,D,0.75,0.75,1.175000000000001,0.8350000000000002,22.143750000000004,0.6104137627317326,895.6980192932314,0.9428400203086647,-0.4199897989161656,0.6627535470686234,0.742075
26.75,D,0.75,0.75,0.85,0.77,22.344375000000003,0.6083948144497837,895.3097435595384,0.9424313090100405,-0.4228302991066878,0.663790460178352,0.742075
27.0,D,0.75,0.75,1.1749999999999954,0.8349999999999991,22.545,0.6063871758140988,894.9229309876309,0.9420241378817168,-0.4256613204480535,0.6648226746676743,0.742075
27.25,D,0.75,0.75,1.5,0.9,22.761875,0.6042295723426855,894.5064367616452,0.9415857229069949,-0.428710945645883,0.665933202970934,0.742075
27.5,D,0.75,0.75,1.1749999999999987,0.8349999999999997,22.97875,0.6020850312176633,894.0916588784398,0.9411491146088841,-0.43174941506555203,0.667038225869603,0.742075
27.75,D,0.75,0.75,0.85,0.77,23.179375,0.6001127384187174,893.7094903515422,0.9407468319489918,-0.43455025150440957,0.66805554403278,0.742075
28.0,D,0.75,0.75,1.1749999999999978,0.8349999999999995,23.38,0.5981514939136205,893.3287954163113,0.9403461004382224,-0.4373414793158842,0.6690681410955905,0.742075
28.25,D,0.75,0.75,1.5,0.9,23.596874999999997,0.5960437500810041,892.9189251880111,0.9399146580926433,-0.44034794830673046,0.67015744091105,0.742075
28.5,D,0.75,0.75,1.1750000000000056,0.8350000000000011,23.81375,0.5939487667395577,892.5107816582017,0.9394850333244229,-0.4433431233083064,0.6712412156633274,0.742075
28.75,D,0.75,0.75,0.85,0.77,24.014374999999998,0.592022051271136,892.1347588069256,0.9390892197967637,-0.44610379211889944,0.6722388631430298,0.742075
29.0,D,0.75,0.75,1.175,0.835,24.214999999999996,0.5901061287836908,891.7602169070278,0.9386949651652925,-0.4488547451051542,0.6732317781197876,0.742075
29.25,D,0.75,0.75,1.5,0.9,24.431874999999998,0.5880470923931799,891.35700556167,0.938270532170179,-0.4518175625385754,0.6742997917477643,0.742075
29.5,D,0.75,0.75,1.1750000000000036,0.8350000000000007,24.64875,0.5860005216141315,890.9555278344349,0.9378479240362472,-0.45476897317674553,0.6753622730497905,0.742075
29.75,D,0.75,0.75,0.85,0.77,24.849375,0.5841183302385715,890.5856767585155,0.9374586071142269,-0.45748906181479543,0.6763402187318005,0.742075
30.0,D,0.75,0.75,1.174999999999993,0.8349999999999986,25.049999999999997,0.5822466824310906,890.2173111783206,0.9370708538719165,-0.46019934835891113,0.6773134306595155,0.742075
30.25,D,0.75,0.75,1.5,0.9,25.266874999999995,0.580235227911883,889.8207807871238,0.9366534534601303,-0.4631181139965632,0.6783601466088769,0.742075
30.5,D,0.75,0.75,1.1750000000000012,0.8350000000000002,25.483749999999997,0.5782359509387482,889.4259877846532,0.9362378818785824,-0.4660253835686601,0.6794013343133603,0.742075
30.75,D,0.75,0.75,0.85,0.77,25.684374999999996,0.5763972547574514,889.0623232463524,0.9358550771014236,-0.4687045641092774,0.6803595879333633,0.742075
31.0,D,0.75,0.75,1.1749999999999952,0.8349999999999991,25.884999999999994,0.5745688584949705,888.7001461695586,0.9354738380732196,-0.471373875666276,0.681313115824288,0.742075
31.25,D,0.75,0.75,1.5,0.9,26.101874999999993,0.5726038862868608,888.3103070655197,0.9350634811215998,-0.4742482773581133,0.682338564847268,0.742075
31.5,D,0.75,0.75,1.174999999999999,0.8349999999999997,26.318749999999994,0.5706508102162811,887.922206238524,0.9346549539352884,-0.477111115500643,0.683358500057678,0.742075
31.75,D,0.75,0.75,0.85,0.77,26.519374999999993,0.5688546041072664,887.5647326212884,0.9342786659171457,-0.4797491383574607,0.6842971086406079,0.742075
32.0,D,0.75,0.75,1.1749999999999974,0.8349999999999995,26.71999999999999,0.567068459898248,887.2087460728033,0.9339039432345297,-0.48237724327301756,0.68523100797168,0.742075
32.25,D,0.75,0.75,1.5,0.9,26.936874999999993,0.5651488958505533,886.8255978503207,0.9335006293161271,-0.4852070503855614,0.6862352593249355,0.742075
32.5,D,0.75,0.75,1.175000000000006,0.8350000000000012,27.153749999999995,0.5632409530348613,886.4441861587273,0.9330991433249761,-0.48802524661503016,0.6872340207142441,0.742075
32.75,D,0.75,0.75,0.85,0.77,27.354374999999994,0.5614862551033162,886.0928983578478,0.9327293666924714,-0.49062193466357507,0.6881530652198274,0.742075
33.0,D,0.75,0.75,1.1749999999999996,0.835,27.554999999999993,0.559741386553278,885.7430950788113,0.9323611527145382,-0.4932086723906126,0.6890674246268377,0.742075
33.25,D,0.75,0.75,1.5,0.9,27.771874999999994,0.557866181337655,885.3666275222989,0.9319648710761042,-0.495993729658212,0.6900505825520981,0.742075
33.5,D,0.75,0.75,1.1750000000000038,0.8350000000000007,27.988749999999996,0.5560023288012454,884.9918923462249,0.9315704129960262,-0.49876714732778715,0.6910282828993437,0.742075
33.75,D,0.75,0.75,0.85,0.77,28.189374999999995,0.5542881798427733,884.6467765961237,0.9312071332590776,-0.5013223904072317,0.6919278750675368,0.742075
34.0,D,0.75,0.75,1.1750000000000018,0.8350000000000004,28.389999999999993,0.5525836331205435,884.3031408566226,0.9308454114280238,-0.5038676660949064,0.6928228132376081,0.742075
34.25,D,0.75,0.75,1.5,0.9,28.606874999999995,0.550751761657373,883.9333348029418,0.9304561418978334,-0.5066078878670346,0.6937850136549357,0.742075
34.5,D,0.75,0.75,1.1750000000000016,0.8350000000000003,28.823749999999997,0.5489309805265612,883.5652547886881,0.9300686892512506,-0.5093364585124867,0.6947417965925089,0.742075
34.75,D,0.75,0.75,0.85,0.77,29.024374999999996,0.5472564435028333,883.2262894311453,0.929711883611732,-0.5118502082816433,0.6956220759821808,0.742075
35.0,D,0.75,0.75,1.174999999999995,0.834999999999999,29.224999999999994,0.5455912868191387,882.888797784859,0.92935662924722,-0.5143539877130513,0.6964977387378651,0.742075
35.25,D,0.75,0.75,1.5,0.9,29.441874999999992,0.5438017477171673,882.5256259240778,0.9289743430779765,-0.5170493525723999,0.6974391461441829,0.742075
35.5,D,0.75,0.75,1.1749999999999994,0.8349999999999999,29.658749999999994,0.5420230426632218,882.1641717695676,0.9285938650205975,-0.5197330706226105,0.6983751831084433,0.742075
35.75,D,0.75,0.75,0.85,0.77,29.859374999999993,0.5403872021897456,881.8313279669087,0.9282435031230618,-0.5222053357476929,0.6992363143224049,0.742075
36.0,D,0.75,0.75,1.1749999999999972,0.8349999999999994,30.05999999999999,0.5387605252878502,881.4999499516415,0.9278946841596226,-0.5246676406041698,0.7000928718904341,0.742075
36.25,D,0.75,0.75,1.5,0.9,30.27687499999999,0.5370123402967797,881.1433775703182,0.9275193448108613,-0.5273181863320807,0.701013676455754,0.742075
36.5,D,0.75,0.75,1.1750000000000063,0.8350000000000013,30.49374999999999,0.5352747389918275,880.7885127541049,0.9271458028990578,-0.5299571041610324,0.7019291638333371,0.742075
36.75,D,0.75,0.75,0.85,0.77,30.69437499999999,0.533676700837553,880.4617551511004,0.9268018475274741,-0.5323879458142091,0.702771333922607,0.742075
37.0,D,0.75,0.75,1.1749999999999994,0.8349999999999999,30.89499999999999,0.5320876144956665,880.1364539388869,0.9264594251988283,-0.5348088492455891,0.703608978380147,0.742075
37.25,D,0.75,0.75,1.5,0.9,31.11187499999999,0.5303798279713948,879.7864396097971,0.9260909890629443,-0.5374146681128902,0.7045093932337183,0.742075
37.5,D,0.75,0.75,1.175000000000004,0.8350000000000009,31.328749999999992,0.5286823805568983,879.438121067489,0.9257243379657779,-0.540008891411622,0.7054045496957271,0.742075
37.75,D,0.75,0.75,0.85,0.77,31.52937499999999,0.5271212711553865,879.1174084054596,0.9253867456899575,-0.5423984190607911,0.7062279657357772,0.742075
38.0,D,0.75,0.75,1.1749999999999923,0.8349999999999984,31.72999999999999,0.5255689067005722,878.7981414056832,0.9250506751638771,-0.5447780415423733,0.7070469086268978,0.742075
38.25,D,0.75,0.75,1.5,0.9,31.946874999999988,0.5239005850827907,878.454637627642,0.9246890922396231,-0.5473392759051587,0.7079271673253746,0.742075
38.5,D,0.75,0.75,1.1750000000000018,0.8350000000000004,32.163749999999986,0.5222423636503084,878.1128163793288,0.9243292803992935,-0.5498889593535649,0.7088022313415167,0.742075
38.75,D,0.75,0.75,0.85,0.77,32.36437499999999,0.5207173296221972,877.7981020657211,0.9239980021744433,-0.5522373268250443,0.7096071181731335,0.742075
39.0,D,0.75,0.75,1.1749999999999945,0.8349999999999989,32.56499999999999,0.5192008384555118,877.4848214844491,0.9236682331415254,-0.5545758322832784,0.7104075882881244,0.742075
39.25,D,0.75,0.75,1.5,0.9,32.78187499999999,0.5175710697573755,877.1477752756349,0.923313447658563,-0.5570926704645055,0.7112679424577665,0.742075
39.5,D,0.75,0.75,1.1749999999999996,0.835,32.998749999999994,0.5159511678413216,876.8123970076637,0.9229604179028038,-0.5595980136841997,0.712123169982446,0.742075
39.75,D,0.75,0.75,0.85,0.77,33.199374999999996,0.5144613755278267,876.503629644132,0.9226353996254022,-0.5619054154812664,0.7129097681098147,0.742075
40.0,D,0.75,0.75,1.1749999999999967,0.8349999999999993,33.4,0.5129799286604351,876.1962830026602,0.9223118768449055,-0.5642030076713322,0.7136920094199368,0.742075
40.25,D,0.75,0.75,1.5,0.9,33.616875,0.5113878219700255,875.8656364506154,0.9219638278427531,-0.5666756801103694,0.7145327265648354,0.742075
40.5,D,0.75,0.75,1.1750000000000067,0.8350000000000013,33.83375,0.509805354052151,875.5366420548312,0.9216175179524538,-0.5691369238810429,0.7153683888871928,0.742075
40.75,D,0.75,0.75,0.85,0.77,34.034375000000004,0.5083499890593466,875.2337659266668,0.9212987009754388,-0.5714035917423166,0.7161369525257908,0.742075
41.0,D,0.75,0.75,1.1749999999999898,0.834999999999998,34.23500000000001,0.5069027766593553,874.9322965420598,0.9209813647811156,-0.5736605108618792,0.7169012222660693,0.742075
41.25,D,0.75,0.75,1.5,0.9,34.45187500000001,0.5053474616526641,874.6079873133313,0.9206399866456119,-0.5760892865152752,0.7177225837344119,0.742075
41.5,D,0.75,0.75,1.1749999999999952,0.8349999999999991,34.66875000000001,0.5038015626779889,874.2853133866945,0.9203003298807311,-0.5785067092381275,0.7185389654843414,0.742075
41.75,D,0.75,0.75,0.85,0.77,34.86937500000001,0.50237982943162,873.98826891624,0.919987651490779,-0.5807329089208748,0.7192897607512916,0.742075
42.0,D,0.75,0.75,1.1750000000000012,0.8350000000000002,35.070000000000014,0.5009660603813831,873.6926163464685,0.9196764382594406,-0.5829494284453064,0.7200363276440076,0.742075
42.25,D,0.75,0.75,1.5,0.9,35.286875000000016,0.49944668684655014,873.374578158649,0.9193416612196306,-0.5853346114231661,0.7208386267444733,0.742075
42.5,D,0.75,0.75,1.1750000000000023,0.8350000000000004,35.50375000000002,0.4979365117504815,873.0581574659408,0.9190085868062534,-0.5877085258160174,0.7216360240467194,0.742075
42.75,D,0.75,0.75,0.85,0.77,35.70437500000002,0.49654763306106353,872.7668816324606,0.9187019806657479,-0.5898945540903698,0.7223693272863192,0.742075
43.0,D,0.75,0.75,1.1749999999999943,0.8349999999999989,35.90500000000002,0.4951665345247191,872.4769820885593,0.918396823251115,-0.5920709778156684,0.7230984698979475,0.742075
43.25,D,0.75,0.75,1.5,0.9,36.121875000000024,0.4936822718972646,872.1651451473069,0.9180685738392704,-0.5944129042389511,0.7238820101584061,0.742075
43.5,D,0.75,0.75,1.1750000000000091,0.8350000000000019,36.338750000000026,0.49220699514364286,871.8549070494506,0.9177420074204743,-0.5967436542486731,0.7246607289269738,0.742075
43.75,D,0.75,0.75,0.85,0.77,36.53937500000003,0.49085021178161226,871.569333777754,0.9174414039765831,-0.5988898360896792,0.7253768251642421,0.742075
44.0,D,0.75,0.75,1.1749999999999874,0.8349999999999975,36.74000000000003,0.4895010287826116,871.2851205052634,0.9171422321108036,-0.6010264953701818,0.7260888303887012,0.742075
44.25,D,0.75,0.75,1.5,0.9,36.95687500000003,0.48805106569140877,870.9794119086995,0.9168204335881047,-0.6033255304352654,0.7268539239495659,0.742075
44.5,D,0.75,0.75,1.1749999999999978,0.8349999999999995,37.173750000000034,0.4866098808212288,870.6752827590595,0.9165002976411153,-0.6056134883540177,0.7276142783148031,0.742075
44.75,D,0.75,0.75,0.85,0.77,37.374375000000036,0.48528445110191004,870.3953432790222,0.9162056245042339,-0.6077201743192441,0.7283134598300237,0.742075
45.0,D,0.75,0.75,1.1749999999999987,0.8349999999999997,37.57500000000004,0.4839664461103108,870.1167469108201,0.9159123651692843,-0.6098174254880832,0.7290086214912684,0.742075
45.25,D,0.75,0.75,1.5,0.9,37.79187500000004,0.48254998993405046,869.8170910235475,0.9155969379195237,-0.6120739607257087,0.7297555876259882,0.742075
45.5,D,0.75,0.75,1.1750000000000047,0.835000000000001,38.00875000000004,0.4811421091246114,869.5189945344046,0.9152831521414785,-0.6143195244983782,0.730497898486901,0.742075
45.75,D,0.75,0.75,0.85,0.77,38.209375000000044,0.4798473085027758,869.2446177133872,0.9149943344351444,-0.6163870882795873,0.7311804635043204,0.742075
46.0,D,0.75,0.75,1.1749999999999918,0.8349999999999984,38.410000000000046,0.47855976103207154,868.9715665958793,0.9147069122061887,-0.6184453102405505,0.7318590810714634,0.742075
46.25,D,0.75,0.75,1.5,0.9,38.62687500000005,0.477176037465976,868.6778853947092,0.9143977740996938,-0.6206597609571273,0.7325882448268592,0.742075
46.5,D,0.75,0.75,1.1750000000000118,0.8350000000000024,38.84375000000005,0.4758006911002184,868.3857429759622,0.9140902557641708,-0.6228633516681341,0.7333128385214096,0.742075
46.75,D,0.75,0.75,0.85,0.77,39.04437500000005,0.47453581177401194,868.1168556259938,0.9138072164484146,-0.6248921878062415,0.7339790900054256,0.742075
47.0,D,0.75,0.75,1.1750000000000032,0.8350000000000006,39.245000000000054,0.47327801798727864,867.8492761204956,0.9135255538110479,-0.6269117797864378,0.7346414674137876,0.742075
47.25,D,0.75,0.75,1.5,0.9,39.461875000000056,0.4719262706198286,867.5614895138306,0.9132226205408743,-0.6290845826764404,0.7353531583631482,0.742075
47.5,D,0.75,0.75,1.1750000000000003,0.8350000000000001,39.67875000000006,0.470582706865624,867.2752205858409,0.9129212848272009,-0.6312466422048006,0.7360603654495022,0.742075
47.75,D,0.75,0.75,0.85,0.77,39.87937500000006,0.46934705738964805,867.0117477473027,0.9126439449971607,-0.6332371639580348,0.7367106100019059,0.742075
48.0,D,0.75,0.75,1.1749999999999963,0.8349999999999993,40.08000000000006,0.4681183297147923,866.7495645083245,0.9123679626403416,-0.6352185434114354,0.7373570545736023,0.742075
48.25,D,0.75,0.75,1.5,0.9,40.296875000000064,0.4667978196142352,866.4675906310159,0.9120711480326483,-0.6373501543302936,0.7380516056756837,0.742075
48.5,D,0.75,0.75,1.1750000000000074,0.8350000000000015,40.513750000000066,0.46548530401339744,866.1871129133768,0.9117759083298703,-0.6394711431625472,0.7387417598176262,0.742075
48.75,D,0.75,0.75,0.85,0.77,40.71437500000007,0.4642782089207306,865.9289781168111,0.9115041874913801,-0.6414237805183328,0.7393763066696696,0.742075
49.0,D,0.75,0.75,1.1749999999999892,0.8349999999999979,40.91500000000007,0.46307787567462866,865.6721143488401,0.9112338045777264,-0.6433673811708331,0.7400071281275582,0.742075
49.25,D,0.75,0.75,1.5,0.9,41.13187500000007,0.461787880985042,865.3958698342145,0.9109430208781205,-0.645458273058398,0.7406848746848815,0.742075
49.5,D,0.75,0.75,1.1749999999999958,0.8349999999999992,41.348750000000074,0.46050569605183617,865.1210996121096,0.9106537890653785,-0.6475386682496502,0.7413583116348615,0.742075
49.75,D,0.75,0.75,0.85,0.77,41.549375000000076,0.45932649548479054,864.8682251196653,0.9103876053891214,-0.6494538660713279,0.7419774717281606,0.742075
50.0,D,0.75,0.75,1.1750000000000007,0.8350000000000002,41.75000000000008,0.4581539005061133,864.6166028139327,0.9101227398041396,-0.6513601360986033,0.7425929812972247,0.742075
0.0,E,1.35,1.1,1.525,1.2975,0.0,0.92,944.8336149185893,0.9945616999143045,-0.0701186111499833,0.5279503731974511,0.814
0.25,E,1.35,1.1,1.525,1.2975,0.324375,0.9139422762804983,944.1058396389195,0.9937956206725469,-0.07516675031201545,0.5299589805523224,0.814
0.5,E,1.35,1.1,1.525,1.2975,0.64875,0.9079393227351186,943.3740863932017,0.993025354098107,-0.08024640713679705,0.5319793592079146,0.814
0.75,E,1.35,1.1,1.5250000000000001,1.2975,0.973125,0.9019906441659761,942.6386619510099,0.9922512231063262,-0.08535551995690985,0.534010623005175,0.814
1.0,E,1.35,1.1,1.5249999999999997,1.2974999999999999,1.2974999999999999,0.8960957498524574,941.8998632532565,0.9914735402665859,-0.09049208933761459,0.5360519100213432,0.814
1.25,E,1.35,1.1,1.5250000000000001,1.2975,1.6218749999999997,0.8902541535107402,941.1579776873143,0.9906926080919098,-0.09565417632867577,0.5381023820313767,0.814
1.5,E,1.35,1.1,1.5249999999999997,1.2974999999999999,1.9462499999999996,0.8844653732536782,940.4132833546787,0.9899087193207144,-0.1008399007694828,0.5401612239871215,0.814
1.75,E,1.35,1.1,1.5250000000000004,1.2975,2.2706249999999994,0.8787289315510494,939.6660493313674,0.989122157190913,-0.10604743964561729,0.5422276435131147,0.814
2.0,E,1.35,1.1,1.5249999999999995,1.2974999999999999,2.5949999999999993,0.8730443551901631,938.9165359212591,0.9883331957065885,-0.11127502549499259,0.5443008704179381,0.814
2.25,E,1.35,1.1,1.5250000000000004,1.2975,2.919374999999999,0.8674111752368241,938.1649949025579,0.9875420998974294,-0.11652094486185434,0.5463801562201459,0.814
2.5,E,1.35,1.1,1.5249999999999995,1.2974999999999999,3.243749999999999,0.8618289269966486,937.411669767569,0.9867491260711253,-0.12178353679696266,0.5484647736878445,0.814
2.75,E,1.35,1.1,1.5250000000000017,1.2975000000000003,3.568124999999999,0.8562971499767308,936.6567959559709,0.9859545220589168,-0.1270611914023374,0.5505540163910552,0.814
3.0,E,1.35,1.1,1.5249999999999995,1.2974999999999999,3.8924999999999987,0.8508153878476556,935.9006010817529,0.9851585274544767,-0.13235234841905785,0.5526471982660773,0.814
3.25,E,1.35,1.1,1.524999999999999,1.2974999999999999,4.216874999999999,0.845383188405855,935.1433051539955,0.9843613738463111,-0.1376554958566208,0.5547436531910999,0.814
3.5,E,1.35,1.1,1.5249999999999992,1.2974999999999999,4.541249999999999,0.8400001035363046,934.3851207916555,0.9835632850438478,-0.14296916866243836,0.5568427345723717,0.814
3.75,E,1.35,1.1,1.525000000000002,1.2975000000000003,4.865624999999999,0.8346656891755577,933.6262534325186,0.982764477297388,-0.14829194743016122,0.5589438149403132,0.814
4.0,E,1.35,1.1,1.524999999999999,1.2974999999999999,5.189999999999999,0.8293795052751135,932.8669015364799,0.9819651595120841,-0.15362245714545875,0.5610462855549521,0.814
4.25,E,1.35,1.1,1.5249999999999995,1.2974999999999999,5.5143749999999985,0.8241411157651161,932.1072567832995,0.9811655334561047,-0.1589593659680702,0.5631495560201676,0.814
4.5,E,1.35,1.1,1.524999999999999,1.2974999999999999,5.838749999999998,0.8189500885183824,931.347504264989,0.9803657939631463,-0.16430138404888267,0.5652530539062226,0.814
4.75,E,1.35,1.1,1.5250000000000021,1.2975000000000005,6.163124999999998,0.8138059953147548,930.5878226729686,0.9795661291294406,-0.1696472623808967,0.5673562243801306,0.814
5.0,E,2.0,1.1,1.524999999999999,1.5899999999999999,6.5240624999999985,0.8081367267504083,929.7428057374415,0.9786766376183594,-0.1755987747659463,0.5696954175045219,0.814
5.25,E,2.0,1.1,1.5249999999999995,1.59,6.9215624999999985,0.8019591072063372,928.8128116618723,0.9776976964861813,-0.18215504266836893,0.572269473292495,0.814
5.5,E,2.0,1.1,1.5249999999999964,1.5899999999999994,7.3190624999999985,0.7958498633512366,927.883753367458,0.9767197403867979,-0.18871127148631575,0.5748404415242805,0.814
5.75,E,2.0,1.1,1.5250000000000024,1.5900000000000007,7.716562499999998,0.789808238383104,926.9559112188344,0.9757430644408783,-0.19526547306180767,0.5774074373640636,0.814
6.0,E,2.0,1.1,1.5249999999999988,1.5899999999999999,8.1140625,0.7838334838764411,926.0295532931532,0.9747679508348981,-0.2018157382128065,0.5799696113038818,0.814
6.25,E,2.0,1.1,1.5249999999999997,1.59,8.5115625,0.7779248596895412,925.1049358103618,0.973794669274065,-0.2083602341098816,0.5825261482609337,0.814
6.5,E,2.0,1.1,1.5250000000000015,1.5900000000000005,8.909062500000001,0.7720816338728006,924.1823035491756,0.9728234774201848,-0.21489720174194468,0.5850762666929941,0.814
6.75,E,2.0,1.1,1.5250000000000026,1.5900000000000007,9.306562500000002,0.7663030825780469,923.2618902492131,0.9718546213149613,-0.22142495346765526,0.5876192177310838,0.814
7.0,E,2.0,2.0,1.5249999999999986,1.9049999999999998,9.743437500000002,0.7600258763564212,922.2531290086466,0.9707927673775227,-0.22858676489192892,0.5904049438399336,0.814
7.25,E,2.0,2.0,1.525,1.905,10.219687500000003,0.7532698273661925,921.1571401132385,0.9696390948560405,-0.23637674300942269,0.5934298293499398,0.814
7.5,E,2.0,2.0,1.524999999999996,1.9049999999999994,10.695937500000003,0.7466032722625966,920.0653368688029,0.9684898282829504,-0.24414619162252543,0.5964412005064641,0.814
7.75,E,2.0,2.0,1.5250000000000026,1.9050000000000007,11.172187500000003,0.7400250255664048,918.9780454786872,0.967345311030197,-0.2518927011716316,0.599437999325133,0.814
8.0,E,2.0,2.0,1.5249999999999986,1.9049999999999998,11.648437500000004,0.733533917501819,917.8955734826429,0.9662058668238347,-0.25961398431131827,0.602419225902743,0.814
8.25,E,2.0,2.0,1.5250000000000001,1.9050000000000002,12.124687500000004,0.7271287937884556,916.8182105509478,0.965071800579945,-0.2673078710747565,0.6053839365196771,0.814
8.5,E,2.0,2.0,1.525000000000001,1.9050000000000002,12.600937500000004,0.7208085154360867,915.7462292468932,0.963943399207256,-0.2749723042277736,0.6083312417819793,0.814
8.75,E,2.0,2.0,1.5250000000000028,1.9050000000000007,13.077187500000004,0.7145719585420985,914.6798857588744,0.9628209323777626,-0.28260533480445665,0.6112603048022075,0.814
9.0,E,2.0,2.0,1.5249999999999981,1.9049999999999998,13.553437500000005,0.7084180140916341,913.619420603285,0.9617046532666158,-0.29020511781653513,0.6141703394183203,0.814
9.25,E,2.0,2.0,1.5250000000000004,1.9050000000000002,14.029687500000005,0.7023455877603826,912.5650592993576,0.9605947992624817,-0.29776990812920584,0.6170606084499978,0.814
9.5,E,2.0,2.0,1.5249999999999955,1.9049999999999991,14.505937500000005,0.6963535997199812,911.5170130170565,0.9594915926495331,-0.30529805649640424,0.6199304219918986,0.814
9.75,E,2.0,2.0,1.525000000000003,1.9050000000000007,14.982187500000006,0.6904409844459952,910.4754791990803,0.9583952412621898,-0.3127880057488672,0.6227791357434508,0.814
10.0,E,2.0,2.0,1.5249999999999981,1.9049999999999998,15.458437500000006,0.6846066905284407,909.440642157991,0.9573059391136747,-0.3202382871286653,0.6256061493748439,0.814
10.25,E,2.0,2.0,1.5250000000000057,1.9050000000000011,15.934687500000006,0.6788496804848183,908.4126736494491,0.9562238669994201,-0.32764751676414383,0.6284109049289417,0.814
10.5,E,2.0,2.0,1.5250000000000008,1.9050000000000002,16.410937500000006,0.6731689305756223,907.3917334224902,0.9551491930763055,-0.33501439227956387,0.6311928852588955,0.814
10.75,E,2.0,2.0,1.5250000000000032,1.9050000000000007,16.887187500000007,0.6675634306222952,906.3779697477498,0.954082073418684,-0.34233768953391996,0.6339516125012469,0.814
11.0,E,2.0,2.0,1.5249999999999926,1.9049999999999987,17.363437500000007,0.662032183827592,905.3715199244972,0.9530226525521023,-0.34961625948374975,0.6366866465843566,0.814
11.25,E,2.0,2.0,1.5250000000000008,1.9050000000000002,17.839687500000007,0.6565742065983253,904.3725107673167,0.9519710639655966,-0.35684902516491745,0.6393975837719845,0.814
11.5,E,2.0,2.0,1.524999999999995,1.9049999999999991,18.315937500000008,0.6511885283704582,903.3810590732314,0.9509274306034015,-0.3640349787886351,0.6420840552418722,0.814
11.75,E,2.0,2.0,1.5249999999999981,1.9049999999999998,18.792187500000008,0.6458741914365133,902.3972720700406,0.9498918653368849,-0.3711731789471648,0.644745725699162,0.814
12.0,E,2.0,2.0,1.5249999999999977,1.9049999999999996,19.268437500000008,0.6406302507752689,901.4212478466072,0.9488644714174813,-0.3782627479248757,0.6473822920244924,0.814
12.25,E,2.0,2.0,1.5250000000000061,1.9050000000000014,19.74468750000001,0.6354557738837108,900.4530757658079,0.9478453429113767,-0.38530286911048195,0.6499934819565816,0.814
12.5,E,2.0,2.0,1.5250000000000004,1.9050000000000002,20.22093750000001,0.6303498406112096,899.4928368608205,0.9468345651166531,-0.3922927845065398,0.6525790528091211,0.814
12.75,E,2.0,2.0,1.5250000000000035,1.9050000000000007,20.69718750000001,0.6253115429958955,898.5406042154121,0.9458322149635917,-0.3992317923323784,0.6551387902217564,0.814
13.0,E,2.0,2.0,1.5250000000000028,1.9050000000000007,21.17343750000001,0.6203399851032003,897.5964433288499,0.9448383613987894,-0.40611924471684696,0.6576725069449233,0.814
13.25,E,2.0,2.0,1.525000000000001,1.9050000000000002,21.64968750000001,0.6154342828665372,896.6604124660415,0.943853065753728,-0.41295454547742594,0.6601800416582938,0.814
13.5,E,2.0,2.0,1.5249999999999948,1.9049999999999991,22.12593750000001,0.6105935639300925,895.7325629934868,0.9428763820984072,-0.41973714798235356,0.6626612578225411,0.814
13.75,E,2.0,2.0,1.5249999999999986,1.9049999999999998,22.60218750000001,0.6058169674936984,894.8129397015961,0.9419083575806274,-0.42646655309261705,0.6651160425641329,0.814
14.0,E,2.0,2.0,1.5249999999999972,1.9049999999999996,23.07843750000001,0.6011036441597621,893.901581113914,0.9409490327514883,-0.4331423071807331,0.6675443055928135,0.814
14.25,E,2.0,1.1,1.5250000000000066,1.5900000000000014,23.51531250000001,0.5968349305806175,893.0728670084328,0.9400767021141399,-0.43921859664428925,0.6697484243046953,0.814
14.5,E,2.0,1.1,1.525,1.59,23.912812500000012,0.5929960607427623,892.3249280542963,0.9392893979518908,-0.444707470110357,0.671734414904277,0.814
14.75,E,2.0,1.1,1.525000000000004,1.590000000000001,24.310312500000013,0.5891996806322461,891.582799636211,0.93850821014338,-0.4501582511377529,0.6737018314824037,0.814
15.0,E,2.0,1.1,1.524999999999992,1.5899999999999985,24.707812500000014,0.5854453199604148,890.8464922023973,0.9377331496867339,-0.4555707639128274,0.675650664652216,0.814
15.25,E,2.0,1.1,1.5250000000000015,1.5900000000000005,25.105312500000014,0.5817325136439058,890.1160137736873,0.936964225024934,-0.4609448507363031,0.6775809137743685,0.814
15.5,E,2.0,1.1,1.5249999999999944,1.589999999999999,25.502812500000015,0.5780608017470342,889.3913700430918,0.936201442150623,-0.4662803713721731,0.6794925865886415,0.814
15.75,E,2.0,1.1,1.5249999999999988,1.5899999999999999,25.900312500000016,0.5744297294248174,888.6725644719442,0.9354448047073096,-0.4715772024169025,0.6813856988557072,0.814
16.0,E,2.0,1.1,1.524999999999997,1.5899999999999996,26.297812500000017,0.570838846866629,887.9595983827371,0.9346943140870917,-0.4768352366882967,0.683260274008911,0.814
16.25,E,2.0,1.1,1.525000000000007,1.5900000000000016,26.695312500000018,0.5672877092404773,887.2524710487595,0.93394996952501,-0.48205438263341355,0.685116342815919,0.814
16.5,E,2.0,1.1,1.5249999999999995,1.59,27.09281250000002,0.5637758766379006,886.5511797806394,0.9332117681901467,-0.4872345637549402,0.6869539430500906,0.814
16.75,E,2.0,1.1,1.5250000000000044,1.590000000000001,27.49031250000002,0.560302914019472,885.855720009896,0.9324797052735747,-0.4923757180554679,0.6887731191714243,0.814
17.0,E,2.0,1.1,1.5250000000000021,1.5900000000000005,27.88781250000002,0.556868391160907,885.1660853695979,0.931753774073261,-0.49747779749909327,0.6905739220169185,0.814
17.25,E,2.0,1.1,1.5250000000000017,1.5900000000000005,28.28531250000002,0.5534718825997691,884.4822677722241,0.9310339660760254,-0.5025407674898393,0.6923564085001983,0.814
17.5,E,2.0,1.1,1.5249999999999941,1.589999999999999,28.682812500000022,0.5501129675827634,883.8042574848195,0.930320271036652,-0.5075646063663598,0.6941206413202419,0.814
17.75,E,2.0,1.1,1.524999999999999,1.5899999999999999,29.080312500000023,0.5467912300136148,883.1320432015349,0.9296126770542472,-0.51254930491243,0.6958666886790457,0.814
18.0,E,2.0,1.1,1.5249999999999966,1.5899999999999994,29.477812500000024,0.5435062584015229,882.4656121136385,0.9289111706459352,-0.5174948658827481,0.6975946240080658,0.814
18.25,E,2.0,1.1,1.5250000000000072,1.5900000000000016,29.875312500000025,0.5402576458101869,881.8049499770791,0.928215736817978,-0.5224013035435735,0.6993045257032695,0.814
18.5,E,2.0,1.1,1.524999999999999,1.5899999999999999,30.272812500000025,0.5370449898073955,881.1500411776867,0.9275263591344071,-0.5272686432277605,0.7009964768686303,0.814
18.75,E,2.0,1.1,1.5250000000000048,1.5900000000000012,30.670312500000026,0.5338678924151739,880.5008687940856,0.926843019783248,-0.5320969209037215,0.7026705650678922,0.814
19.0,E,2.0,1.1,1.524999999999991,1.5899999999999983,31.067812500000027,0.5307259600604832,879.8574146583953,0.9261656996404162,-0.5368861827579325,0.7043268820844407,0.814
19.25,E,2.0,1.1,1.5250000000000021,1.5900000000000005,31.465312500000028,0.5276188035264655,879.2196594147948,0.9254943783313629,-0.541636484790546,0.7059655236891086,0.814
19.5,E,2.0,1.1,1.5249999999999937,1.589999999999999,31.86281250000003,0.5245460379042282,878.5875825760193,0.9248290342905466,-0.5463478924237126,0.7075865894157385,0.814
19.75,E,2.0,1.1,1.5249999999999995,1.59,32.260312500000026,0.5215072825451621,877.9611625778574,0.9241696448187973,-0.5510204801222418,0.7091901823443422,0.814
20.0,E,2.0,1.1,1.5249999999999964,1.5899999999999994,32.65781250000003,0.5185021610137874,877.3403768317169,0.9235161861386494,-0.5556543310262241,0.7107764088916797,0.814
20.25,E,2.0,1.1,1.5250000000000077,1.5900000000000016,33.05531250000003,0.5155303010411219,876.7252017753209,0.9228686334477062,-0.5602495365952332,0.7123453786090843,0.814
20.5,E,2.0,1.1,1.5249999999999881,1.5899999999999979,33.45281250000003,0.5125913344785644,876.1156129215988,0.9222269609701039,-0.5648061962637944,0.7138972039873722,0.814
20.75,E,2.0,1.1,1.5249999999999944,1.589999999999999,33.85031250000003,0.5096848972522898,875.5115849058292,0.921591142006136,-0.5693244171077446,0.7154320002686578,0.814
21.0,E,2.0,2.0,1.5250000000000015,1.9050000000000005,34.28718750000003,0.5065276516194441,874.8541070636652,0.920899060067016,-0.5742459952427645,0.7170993258004643,0.814
21.25,E,2.0,2.0,1.5250000000000026,1.9050000000000007,34.76343750000003,0.5031295624988088,874.1449458285359,0.9201525745563536,-0.5795585995787353,0.7188938406840719,0.814
21.5,E,2.0,2.0,1.5249999999999932,1.9049999999999987,35.23968750000003,0.4997764861072063,873.4436388256499,0.9194143566585788,-0.584816605063706,0.7206644810549663,0.814
21.75,E,2.0,2.0,1.5250000000000106,1.9050000000000022,35.71593750000003,0.4964678261842965,872.7501366893105,0.9186843544098005,-0.5900202472446917,0.7224114623496695,0.814
22.0,E,2.0,2.0,1.5249999999999853,1.9049999999999971,36.19218750000003,0.49320299436809156,872.064388719869,0.9179625144419674,-0.5951697740097115,0.7241350037827323,0.814
22.25,E,2.0,2.0,1.5249999999999972,1.9049999999999996,36.66843750000003,0.4899814100903306,871.3863429750644,0.9172487820790152,-0.6002654449224428,0.72583532798433,0.814
22.5,E,2.0,2.0,1.5249999999999986,1.9049999999999998,37.14468750000003,0.48680250047324014,870.7159463573763,0.9165431014288171,-0.6053075305823873,0.7275126606545647,0.814
22.75,E,2.0,2.0,1.5250000000000055,1.9050000000000011,37.62093750000003,0.48366570022766237,870.0531446975551,0.9158454154711106,-0.6102963120096573,0.7291672302339287,0.814
23.0,E,2.0,2.0,1.5249999999999904,1.9049999999999983,38.09718750000003,0.48057045155253253,869.3978828344802,0.9151556661415582,-0.6152320800534608,0.7307992675893706,0.814
23.25,E,2.0,2.0,1.5250000000000135,1.905000000000003,38.57343750000003,0.47751620403568806,868.7501046914907,0.9144737944120955,-0.6201151348234927,0.7324090057154472,0.814
23.5,E,2.0,2.0,1.5250000000000035,1.9050000000000007,39.04968750000003,0.4745024145559916,868.1097533493329,0.9137997403677188,-0.6249457851433506,0.7339966794500159,0.814
23.75,E,2.0,2.0,1.5250000000000004,1.9050000000000002,39.52593750000003,0.47152854718675064,867.476771115857,0.9131334432798495,-0.6297243480252384,0.7355625252039711,0.814
24.0,E,2.0,2.0,1.5249999999999955,1.9049999999999991,40.00218750000003,0.46859407310041634,866.8510995925944,0.9124748416764152,-0.6344511481651826,0.7371067807045157,0.814
24.25,E,2.0,2.0,1.5250000000000083,1.9050000000000018,40.478437500000034,0.46569847047454493,866.2326797383396,0.9118238734087785,-0.6391265174580053,0.7386296847514657,0.814
24.5,E,2.0,2.0,1.5249999999999875,1.9049999999999976,40.954687500000034,0.4628412243990046,865.6214519298582,0.9111804757156402,-0.6437507945313846,0.7401314769861221,0.814
24.75,E,2.0,2.0,1.524999999999995,1.9049999999999991,41.430937500000034,0.4600218267844117,865.0173560198339,0.9105445852840357,-0.6483243242982891,0.7416123976722265,0.814
25.0,E,2.0,2.0,1.5250000000000008,1.9050000000000002,41.907187500000035,0.45723977627178003,864.4203313921682,0.9099161383075455,-0.6528474575271536,0.7430726874885519,0.814
25.25,E,2.0,2.0,1.5250000000000032,1.9050000000000007,42.383437500000035,0.4544945781433664,863.8303170147381,0.9092950705418296,-0.6573205504291374,0.7445125873326714,0.814
25.5,E,2.0,2.0,1.5249999999999926,1.9049999999999987,42.859687500000035,0.45178574423469775,863.2472514897115,0.9086813173575911,-0.6617439642618804,0.7459323381354808,0.814
25.75,E,2.0,2.0,1.5250000000000115,1.9050000000000025,43.335937500000036,0.4491127928477633,862.6710731015249,0.9080748137910789,-0.6661180649491434,0.7473321806860406,0.814
26.0,E,2.0,2.0,1.5250000000000057,1.9050000000000011,43.812187500000036,0.44647524866535665,862.1017198626109,0.907475494592222,-0.6704432227157815,0.7487123554663341,0.814
26.25,E,2.0,2.0,1.5249999999999981,1.9049999999999998,44.288437500000036,0.44387264266655263,861.5391295569716,0.9068832942704964,-0.6747198117374917,0.7500731024955353,0.814
26.5,E,2.0,2.0,1.5249999999999977,1.9049999999999996,44.764687500000036,0.4413045120433037,860.9832397816824,0.9062981471386131,-0.6789482098048,0.7514146611833981,0.814
26.75,E,2.0,2.0,1.5250000000000061,1.9050000000000014,45.24093750000004,0.43877040011814106,860.433987986411,0.9057199873541169,-0.6831287980007994,0.752737270192396,0.814
27.0,E,2.0,2.0,1.5249999999999897,1.904999999999998,45.71718750000004,0.4362698562629662,859.8913115110323,0.9051487489589813,-0.6872619603921151,0.7540411673082357,0.814
27.25,E,2.0,1.1,1.5250000000000141,1.590000000000003,46.15406250000004,0.43400518975197655,859.3992306905692,0.9046307691479676,-0.6910120289805142,0.7552210091421598,0.814
27.5,E,2.0,1.1,1.5250000000000028,1.5900000000000007,46.55156250000004,0.43196856682081686,858.9562212547622,0.9041644434260655,-0.694389969640762,0.7562811588521212,0.814
27.75,E,2.0,1.1,1.525000000000001,1.5900000000000003,46.94906250000004,0.42995448582431295,858.5176720841969,0.9037028127202072,-0.6977356172399393,0.7573287252912244,0.814
28.0,E,2.0,1.1,1.5249999999999948,1.5899999999999992,47.34656250000004,0.4279626972617791,858.0835466813676,0.9032458386119658,-0.7010492000395093,0.7583638442780647,0.814
28.25,E,2.0,1.1,1.525000000000009,1.590000000000002,47.74406250000004,0.42599295439407564,857.6538085684297,0.9027934827036102,-0.7043309471367739,0.7593866509647715,0.814
28.5,E,2.0,1.1,1.5249999999999866,1.5899999999999974,48.14156250000004,0.42404501321304344,857.2284212987178,0.9023457066302292,-0.7075810883659528,0.760397279800797,0.814
28.75,E,2.0,1.1,1.524999999999996,1.5899999999999994,48.53906250000004,0.42211863241127656,856.8073484677728,0.9019024720713398,-0.7107998542028081,0.7613958644988348,0.814
29.0,E,2.0,1.1,1.525,1.59,48.93656250000004,0.4202135733522296,856.3905537238913,0.9014637407619909,-0.7139874756727045,0.762382538002788,0.814
29.25,E,2.0,1.1,1.525000000000004,1.590000000000001,49.334062500000044,0.4183296000406558,855.9780007782182,0.9010294745033876,-0.7171441842619941,0.7633574324577032,0.814
29.5,E,2.0,1.1,1.524999999999992,1.5899999999999985,49.731562500000045,0.4164664790933725,855.5696534143942,0.9005996351730465,-0.7202702118326164,0.7643206791815954,0.814
29.75,E,2.0,1.1,1.5250000000000121,1.5900000000000025,50.129062500000046,0.4146239797103498,855.1654754977772,0.9001741847345023,-0.7233657905398447,0.7652724086390964,0.814
30.0,E,2.0,1.1,1.5249999999999837,1.589999999999997,50.52656250000005,0.41280187364611975,854.7654309842493,0.8997530852465782,-0.726431152753042,0.7662127504168428,0.814
30.25,E,2.0,1.1,1.5249999999999988,1.5899999999999999,50.92406250000005,0.4109999351815016,854.3694839286261,0.899336298872238,-0.7294665309793786,0.7671418332005483,0.814
30.5,E,2.0,1.1,1.524999999999997,1.5899999999999996,51.32156250000005,0.4092179410956399,853.9775984926812,0.8989237878870329,-0.7324721577903767,0.7680597847536795,0.814
30.75,E,2.0,1.1,1.525000000000007,1.5900000000000016,51.71906250000005,0.40745567063835275,853.5897389527984,0.8985155146871562,-0.7354482657512483,0.7689667318976854,0.814
31.0,E,2.0,1.1,1.5249999999999888,1.5899999999999979,52.11656250000005,0.4057129055027854,853.2058697072675,0.8981114417971238,-0.7383950873528772,0.7698628004936985,0.814
31.25,E,2.0,1.1,1.525000000000015,1.5900000000000032,52.51406250000005,0.4039894297983667,852.8259552832326,0.897711531877087,-0.7413128549464264,0.7707481154256663,0.814
31.5,E,2.0,1.1,1.5250000000000021,1.5900000000000005,52.91156250000005,0.40228503002406524,852.4499603433077,0.8973157477297976,-0.7442018006804428,0.771622800584838,0.814
31.75,E,2.0,1.1,1.5250000000000017,1.5900000000000005,53.30906250000005,0.40059949504194103,852.0778496918705,0.896924052307232,-0.7470621564404146,0.7724869788555596,0.814
32.0,E,2.0,1.1,1.5249999999999941,1.589999999999999,53.706562500000054,0.3989326160509902,851.7095882810455,0.89653640871689,-0.7498941537906841,0.7733407721023178,0.814
32.25,E,2.0,1.1,1.5250000000000097,1.590000000000002,54.104062500000055,0.397284186561279,851.3451412163876,0.8961527802277763,-0.7526980239186588,0.7741843011579794,0.814
32.5,E,2.0,1.1,1.524999999999986,1.5899999999999974,54.501562500000055,0.39565400236836445,850.9844737622776,0.8957731302760817,-0.755473997581236,0.7750176858131754,0.814
32.75,E,2.0,1.1,1.5249999999999966,1.5899999999999994,54.899062500000056,0.39404186152799764,850.627551347038,0.8953974224705663,-0.7582223050533868,0.7758410448067807,0.814
33.0,E,2.0,1.1,1.524999999999999,1.5899999999999999,55.29656250000006,0.3924475643311073,850.2743395677809,0.8950256205976641,-0.7609431760788228,0.7766544958174387,0.814
33.25,E,2.0,1.1,1.5250000000000048,1.5900000000000012,55.69406250000006,0.39087091327906015,849.9248041949973,0.8946576886263129,-0.7636368398226755,0.7774581554560862,0.814
33.5,E,2.0,1.1,1.524999999999991,1.5899999999999983,56.09156250000006,0.3893117130591953,849.5789111768955,0.8942935907125216,-0.7663035248261532,0.778252139259436,0.814
33.75,E,2.0,1.1,1.5250000000000128,1.5900000000000027,56.48906250000006,0.3877697705206292,849.2366266435006,0.8939332912036848,-0.7689434589630677,0.7790365616843663,0.814
34.0,E,2.0,1.1,1.5250000000000044,1.590000000000001,56.88656250000006,0.3862448946503283,848.8979169105199,0.8935767546426525,-0.7715568693982207,0.7798115361031834,0.814
34.25,E,2.0,1.1,1.5249999999999995,1.59,57.28406250000006,0.38473689654944687,848.5627484829865,0.8932239457715647,-0.7741439825475616,0.7805771747997154,0.814
34.5,E,2.0,1.1,1.5249999999999964,1.5899999999999994,57.68156250000006,0.3832455894099266,848.2310880586863,0.8928748295354593,-0.7767050240400629,0.7813335889661913,0.814
34.75,E,2.0,1.1,1.5250000000000077,1.5900000000000016,58.07906250000006,0.38177078849135504,847.9029025313779,0.8925293710856609,-0.7792402186812784,0.7820808887008786,0.814
35.0,E,2.0,1.1,1.5249999999999881,1.5899999999999979,58.476562500000064,0.3803123110980803,847.5781589938125,0.8921875357829605,-0.7817497904185076,0.7828191830064353,0.814
35.25,E,2.0,1.1,1.5250000000000157,1.5900000000000034,58.874062500000065,0.378869976556579,847.2568247405609,0.8918492892005904,-0.7842339623075285,0.7835485797889452,0.814
35.5,E,2.0,1.1,1.5250000000000015,1.5900000000000005,59.271562500000066,0.37744360619307504,846.9388672706548,0.891514597127005,-0.7866929564808512,0.7842691858576012,0.814
35.75,E,2.0,1.1,1.5250000000000026,1.5900000000000007,59.66906250000007,0.3760330233114054,846.6242542900502,0.8911834255684739,-0.7891269941174336,0.7849811069250062,0.814
36.0,E,2.0,1.1,1.5249999999999932,1.5899999999999987,60.06656250000007,0.37463805317113175,846.3129537139178,0.8908557407514923,-0.7915362954138186,0.7856844476080581,0.814
36.25,E,2.0,1.1,1.5250000000000106,1.5900000000000023,60.46406250000007,0.37325852296589357,846.0049336687678,0.8905315091250187,-0.7939210795566546,0.7863793114293927,0.814
36.5,E,2.0,1.1,1.5249999999999853,1.5899999999999972,60.86156250000007,0.37189426180200147,845.7001624944164,0.8902106973625435,-0.7962815646965377,0.7870658008193505,0.814
36.75,E,2.0,1.1,1.5249999999999972,1.5899999999999996,61.25906250000007,0.3705451006772671,845.3986087457974,0.8898932723639973,-0.7986179679231495,0.7877440171184459,0.814
37.0,E,2.0,2.0,1.5249999999999986,1.9049999999999998,61.69593750000007,0.36907951489734203,845.0708581741453,0.8895482717622583,-0.8011582864023725,0.7884799917128307,0.814
37.25,E,2.0,2.0,1.5250000000000055,1.9050000000000011,62.17218750000007,0.36750213015340233,844.7179042089634,0.889176741272593,-0.8038950525493906,0.7892712062012832,0.814
37.5,E,2.0,2.0,1.5249999999999904,1.9049999999999983,62.64843750000007,0.36594564020931597,844.3694221766959,0.8888099180807325,-0.8065982659318488,0.7900510134363621,0.814
37.75,E,2.0,2.0,1.5250000000000135,1.905000000000003,63.12468750000007,0.36440976828247645,844.0253596535101,0.8884477470036949,-0.8092682914363375,0.7908195795400872,0.814
38.0,E,2.0,2.0,1.5249999999999821,1.9049999999999965,63.60093750000007,0.36289424125667324,843.6856646742158,0.8880901733412798,-0.8119054915256468,0.7915770684328056,0.814
38.25,E,1.35,2.0,1.5250000000000004,1.6125000000000003,64.04062500000008,0.3615128925408725,843.3758815371589,0.8877640858285883,-0.8143113988091583,0.7922667093646625,0.814
38.5,E,1.35,2.0,1.5249999999999955,1.6124999999999992,64.44375000000008,0.36026126791167024,843.0950569114705,0.8874684809594426,-0.8164931657965301,0.7928909346462947,0.814
38.75,E,1.35,2.0,1.5250000000000083,1.6125000000000018,64.84687500000008,0.35902369156134173,842.8172601808861,0.8871760633483012,-0.8186521237565441,0.7935075403995435,0.814
39.0,E,1.35,2.0,1.5249999999999875,1.6124999999999976,65.25000000000009,0.35780000581151056,842.5424608675097,0.8868868009131681,-0.8207884868752375,0.7941166211779378,0.814
39.25,E,1.35,2.0,1.5250000000000163,1.6125000000000034,65.65312500000009,0.35659005475358807,842.2706287330004,0.8866006618242109,-0.8229024680050253,0.7947182704386091,0.814
39.5,E,1.35,2.0,1.5250000000000008,1.6125000000000003,66.05625000000009,0.355393684228909,842.0017337789695,0.8863176145041785,-0.824994278651506,0.7953125805494359,0.814
39.75,E,1.35,2.0,1.5250000000000032,1.6125000000000007,66.4593750000001,0.35421074180909046,841.735746247276,0.8860376276287115,-0.8270641289612,0.7958996427964404,0.814
40.0,E,1.35,2.0,1.5249999999999926,1.6124999999999987,66.8625000000001,0.35304107677661106,841.4726366202277,0.8857606701265555,-0.8291122277101456,0.796479547391407,0.814
40.25,E,1.35,2.0,1.5250000000000115,1.6125000000000025,67.2656250000001,0.35188454010560816,841.2123756206909,0.8854867111796746,-0.8311387822933495,0.7970523834797135,0.814
40.5,E,1.35,2.0,1.5249999999999844,1.612499999999997,67.6687500000001,0.3507409844428907,840.9549342121121,0.8852157202232759,-0.8331439987150494,0.7976182391483575,0.814
40.75,E,1.35,2.0,1.5250000000000195,1.612500000000004,68.0718750000001,0.34961026408916496,840.7002835984568,0.884947666945744,-0.8351280815797641,0.7981772014341606,0.814
41.0,E,1.35,2.0,1.5249999999999764,1.6124999999999954,68.47500000000011,0.3484922349804712,840.4483952240671,0.8846825212884917,-0.8370912340841107,0.7987293563321428,0.814
41.25,E,1.35,2.0,1.5250000000000274,1.6125000000000056,68.87812500000011,0.3473867546698287,840.199240773442,0.8844202534457285,-0.8390336580093449,0.7992747888040438,0.814
41.5,E,1.35,2.0,1.525000000000011,1.6125000000000023,69.28125000000011,0.34629368230908664,839.9527921709463,0.884160833864154,-0.8409555537146198,0.799813582786987,0.814
41.75,E,1.35,2.0,1.5249999999999928,1.6124999999999987,69.68437500000012,0.3452128786309787,839.7090215804463,0.883904233242575,-0.8428571201309171,0.8003458212022676,0.814
42.0,E,1.35,2.0,1.5250000000000028,1.6125000000000007,70.08750000000012,0.34414420593137945,839.4679014048808,0.8836504225314534,-0.8447385547556487,0.8008715859642579,0.814
42.25,E,1.35,2.0,1.525000000000001,1.6125000000000003,70.49062500000012,0.3430875280517593,839.2294042857657,0.8833993729323849,-0.8466000536478825,0.8013909579894132,0.814
42.5,E,1.35,2.0,1.5249999999999948,1.6124999999999992,70.89375000000013,0.34204271036183675,838.9935031026383,0.8831510558975141,-0.848441811424192,0.8019040172053729,0.814
42.75,E,1.35,2.0,1.525000000000009,1.612500000000002,71.29687500000013,0.3410096197424254,838.760170972444,0.8829054431288884,-0.8502640212550749,0.8024108425601386,0.814
43.0,E,1.35,2.0,1.5249999999999866,1.6124999999999974,71.70000000000013,0.3399881245684732,838.5293812488643,0.8826625065777519,-0.8520668748619723,0.802911512031333,0.814
43.25,E,1.35,2.0,1.5250000000000172,1.6125000000000036,72.10312500000013,0.33897809469229245,838.3011075215937,0.8824222184437829,-0.8538505625148021,0.8034061026355124,0.814
43.5,E,1.35,2.0,1.5249999999999786,1.6124999999999958,72.50625000000014,0.33797940142697747,838.0753236155656,0.8821845511742795,-0.855615273030045,0.8038946904375399,0.814
43.75,E,1.35,2.0,1.5250000000000252,1.6125000000000052,72.90937500000014,0.3369919175300091,837.8520035901284,0.8819494774632931,-0.8573611937693223,0.8043773505599998,0.814
44.0,E,1.35,2.0,1.5249999999999706,1.6124999999999943,73.31250000000014,0.3360155171870427,837.6311217381766,0.8817169702507122,-0.8590885106384771,0.8048541571926549,0.814
44.25,E,1.35,1.1,1.5249999999999906,1.297499999999998,73.67625000000014,0.3351438954131141,837.4338858193132,0.8815093534940139,-0.8606312990875254,0.8052794290599868,0.814
44.5,E,1.35,1.1,1.525000000000005,1.2975000000000012,74.00062500000014,0.334374077211898,837.2596420358565,0.881325938985112,-0.8619945443195386,0.805654739982278,0.814
44.75,E,1.35,1.1,1.5249999999999988,1.2974999999999999,74.32500000000014,0.3336112192285583,837.086932574254,0.8811441395518463,-0.863346065353286,0.8060263880488068,0.814
45.0,E,1.35,1.1,1.524999999999997,1.2974999999999994,74.64937500000015,0.33285525853312947,836.9157444766292,0.8809639415543465,-0.8646859563046596,0.8063944101980105,0.814
45.25,E,1.35,1.1,1.525000000000007,1.2975000000000014,74.97375000000015,0.33210613276461964,836.746064881151,0.8807853314538432,-0.8660143106798595,0.8067588429952712,0.814
45.5,E,1.35,1.1,1.5249999999999888,1.2974999999999979,75.29812500000016,0.3313637801258662,836.5778810216688,0.880608295812283,-0.8673312213758664,0.8071197226361297,0.814
45.75,E,1.35,1.1,1.525000000000015,1.297500000000003,75.62250000000016,0.33062813937843816,836.4111802273385,0.8804328212919352,-0.8686367806810276,0.8074770849495027,0.814
46.0,E,1.35,1.1,1.5249999999999808,1.2974999999999963,75.94687500000016,0.32989914983758434,836.24594992224,0.8802588946549895,-0.8699310802757346,0.8078309654008918,0.814
46.25,E,1.35,1.1,1.525000000000023,1.2975000000000048,76.27125000000017,0.32917675136722735,836.082177624986,0.8800865027631432,-0.8712142112332083,0.8081813990955953,0.814
46.5,E,1.35,1.1,1.5249999999999728,1.2974999999999945,76.59562500000017,0.328460884375003,835.9198509483228,0.879915632577182,-0.872486264020364,0.8085284207819081,0.814
46.75,E,1.35,1.1,1.5249999999999884,1.2974999999999977,76.92000000000017,0.327751489807344,835.7589575987249,0.8797462711565526,-0.8737473284987802,0.808872064854322,0.814
47.0,E,1.35,1.1,1.5250000000000072,1.2975000000000017,77.24437500000018,0.3270485091446088,835.5994853759804,0.8795784056589268,-0.874997493925747,0.8092123653567149,0.814
47.25,E,1.35,1.1,1.5249999999999966,1.2974999999999994,77.56875000000018,0.3263518843962543,835.441422172771,0.879412023339759,-0.8762368489554034,0.8095493559855352,0.814
47.5,E,1.35,1.1,1.524999999999999,1.2974999999999999,77.89312500000018,0.3256615580960515,835.2847559742451,0.8792471115518369,-0.8774654816399617,0.8098830700929762,0.814
47.75,E,1.35,1.1,1.5250000000000048,1.297500000000001,78.21750000000019,0.32497747329734566,835.1294748575845,0.8790836577448258,-0.8786834794309948,0.8102135406901394,0.814
48.0,E,1.35,1.1,1.524999999999991,1.2974999999999983,78.54187500000019,0.32429957356835815,834.9755669915656,0.8789216494648059,-0.8798909291808176,0.8105408004501902,0.814
48.25,E,1.35,1.1,1.5250000000000128,1.2975000000000025,78.86625000000019,0.3236278029875314,834.8230206361145,0.8787610743538048,-0.8810879171439343,0.8108648817115007,0.814
48.5,E,1.35,1.1,1.524999999999983,1.2974999999999968,79.1906250000002,0.32296210613891596,834.6718241418569,0.878601920149323,-0.8822745289785623,0.8111858164807828,0.814
48.75,E,1.35,1.1,1.5250000000000208,1.2975000000000043,79.5150000000002,0.3223024281075988,834.5219659496631,0.8784441746838559,-0.8834508497482157,0.811503636436204,0.814
49.0,E,1.35,1.1,1.524999999999975,1.297499999999995,79.8393750000002,0.32164871447517346,834.373434590189,0.8782878258844096,-0.8846169639233642,0.8118183729304951,0.814
49.25,E,1.35,1.1,1.525000000000029,1.2975000000000059,80.1637500000002,0.321000911315251,834.2262186834108,0.8781328617720114,-0.8857729553831502,0.8121300569940401,0.814
49.5,E,1.35,1.1,1.5250000000000095,1.297500000000002,80.48812500000021,0.32035896518901125,834.0803069381566,0.8779792704612175,-0.8869189074171809,0.8124387193379556,0.814
49.75,E,1.35,1.1,1.5249999999999944,1.297499999999999,80.81250000000021,0.3197228231407947,833.9356881516348,0.8778270401596157,-0.8880549027273549,0.8127443903571494,0.814
50.0,E,1.35,1.1,1.5250000000000015,1.2975000000000003,81.13687500000022,0.31909243269373405,833.7923512089569,0.8776761591673231,-0.8891810234297732,0.8130471001333693,0.814
0.0,F,0.38,0.42,0.325,0.383,0.0,0.92,944.8336149185893,0.9945616999143045,-0.0701186111499833,0.5279503731974511,0.6480833333333333
0.25,F,0.38,0.42,0.4,0.398,0.097625,0.9181710558482453,944.6150183327923,0.9943315982450445,-0.07163447543930827,0.5285535984454732,0.6480833333333333
0.5,F,0.38,0.42,0.325,0.383,0.19525,0.9163471042885953,944.3960415313709,0.9941010963488115,-0.07315332809265854,0.529157947193173,0.6480833333333333
0.75,F,0.38,0.42,0.25,0.368,0.289125,0.9145979108096024,944.1851255974318,0.993879079576244,-0.07461660248605774,0.5297401179624821,0.6480833333333333
1.0,F,0.38,0.42,0.32499999999999996,0.383,0.383,0.9128533090483602,943.9738737154183,0.9936567091741245,-0.07608253528133926,0.5303232826551435,0.6480833333333333
1.25,F,0.38,0.42,0.4,0.398,0.480625,0.9110438737005164,943.753834775578,0.9934250892374504,-0.07760979265431484,0.5309307737660508,0.6480833333333333
1.5,F,0.38,0.42,0.325,0.383,0.57825,0.9092393776902807,943.5334490817091,0.993193104296536,-0.07913981376348585,0.5315392919992189,0.6480833333333333
1.75,F,0.38,0.42,0.25,0.368,0.6721250000000001,0.9075088423384653,943.3212096297219,0.9929696943470757,-0.08061361767263292,0.5321253819414107,0.6480833333333333
2.0,F,0.38,0.42,0.32499999999999996,0.383,0.7660000000000001,0.9057828497259116,943.1086645827678,0.992745962718703,-0.08208987599981163,0.532712378132771,0.6480833333333333
2.25,F,0.38,0.42,0.4,0.398,0.8636250000000001,0.9039927150873635,942.8873127108374,0.9925129607482499,-0.08362765694120931,0.5333237615524349,0.6480833333333333
2.5,F,0.38,0.42,0.32500000000000007,0.383,0.96125,0.9022074670999765,942.6656462869794,0.9922796276705046,-0.08516798496648337,0.5339360788135477,0.6480833333333333
2.75,F,0.38,0.42,0.25,0.368,1.055125,0.9004953908546391,942.4522053785048,0.992054953030005,-0.0866514974036792,0.5345257346020527,0.6480833333333333
3.0,F,0.38,0.42,0.32499999999999996,0.383,1.149,0.8987878088925134,942.238488082923,0.9918299874557085,-0.08813726752637209,0.5351162117907621,0.6480833333333333
3.25,F,0.38,0.42,0.4,0.398,1.246625,0.8970167690883287,942.0159478207122,0.9915957345481181,-0.08968473342125319,0.5357311259934631,0.6480833333333333
3.5,F,0.38,0.42,0.32500000000000007,0.383,1.3442500000000002,0.8952505638108491,941.7931239906857,0.9913611831480902,-0.0912345374590626,0.536346883771921,0.6480833333333333
3.75,F,0.38,0.42,0.25,0.368,1.438125,0.893556749774185,941.5785990733367,0.9911353674456176,-0.0927269666491273,0.5369397634921147,0.6480833333333333
4.0,F,0.38,0.42,0.32499999999999996,0.383,1.532,0.8918673820815486,941.3638258692528,0.9909092903886871,-0.09422146380367587,0.5375333825149305,0.6480833333333333
4.25,F,0.38,0.42,0.4,0.398,1.629625,0.8901152334328021,941.140217039312,0.99067391267296,-0.09577780591513654,0.5381514776884246,0.6480833333333333
4.5,F,0.38,0.42,0.32500000000000007,0.383,1.7272500000000002,0.8883678677423005,940.916354447858,0.9904382678398506,-0.09733628468530658,0.5387703291088127,0.6480833333333333
4.75,F,0.38,0.42,0.25,0.368,1.821125,0.8866921211167552,940.7008585074882,0.9902114300078823,-0.0988368671005971,0.5393661019612093,0.6480833333333333
5.0,F,0.38,0.42,0.3249999999999999,0.383,1.915,0.8850207734074069,940.4851413098231,0.989984359273498,-0.10033933453968007,0.5399625346990296,0.6480833333333333
5.25,F,0.38,0.42,0.4,0.398,2.012625,0.8832873144077558,940.2605791711873,0.989747978074934,-0.10190377302328692,0.5405834724417967,0.6480833333333333
5.5,F,0.38,0.42,0.32500000000000034,0.38300000000000006,2.1102499999999997,0.8815585873479549,940.0357919384282,0.9895113599351876,-0.1034701538925831,0.5412050819640928,0.6480833333333333
5.75,F,0.38,0.42,0.25,0.368,2.204125,0.8799007154138215,939.8194336464592,0.9892836143646939,-0.10497815332253166,0.5418034279787987,0.6480833333333333
6.0,F,0.38,0.42,0.3249999999999999,0.383,2.298,0.8782471954739529,939.6028800910876,0.9890556632537765,-0.1064878613929511,0.542402357073748,0.6480833333333333
6.25,F,0.38,0.42,0.4,0.398,2.395625,0.8765322267664627,939.3774754900456,0.9888183952526797,-0.10805964434633329,0.5430258101035113,0.6480833333333333
6.5,F,0.38,0.42,0.32499999999999984,0.383,2.4932499999999997,0.8748219395246263,939.1518733610116,0.9885809193273806,-0.10963318238676753,0.5436498532343358,0.6480833333333333
6.75,F,0.38,0.42,0.25,0.368,2.587125,0.873181751617882,938.9347572170524,0.9883523760179499,-0.11114788904051594,0.5442504629959264,0.6480833333333333
7.0,F,0.38,0.42,0.32499999999999984,0.383,2.681,0.8715458692839726,938.7174708022926,0.9881236534760974,-0.11266413429371472,0.5448515815786604,0.6480833333333333
7.25,F,0.38,0.42,0.4,0.398,2.778625,0.8698491936381901,938.4913303183386,0.987885610861409,-0.11424253683984281,0.545477233451329,0.6480833333333333
7.5,F,0.38,0.42,0.3250000000000004,0.3830000000000001,2.8762499999999998,0.8681571495222581,938.265018807715,0.9876473882186474,-0.1158225139203274,0.5461033964654246,0.6480833333333333
7.75,F,0.38,0.42,0.25,0.368,2.970125,0.8665344570126363,938.047245277625,0.9874181529238159,-0.11734324356105866,0.5467059708474564,0.6480833333333333
8.0,F,0.38,0.42,0.32499999999999984,0.383,3.064,0.8649160241495831,937.8293255012065,0.9871887636854806,-0.11886534789504276,0.547308982273932,0.6480833333333333
8.25,F,0.38,0.42,0.4,0.398,3.161625,0.8632374464388538,937.6025515883273,0.9869500543035024,-0.12044967129781577,0.5479365271121979,0.6480833333333333
8.5,F,0.38,0.42,0.3249999999999999,0.383,3.2592499999999998,0.8615634508548219,937.375632120578,0.9867111917058715,-0.12203539520775813,0.5485645067833634,0.6480833333333333
8.75,F,0.38,0.42,0.25,0.368,3.353125,0.8599580671241193,937.1572977701173,0.9864813660738078,-0.12356148831745224,0.5491687566918168,0.6480833333333333
9.0,F,0.38,0.42,0.32499999999999984,0.383,3.447,0.8583568976036008,936.9388402617714,0.9862514108018646,-0.12508879814879303,0.5497733742888141,0.6480833333333333
9.25,F,0.38,0.42,0.4,0.398,3.544625,0.856696224782628,936.711531385218,0.9860121383002295,-0.12667836895959467,0.55040251651968,0.6480833333333333
9.5,F,0.38,0.42,0.3250000000000004,0.3830000000000001,3.6422499999999998,0.8550400852121685,936.4841014302287,0.9857727383476093,-0.12826917256315779,0.5510320198604751,0.6480833333333333
9.75,F,0.38,0.42,0.25,0.368,3.736125,0.8534518256327824,936.2652990544361,0.9855424200573012,-0.12979999353651298,0.5516376659854624,0.6480833333333333
10.0,F,0.38,0.42,0.32499999999999984,0.383,3.83,0.8518677353118524,936.0463957042477,0.9853119954781555,-0.1313318790012416,0.5522436128042284,0.6480833333333333
10.25,F,0.38,0.42,0.4,0.398,3.927625,0.8502247763944965,935.8186464729354,0.9850722594451952,-0.1329260482352326,0.552874066904824,0.6480833333333333
10.5,F,0.38,0.42,0.32499999999999996,0.383,4.02525,0.8485863023728173,935.5907996773216,0.9848324207129701,-0.1345212886549972,0.553504810914393,0.6480833333333333
10.75,F,0.38,0.42,0.25,0.368,4.1191249999999995,0.8470149842865131,935.3716184257568,0.9846017036060597,-0.13605622502134204,0.5541115834895329,0.6480833333333333
11.0,F,0.38,0.42,0.3249999999999993,0.3829999999999999,4.212999999999999,0.8454477909864236,935.1523575084134,0.9843709026404351,-0.1375920792035559,0.5547185920669505,0.6480833333333333
11.25,F,0.38,0.42,0.4,0.398,4.310624999999999,0.8438223570237372,934.9242588030877,0.9841307987400923,-0.13919022154447244,0.5553500823180223,0.6480833333333333
11.5,F,0.38,0.42,0.3250000000000005,0.3830000000000001,4.408249999999999,0.8422013601176778,934.6960851173036,0.9838906159129511,-0.14078927937333083,0.5559817937374553,0.6480833333333333
11.75,F,0.38,0.42,0.25,0.368,4.502124999999999,0.8406468028145819,934.4766106152854,0.9836595901213531,-0.14232774104541124,0.5565894323063635,0.6480833333333333
12.0,F,0.38,0.42,0.3249999999999998,0.38299999999999995,4.595999999999998,0.8390963262998317,934.2570769103526,0.9834285020108975,-0.1438669792324666,0.5571972444331015,0.6480833333333333
12.25,F,0.38,0.42,0.4,0.398,4.693624999999998,0.8374882303583298,934.0287160076577,0.983188122113324,-0.14546849226482025,0.5578295046796418,0.6480833333333333
12.5,F,0.38,0.42,0.32499999999999996,0.383,4.791249999999998,0.83588452414469,933.800301809041,0.98294768611478,-0.14707077080497488,0.5584619197543382,0.6480833333333333
12.75,F,0.38,0.42,0.25,0.368,4.885124999999998,0.8343465488425074,933.580616275007,0.9827164381842178,-0.1486121893535293,0.5590701729437227,0.6480833333333333
13.0,F,0.38,0.42,0.3250000000000003,0.38300000000000006,4.978999999999997,0.8328126108001134,933.3608911833577,0.9824851486140608,-0.15015424831679702,0.5596785394388855,0.6480833333333333
13.25,F,0.38,0.42,0.4,0.398,5.076624999999997,0.8312216679402749,933.1323518759366,0.9822445809220385,-0.15175855178436265,0.5603113128573893,0.6480833333333333
13.5,F,0.38,0.42,0.3250000000000005,0.3830000000000001,5.174249999999997,0.8296350679843756,932.903780087817,0.9820039790398074,-0.15336347631235114,0.5609441771059303,0.6480833333333333
13.75,F,0.38,0.42,0.25,0.368,5.268124999999997,0.8281134978078286,932.6839624469302,0.9817725920494002,-0.1549073042654806,0.5615528024048438,0.6480833333333333
14.0,F,0.38,0.42,0.32499999999999973,0.38299999999999995,5.3619999999999965,0.8265959218268196,932.4641241034493,0.9815411832667887,-0.15645164156562605,0.5621614828966597,0.6480833333333333
14.25,F,0.38,0.42,0.4,0.398,5.459624999999996,0.8250219490818184,932.2354868162014,0.9813005124381067,-0.1580581766551951,0.562794521768557,0.6480833333333333
14.5,F,0.38,0.42,0.325,0.383,5.557249999999996,0.8234522729162903,932.0068370231994,0.981059828445473,-0.15966519371193147,0.5634275897576473,0.6480833333333333
14.75,F,0.38,0.42,0.25,0.368,5.651124999999996,0.8219469328767778,931.7869630173205,0.9808283821234953,-0.16121090387825573,0.564036353302462,0.6480833333333333
15.0,F,0.38,0.42,0.3249999999999992,0.38299999999999984,5.744999999999996,0.820445544427906,931.5670864000032,0.980596933052635,-0.1627569971941054,0.5646451160146111,0.6480833333333333
15.25,F,0.38,0.42,0.4,0.398,5.8426249999999955,0.8188883607825687,931.3384283026228,0.9803562403185503,-0.164365225843524,0.5652781815054626,0.6480833333333333
15.5,F,0.38,0.42,0.32500000000000057,0.3830000000000001,5.940249999999995,0.8173354278863677,931.1097768622582,0.9801155545918507,-0.16597380254835928,0.565911216630528,0.6480833333333333
15.75,F,0.38,0.42,0.25,0.368,6.034124999999995,0.8158461448618395,930.889919156398,0.9798841254277874,-0.16752088736308327,0.566519892995273,0.6480833333333333
16.0,F,0.38,0.42,0.32499999999999973,0.38299999999999995,6.127999999999995,0.8143607712775086,930.6700761919573,0.9796527117810077,-0.169068233843151,0.5671285145384777,0.6480833333333333
16.25,F,0.38,0.42,0.4,0.398,6.225624999999995,0.8128201976474969,930.4414713078698,0.9794120750609157,-0.17067763807268252,0.5677613764825504,0.6480833333333333
16.5,F,0.38,0.42,0.325,0.383,6.3232499999999945,0.8112838294251434,930.2128914585991,0.9791714646932622,-0.17228726146058257,0.5683941507536341,0.6480833333333333
16.75,F,0.38,0.42,0.25,0.368,6.417124999999994,0.8098104321401911,929.9931197439636,0.9789401260462774,-0.1738352323535442,0.5690025227453341,0.6480833333333333
17.0,F,0.38,0.42,0.32500000000000023,0.38300000000000006,6.510999999999994,0.8083409025945989,929.7733794100578,0.9787088204316399,-0.17538334798933697,0.5696107879138748,0.6480833333333333
17.25,F,0.38,0.42,0.4,0.398,6.608624999999994,0.806816761805814,929.5448987218692,0.9784683144440729,-0.1769934292554761,0.570243224603766,0.6480833333333333
17.5,F,0.38,0.42,0.32500000000000057,0.3830000000000001,6.706249999999994,0.8052967815668531,929.3164606876637,0.9782278533554355,-0.17860360563640443,0.5708755184363826,0.6480833333333333
17.75,F,0.38,0.42,0.25,0.368,6.800124999999993,0.803839100573012,929.0968417814009,0.9779966755593694,-0.18015199242128166,0.5714833768950943,0.6480833333333333
18.0,F,0.38,0.42,0.3249999999999997,0.38299999999999995,6.893999999999993,0.8023852460625044,928.877270205587,0.9777655475848285,-0.18170041144158006,0.5720910784679576,0.6480833333333333
18.25,F,0.38,0.42,0.4,0.398,6.991624999999993,0.8008773628307109,928.6489817571568,0.9775252439549019,-0.1833106900124368,0.5727228764489489,0.6480833333333333
18.5,F,0.38,0.42,0.32500000000000007,0.383,7.089249999999993,0.7993735957693925,928.4207528487321,0.9772850029986654,-0.18492094435211928,0.5733544784596061,0.6480833333333333
18.75,F,0.38,0.42,0.25,0.368,7.183124999999992,0.7979314634256545,928.201350790484,0.9770540534636674,-0.18646929463599213,0.5739616220628715,0.6480833333333333
19.0,F,0.38,0.42,0.3249999999999991,0.38299999999999984,7.276999999999992,0.796493116749289,927.9820113460027,0.9768231698378975,-0.1880175689212713,0.5745685606092423,0.6480833333333333
19.25,F,0.38,0.42,0.4,0.398,7.374624999999992,0.7950013176599564,927.7539803412478,0.9765831372013135,-0.1896275832727275,0.5751995144781171,0.6480833333333333
19.5,F,0.38,0.42,0.3250000000000006,0.3830000000000001,7.472249999999992,0.7935135908351313,927.5260250540515,0.9763431842674226,-0.19123745859397084,0.5758302212842257,0.6480833333333333
19.75,F,0.38,0.42,0.25,0.368,7.5661249999999916,0.792086841288665,927.3069011994138,0.9761125275783303,-0.19278533720646096,0.576436456355687,0.6480833333333333
20.0,F,0.38,0.42,0.3249999999999996,0.38299999999999995,7.659999999999991,0.7906638370289821,927.0878545979062,0.9758819522083224,-0.19433303572272345,0.5770424400445507,0.6480833333333333
20.25,F,0.38,0.42,0.4,0.398,7.757624999999991,0.7891879505173411,926.8601434964398,0.9756422563120419,-0.19594234195456703,0.5776723522526184,0.6480833333333333
20.5,F,0.38,0.42,0.3250000000000012,0.38300000000000023,7.855249999999991,0.7877160928325719,926.632523605499,0.9754026564268411,-0.19755139875836786,0.5783019682765539,0.6480833333333333
20.75,F,0.38,0.42,0.25,0.368,7.949124999999991,0.7863045619996489,926.4137367164864,0.9751723544384067,-0.19909838719962766,0.5789071085985047,0.6480833333333333
21.0,F,0.38,0.42,0.3250000000000002,0.38300000000000006,8.04299999999999,0.7848967365036479,926.1950410977396,0.9749421485239365,-0.2006450954509083,0.5795119530121338,0.6480833333333333
21.25,F,0.38,0.42,0.4,0.398,8.140624999999991,0.7834365928349597,925.9677097074447,0.974702852323626,-0.20225326672220617,0.5801406336722413,0.6480833333333333
21.5,F,0.38,0.42,0.3250000000000007,0.3830000000000001,8.238249999999992,0.7819804350188441,925.7404843591748,0.9744636677464998,-0.20386108242790513,0.5807689709493368,0.6480833333333333
21.75,F,0.38,0.42,0.25,0.368,8.332124999999992,0.7805839605659682,925.5220906917864,0.9742337796755646,-0.20540677833475862,0.5813728375790095,0.6480833333333333
22.0,F,0.38,0.42,0.3249999999999985,0.38299999999999973,8.425999999999993,0.7791911519262862,925.3038017106034,0.9740040018006351,-0.20695209783359653,0.5819763655301313,0.6480833333333333
22.25,F,0.38,0.42,0.4,0.398,8.523624999999994,0.7777465831763221,925.076907277239,0.9737651655549884,-0.20855872381659307,0.5826036322274633,0.6480833333333333
22.5,F,0.38,0.42,0.3250000000000002,0.38300000000000006,8.621249999999995,0.7763059577630252,924.8501330783095,0.9735264558719047,-0.21016489222038243,0.583230510217744,0.6480833333333333
22.75,F,0.38,0.42,0.25,0.368,8.715124999999995,0.7749243790882637,924.6321864672873,0.9732970383866182,-0.21170890884993585,0.5838329313071468,0.6480833333333333
23.0,F,0.38,0.42,0.32499999999999907,0.38299999999999984,8.808999999999996,0.7735464271245557,924.4143573775704,0.9730677446079687,-0.21325245660517758,0.58443497265963,0.6480833333333333
23.25,F,0.38,0.42,0.4,0.398,8.906624999999996,0.7721172671602847,924.1879546715062,0.9728294259700065,-0.21485714295701747,0.5850606502661105,0.6480833333333333
23.5,F,0.38,0.42,0.3249999999999996,0.38299999999999995,9.004249999999997,0.7706920084702803,923.9616857748556,0.9725912481840585,-0.21646127370811688,0.5856858956695952,0.6480833333333333
23.75,F,0.38,0.42,0.25,0.368,9.098124999999998,0.7693251666847932,923.7442377157255,0.9723623554902373,-0.21800323943820227,0.5862867062887396,0.6480833333333333
24.0,F,0.38,0.42,0.32499999999999957,0.3829999999999999,9.191999999999998,0.7679619129253104,923.5269194518639,0.9721335994230147,-0.2195446474594768,0.5868870977816303,0.6480833333333333
24.25,F,0.38,0.42,0.4,0.398,9.289625,0.7665479973857933,923.3010608520309,0.9718958535284535,-0.22114701531112824,0.5875110182737828,0.6480833333333333
24.5,F,0.38,0.42,0.32500000000000123,0.38300000000000023,9.38725,0.7651379415068091,923.0753490401243,0.9716582621474992,-0.22274873340498352,0.5881344648491963,0.6480833333333333
24.75,F,0.38,0.42,0.25,0.368,9.481125,0.7637856794165767,922.8584487686037,0.9714299460722144,-0.2242882912508262,0.5887335068125754,0.6480833333333333
25.0,F,0.38,0.42,0.32500000000000007,0.383,9.575000000000001,0.7624369670799411,922.641690024251,0.9712017789728958,-0.2258272060690907,0.5893320918873484,0.6480833333333333
25.25,F,0.38,0.42,0.4,0.398,9.672625000000002,0.761038133357428,922.4164255993998,0.9709646585256839,-0.22742689153082768,0.5899540941674626,0.6480833333333333
25.5,F,0.38,0.42,0.32500000000000073,0.3830000000000002,9.770250000000003,0.7596431181255955,922.1913203648134,0.9707277056471719,-0.2290258368187081,0.5905755825542242,0.6480833333333333
25.75,F,0.38,0.42,0.25,0.368,9.864125000000003,0.75830528021334,921.9750149336728,0.9705000157196556,-0.23056264396522275,0.5911727042504099,0.6480833333333333
26.0,F,0.38,0.42,0.32500000000000057,0.3830000000000001,9.958000000000004,0.7569709541905142,921.7588622379935,0.9702724865663089,-0.2320987261688085,0.5917693328813163,0.6480833333333333
26.25,F,0.38,0.42,0.4,0.398,10.055625000000004,0.7555870414117436,921.5342398253443,0.9700360419214151,-0.233695379851651,0.5923892626018014,0.6480833333333333
26.5,F,0.38,0.42,0.32500000000000023,0.38300000000000006,10.153250000000005,0.7542069063929481,921.3097884487647,0.9697997773144892,-0.23529120656608082,0.593008640145178,0.6480833333333333
26.75,F,0.38,0.42,0.25,0.368,10.247125000000006,0.7528833388002483,921.0941228022203,0.9695727608444424,-0.2368249339152268,0.5936036963694248,0.6480833333333333
27.0,F,0.38,0.42,0.32499999999999896,0.3829999999999998,10.341000000000006,0.751563245636697,920.8786205936916,0.9693459164144123,-0.23835785770081364,0.5941982248968207,0.6480833333333333
27.25,F,0.38,0.42,0.4,0.398,10.438625000000007,0.7501940946443949,920.6546858750593,0.9691101956579571,-0.23995114425336186,0.5948159342876381,0.6480833333333333
27.5,F,0.38,0.42,0.32499999999999973,0.38299999999999995,10.536250000000008,0.7488286811158246,920.4309335007771,0.9688746668429232,-0.2415435205487754,0.5954330548669396,0.6480833333333333
27.75,F,0.38,0.42,0.25,0.368,10.630125000000008,0.7475192316254211,920.2159505464942,0.9686483689963097,-0.24307385228147046,0.5960259066567115,0.6480833333333333
28.0,F,0.38,0.42,0.3249999999999995,0.3829999999999999,10.724000000000009,0.7462132195034628,920.0011412443358,0.9684222539414061,-0.24460330501945973,0.5966181976232773,0.6480833333333333
28.25,F,0.38,0.42,0.4,0.398,10.82162500000001,0.7448586728380384,919.7779378198092,0.9681873029682202,-0.24619290267956714,0.597233545322354,0.6480833333333333
28.5,F,0.38,0.42,0.3250000000000013,0.3830000000000003,10.91925000000001,0.7435078237699306,919.5549275287882,0.9679525552934612,-0.24778151018769354,0.597848269182099,0.6480833333333333
28.75,F,0.38,0.42,0.25,0.368,11.013125000000011,0.7422123417882208,919.3406682075736,0.9677270191658669,-0.24930814333970222,0.5984387836554071,0.6480833333333333
29.0,F,0.38,0.42,0.325,0.383,11.107000000000012,0.7409202605095679,919.1265922808826,0.9675016760851396,-0.25083382515348496,0.5990287056451735,0.6480833333333333
29.25,F,0.38,0.42,0.4,0.398,11.204625000000012,0.7395801623910054,918.904161740137,0.9672675386738285,-0.25241942531425376,0.5996415565317175,0.6480833333333333
29.5,F,0.38,0.42,0.32500000000000084,0.3830000000000002,11.302250000000013,0.7382437224285873,918.6819346207352,0.9670336153902476,-0.2540039587136647,0.6002537501156702,0.6480833333333333
29.75,F,0.38,0.42,0.25,0.368,11.396125000000014,0.7369620589683054,918.4684379739869,0.9668088820778808,-0.25552660276503936,0.6008418003121754,0.6480833333333333
30.0,F,0.38,0.42,0.3249999999999984,0.3829999999999997,11.490000000000014,0.7356837599367911,918.2551340086516,0.9665843515880543,-0.257048226123667,0.6014292277922865,0.6480833333333333
30.25,F,0.38,0.42,0.4,0.398,11.587625000000015,0.7343579562467335,918.033515999969,0.9663510694736516,-0.2586295329132432,0.6020394528229245,0.6480833333333333
30.5,F,0.38,0.42,0.3250000000000003,0.38300000000000006,11.685250000000016,0.7330357716923553,917.812111216386,0.9661180118067222,-0.2602096995126014,0.6026489886109463,0.6480833333333333
30.75,F,0.38,0.42,0.25,0.368,11.779125000000016,0.7317677793554386,917.5994144513766,0.9658941204751332,-0.26172807599014775,0.6032344533357404,0.6480833333333333
31.0,F,0.38,0.42,0.3249999999999989,0.3829999999999998,11.873000000000017,0.7305031155599274,917.3869192148377,0.9656704412787765,-0.2632453653139232,0.6038192665008838,0.6480833333333333
31.25,F,0.38,0.42,0.4,0.398,11.970625000000018,0.7291914538239523,917.1661515119068,0.9654380542230598,-0.2648220951886347,0.6044267425485688,0.6480833333333333
31.5,F,0.38,0.42,0.3249999999999998,0.38299999999999995,12.068250000000019,0.7278833726194118,916.9456063704296,0.9652059014425575,-0.2663976145231487,0.6050334988962187,0.6480833333333333
31.75,F,0.38,0.42,0.25,0.368,12.16212500000002,0.7266289055800488,916.733744923489,0.9649828893931462,-0.2679114566154812,0.6056162625662368,0.6480833333333333
32.0,F,0.38,0.42,0.3249999999999994,0.3829999999999999,12.25600000000002,0.725377731577529,916.5220934274179,0.9647600983446504,-0.2694241478940407,0.6061983471856959,0.6480833333333333
32.25,F,0.38,0.42,0.4,0.398,12.35362500000002,0.7240800609476139,916.3022119939857,0.9645286442041955,-0.27099602924438615,0.6068029568813177,0.6480833333333333
32.5,F,0.38,0.42,0.3250000000000014,0.3830000000000003,12.451250000000021,0.7227859326566681,916.0825620071033,0.9642974336916877,-0.27256663268500964,0.6074068178621481,0.6480833333333333
32.75,F,0.38,0.42,0.25,0.368,12.545125000000022,0.721544846644528,915.8715696047684,0.964075336426072,-0.2740756848697662,0.6079867703551652,0.6480833333333333
33.0,F,0.38,0.42,0.32499999999999996,0.383,12.639000000000022,0.7203070185433855,915.6607951657282,0.9638534685955035,-0.27558352529220925,0.608566017622443,0.6480833333333333
33.25,F,0.38,0.42,0.4,0.398,12.736625000000023,0.7190231897805585,915.4418342181706,0.963622983387548,-0.2771502980612697,0.6091676491991042,0.6480833333333333
33.5,F,0.38,0.42,0.3250000000000009,0.3830000000000002,12.834250000000024,0.7177428655716234,915.223113166625,0.9633927507017105,-0.2787157284362102,0.6097685044496081,0.6480833333333333
33.75,F,0.38,0.42,0.25,0.368,12.928125000000025,0.7165150178552641,915.0130218848196,0.9631716019840206,-0.28021974611900585,0.6103455409557785,0.6480833333333333
34.0,F,0.38,0.42,0.3250000000000004,0.3830000000000001,13.022000000000025,0.7152903932987337,914.8031561829737,0.9629506907189197,-0.28172249371564045,0.6109218473407452,0.6480833333333333
34.25,F,0.38,0.42,0.4,0.398,13.119625000000026,0.7140202587559107,914.5851482508501,0.9627212086851054,-0.28328390902949546,0.6115203944806635,0.6480833333333333
34.5,F,0.38,0.42,0.32500000000000034,0.38300000000000006,13.217250000000027,0.7127535913849445,914.3673882436882,0.9624919876249349,-0.2848439202576196,0.61211813904784,0.6480833333333333
34.75,F,0.38,0.42,0.25,0.368,13.311125000000027,0.711538840755398,914.1582285649991,0.9622718195421044,-0.2863426694223043,0.6126921599237313,0.6480833333333333
35.0,F,0.38,0.42,0.32499999999999885,0.3829999999999998,13.405000000000028,0.710327278905192,913.9493017009273,0.962051896527292,-0.28784009271765326,0.6132654270272793,0.6480833333333333
35.25,F,0.38,0.42,0.4,0.398,13.502625000000029,0.7090706925101967,913.7322776855865,0.9618234501953542,-0.28939591252736196,0.6138607887112727,0.6480833333333333
35.5,F,0.38,0.42,0.32499999999999984,0.383,13.60025000000003,0.7078175363037661,913.5155092182772,0.9615952728613444,-0.29095026926306566,0.6144553229027659,0.6480833333333333
35.75,F,0.38,0.42,0.25,0.368,13.69412500000003,0.7066157430582981,913.3073100873819,0.9613761158814547,-0.29244352613295876,0.6150262335278799,0.6480833333333333
36.0,F,0.38,0.42,0.32499999999999934,0.3829999999999999,13.78800000000003,0.7054171045784088,913.0993506370662,0.9611572111969118,-0.2939354038095985,0.6155963679390388,0.6480833333333333
36.25,F,0.38,0.42,0.4,0.398,13.885625000000031,0.7041739218171733,912.8833398683605,0.9609298314403795,-0.2954854005443871,0.616188448298576,0.6480833333333333
36.5,F,0.38,0.42,0.32500000000000145,0.3830000000000003,13.983250000000032,0.7029341326557002,912.6675918790388,0.960702728293725,-0.2970338778335682,0.6167796775353732,0.6480833333333333
36.75,F,0.38,0.42,0.25,0.368,14.077125000000033,0.7017451585817442,912.4603807563481,0.9604846113224716,-0.2985214285432465,0.6173473881711072,0.6480833333333333
37.0,F,0.38,0.42,0.32499999999999984,0.383,14.171000000000033,0.70055930562242,912.2534158243851,0.9602667534993528,-0.3000075491161408,0.617914301326606,0.6480833333333333
37.25,F,0.38,0.42,0.4,0.398,14.268625000000034,0.6993293835223651,912.0384461155581,0.9600404695953244,-0.3015515053473784,0.6185030094983838,0.6480833333333333
37.5,F,0.38,0.42,0.32500000000000095,0.38300000000000023,14.366250000000035,0.6981028188235519,911.8237460394544,0.9598144695152151,-0.303093888294122,0.619090844170039,0.6480833333333333
37.75,F,0.38,0.42,0.25,0.368,14.460125000000035,0.696926527182814,911.6175489530232,0.9595974199505507,-0.30457552857142994,0.6196552698210769,0.6480833333333333
38.0,F,0.38,0.42,0.32499999999999823,0.3829999999999997,14.554000000000036,0.6957533233647051,911.4116042241202,0.9593806360253897,-0.3060556900723897,0.620218877867325,0.6480833333333333
38.25,F,0.38,0.42,0.4,0.398,14.651625000000037,0.6945365204782974,911.1977019249209,0.9591554757104431,-0.30759339818803566,0.6208041278503682,0.6480833333333333
38.5,F,0.38,0.42,0.3250000000000004,0.3830000000000001,14.749250000000037,0.6933230391807299,910.9840757470334,0.9589306060495089,-0.30912948163166076,0.6213884831727382,0.6480833333333333
38.75,F,0.38,0.42,0.25,0.368,14.843125000000038,0.6921592946934627,910.7789173427973,0.9587146498345235,-0.3106050164895972,0.6219495434508491,0.6480833333333333
39.0,F,0.38,0.42,0.32499999999999873,0.3829999999999998,14.937000000000038,0.6909986050919379,910.5740171316048,0.9584989654016893,-0.3120790261615349,0.6225097671083235,0.6480833333333333
39.25,F,0.38,0.42,0.4,0.398,15.03462500000004,0.6897947814804231,910.3612071796888,0.9582749549259882,-0.3136102880506683,0.6230914776235751,0.6480833333333333
39.5,F,0.38,0.42,0.32499999999999996,0.383,15.13225000000004,0.6885942440273471,910.1486794857567,0.9580512415639544,-0.31513987625277134,0.62367227349904,0.6480833333333333
39.75,F,0.38,0.42,0.25,0.368,15.22612500000004,0.6874429128567923,909.9445830761441,0.9578364032380464,-0.3166091196909207,0.6242298924892702,0.6480833333333333
40.0,F,0.38,0.42,0.3249999999999993,0.3829999999999999,15.320000000000041,0.6862946039864211,909.7407503754799,0.9576218425005052,-0.3180767936915755,0.6247866569192911,0.6480833333333333
40.25,F,0.38,0.42,0.4,0.398,15.417625000000042,0.6851036212037298,909.5290563461489,0.9573990066801568,-0.3196014204386875,0.6253647512716829,0.6480833333333333
40.5,F,0.38,0.42,0.32500000000000157,0.38300000000000034,15.515250000000043,0.6839158895270017,909.3176503719765,0.9571764740757647,-0.32112432677987957,0.6259419121518508,0.6480833333333333
40.75,F,0.38,0.42,0.25,0.368,15.609125000000043,0.6827768392639973,909.1146379829523,0.9569627768241603,-0.3225871014950693,0.6264960182810918,0.6480833333333333
41.0,F,0.38,0.42,0.3249999999999976,0.38299999999999956,15.703000000000044,0.6816407790631986,908.9118945104667,0.9567493626425966,-0.3240482646098716,0.6270492529549702,0.6480833333333333
41.25,F,0.38,0.42,0.4,0.398,15.800625000000045,0.6804625001400247,908.7013386648005,0.9565277249103162,-0.32556607619860456,0.6276236588979636,0.6480833333333333
41.5,F,0.38,0.42,0.3249999999999989,0.3829999999999998,15.898250000000045,0.6792874376442324,908.4910763439881,0.9563063961515664,-0.32708212288460076,0.6281971136488362,0.6480833333333333
41.75,F,0.38,0.42,0.25,0.368,15.992125000000046,0.6781605372919863,908.2891687605743,0.9560938618532361,-0.32853825999047953,0.628747639556759,0.6480833333333333
42.0,F,0.38,0.42,0.3250000000000003,0.38300000000000006,16.086000000000045,0.6770365951078406,908.0875350039056,0.9558816157935849,-0.3299927453542836,0.6292972781273131,0.6480833333333333
42.25,F,0.38,0.42,0.4,0.398,16.183625000000045,0.6758708845358887,907.8781383353377,0.9556611982477239,-0.33150357038028333,0.6298679277298901,0.6480833333333333
42.5,F,0.38,0.42,0.3250000000000005,0.3830000000000001,16.281250000000046,0.6747083560826431,907.669040345468,0.9554410951004927,-0.3330125881570397,0.6304376094994796,0.6480833333333333
42.75,F,0.38,0.42,0.25,0.368,16.375125000000047,0.673593476041667,907.4682571557926,0.9552297443745185,-0.3344619269122902,0.6309844919118262,0.6480833333333333
43.0,F,0.38,0.42,0.3249999999999987,0.38299999999999973,16.469000000000047,0.6724815226148908,907.2677524162618,0.9550186867539598,-0.3359095757396536,0.631530472087247,0.6480833333333333
43.25,F,0.38,0.42,0.4,0.398,16.566625000000048,0.6713282463312924,907.0595346956471,0.9547995102059443,-0.3374132511322649,0.6320973016033506,0.6480833333333333
43.5,F,0.38,0.42,0.3250000000000021,0.38300000000000045,16.66425000000005,0.6701781182236854,906.8516205029765,0.9545806531610279,-0.33891507900986867,0.6326631476917393,0.6480833333333333
43.75,F,0.38,0.42,0.25,0.368,16.75812500000005,0.6690751302768899,906.6519801408953,0.9543705054114687,-0.34035746655476995,0.6332063272959607,0.6480833333333333
44.0,F,0.38,0.42,0.32499999999999707,0.38299999999999945,16.85200000000005,0.6679750377269702,906.4526225757866,0.9541606553429333,-0.34179812787851105,0.6337485907160205,0.6480833333333333
44.25,F,0.38,0.42,0.4,0.398,16.94962500000005,0.6668340630988654,906.2456023950094,0.9539427393631679,-0.3432944986310028,0.6343115404564275,0.6480833333333333
44.5,F,0.38,0.42,0.3249999999999995,0.3829999999999999,17.04725000000005,0.665696203066094,906.0388902977115,0.9537251476818016,-0.34478898361603355,0.6348734921882602,0.6480833333333333
44.75,F,0.38,0.42,0.25,0.368,17.141125000000052,0.6646049803640435,905.8404100840498,0.9535162211411051,-0.34622427471709677,0.6354129135114905,0.6480833333333333
45.0,F,0.38,0.42,0.32499999999999973,0.38299999999999995,17.235000000000053,0.6635166221745304,905.6422167475196,0.9533075965763363,-0.34765780513487743,0.6359514056260913,0.6480833333333333
45.25,F,0.38,0.42,0.4,0.398,17.332625000000053,0.6623878179838147,905.4364115616888,0.9530909595386198,-0.3491467240429323,0.6365104198327108,0.6480833333333333
45.5,F,0.38,0.42,0.32500000000000107,0.38300000000000023,17.430250000000054,0.6612620951659693,905.2309187316964,0.9528746512965226,-0.35063372087901573,0.6370684224321121,0.6480833333333333
45.75,F,0.38,0.42,0.25,0.368,17.524125000000055,0.6601825122122934,905.033614914154,0.9526669630675305,-0.35206177768142427,0.6376040337214678,0.6480833333333333
46.0,F,0.38,0.42,0.32499999999999807,0.3829999999999996,17.618000000000055,0.6591057632162507,904.8366017968137,0.9524595808387513,-0.3534880411100737,0.6381387036715126,0.6480833333333333
46.25,F,0.38,0.42,0.4,0.398,17.715625000000056,0.6579889996444842,904.6320279650894,0.952244239963252,-0.3549693685182747,0.6386937303941033,0.6480833333333333
46.5,F,0.38,0.42,0.32500000000000273,0.38300000000000056,17.813250000000057,0.656875284577499,904.4277704885789,0.9520292320932409,-0.35644873943456873,0.6392477328620095,0.6480833333333333
46.75,F,0.38,0.42,0.25,0.368,17.907125000000057,0.6558072172144598,904.2316582803387,0.9518227981898302,-0.35786943122219905,0.6397794859672152,0.6480833333333333
47.0,F,0.38,0.42,0.32500000000000073,0.3830000000000002,18.001000000000058,0.6547419535800696,904.0358403475548,0.9516166740500577,-0.35928829865953926,0.6403102864677974,0.6480833333333333
47.25,F,0.38,0.42,0.4,0.398,18.09862500000006,0.6536371021935471,903.8325131726486,0.9514026454448933,-0.36076190221559595,0.6408612774430934,0.6480833333333333
47.5,F,0.38,0.42,0.32500000000000007,0.383,18.19625000000006,0.6525352667943111,903.6295060892105,0.9511889537781163,-0.3622335166829418,0.6414112324369887,0.6480833333333333
47.75,F,0.38,0.42,0.25,0.368,18.29012500000006,0.6514785921885242,903.4345997062958,0.9509837891645219,-0.3636467196456864,0.6419390826953093,0.6480833333333333
48.0,F,0.38,0.42,0.3249999999999991,0.38299999999999984,18.38400000000006,0.6504246914048459,903.2399909352434,0.9507789378265721,-0.3650580689396199,0.642465969921212,0.6480833333333333
48.25,F,0.38,0.42,0.4,0.398,18.48162500000006,0.6493316251398265,903.0379247016381,0.9505662365280401,-0.36652382335607997,0.6430128804544467,0.6480833333333333
48.5,F,0.38,0.42,0.3250000000000017,0.38300000000000034,18.579250000000062,0.648241542691453,902.8361820421748,0.9503538758338682,-0.36798755785058934,0.6435587441704991,0.6480833333333333
48.75,F,0.38,0.42,0.25,0.368,18.673125000000063,0.6471961393197617,902.6424947395906,0.950149994462727,-0.36939315485878216,0.6440826502939804,0.6480833333333333
49.0,F,0.38,0.42,0.3249999999999975,0.3829999999999995,18.767000000000063,0.6461534801826427,902.4491081551051,0.9499464296369527,-0.37079687048340976,0.644605583767477,0.6480833333333333
49.25,F,0.38,0.42,0.4,0.398,18.864625000000064,0.6450720733307362,902.2483161660293,0.9497350696484519,-0.37225465730662793,0.6451483726163,0.6480833333333333
49.5,F,0.38,0.42,0.32499999999999907,0.38299999999999984,18.962250000000065,0.6439936184679902,902.047850989421,0.9495240536730748,-0.3737103950804563,0.6456901046738831,0.6480833333333333
49.75,F,0.38,0.42,0.25,0.368,19.056125000000065,0.6429593661034889,901.8553950961214,0.949321468522233,-0.37510827546614056,0.6462100286388808,0.6480833333333333
50.0,F,0.38,0.42,0.3250000000000002,0.38300000000000006,19.150000000000066,0.641927828701625,901.6632428053827,0.9491192029530344,-0.37650424830468393,0.6467289711198272,0.6480833333333333
