year_0,year_1,year_2,year_3,year_4,year_5,year_6,year_7,year_8,year_9,year_10,year_11,year_12,year_13,year_14,year_15,year_16,year_17,year_18,year_19,year_20,year_21,year_22,year_23,year_24,year_25,year_26,year_27,year_28,year_29,year_30,year_31,year_32,year_33,year_34,year_35,year_36,year_37,year_38,year_39,year_40,year_41,year_42,year_43,year_44,year_45,year_46,year_47,year_48,year_49,year_50
748.9658626309252,574.5564907065921,697.0312530825248,706.9451803705191,736.3468839893693,766.4103178279344,775.0856807820121,754.459624765196,711.3217487834453,670.1203914006504,650.4729241782953,660.4168012350063,692.4358808273377,723.9071429872655,734.0067262389405,714.7456753475049,675.4672510336144,635.4325909539526,616.2700155781691,449.019407096736,659.3477872184754,691.198631338574,701.892996839804,682.4960756139906,642.545876373318,602.3504615435921,582.798250429979,592.8244597142249,623.7967090611563,654.4270203377906,664.2787834166129,644.6176666540534,604.5027298444495,564.3828725001118,545.3713615335802,555.5732693273693,587.9334980693724,620.6966821668644,631.7878505180927,612.545548757887,573.2524604561813,533.467954270881,514.5600236769116,525.931727001978,558.1065029921149,590.3163059364555,601.6113447861148,582.9584279888494,543.6858127577768,505.29484275293714,488.389064314605
728.9525696622313,689.4776703379692,665.8903373966004,678.0690590859746,714.7488871834414,749.8347334643167,758.98666938228,733.1673328631468,683.5498808190393,634.1653292292564,611.0670060752884,623.9058576129593,660.6656430641749,695.7498185538445,707.7995703465989,684.5526756729699,636.5934541051315,587.4910282307313,562.8512827421071,573.0149210914475,608.8759590851605,646.3956787161108,655.7174882708538,631.7207011391628,583.2189572142008,534.2310707502928,509.96697181637956,520.6230059896128,556.8032317691498,592.577506892874,424.4997780596883,579.8281637424672,530.2720788202517,481.1265340275621,457.2234665867186,466.83713161860135,501.39192661501306,536.7710752417488,547.7794257475629,522.4765135697138,470.166384790533,419.2022990749631,393.946893460135,405.8605127211232,443.7849705490197,482.0641747283255,496.24488686437064,474.66088144022115,428.125638312143,204.07382480494584,361.033438105364
1005.547080060504,968.8048646681128,946.1455673173207,954.9853755922865,985.2200608895217,1014.0014121088059,1018.6369978574792,991.4087960408265,944.5160735955734,897.8598949730036,871.6605102148264,878.2298186635386,906.8919661883436,935.6686687820431,942.8983143666824,920.6568068513899,876.4283377541057,831.512057563115,807.8411238961546,815.3834738143165,845.4959596656332,875.342007630725,883.8096605084886,862.0192243772561,818.9918084041345,776.0071871038809,753.393486991662,761.6473015980736,792.5124191677884,823.9135377076132,832.099690999403,810.5225157376016,766.612038013527,722.5307568291358,699.1908729076454,707.7296117250322,737.5841504574227,767.1567637545797,775.018495324751,682.6255710337822,708.8300225713452,666.2628849521363,645.2522434070922,656.0401175735402,689.3761629003104,721.7997903396401,732.2529029078948,711.8466928598348,669.4721773540656,625.8199860337982,604.0571584968202
1038.6744588850997,977.9955062650301,937.1909685866694,935.7335036483155,957.5661383473537,979.5167139194716,977.8261525292379,936.6564193153565,870.7593941254725,807.624335029499,771.9884434334977,775.4094715156239,806.139367628952,689.9621887784982,843.8088489078451,802.1469905414118,732.2553431192173,665.0239191388011,425.85020341504173,625.7657310679733,652.6566684845898,684.0952024852943,689.0462645523309,659.1384023708612,602.0803761139794,546.2797116751462,326.2353912719409,527.4244092693461,564.1949792006424,601.8357934212268,613.5555519210506,586.0281904283507,533.4323626856309,480.5134134607845,454.6737597207082,466.4726218835501,505.59244259768593,545.1236715780708,559.2438861467302,536.7650457537824,486.75164264528155,435.7756484538678,412.0804933005752,426.07060624468863,467.59701601664756,508.4811110611604,522.9690295876231,500.43134763695025,451.6067083857255,403.3818783687699,382.02589470658495
707.1104917637255,655.7979751957664,618.2811682484842,617.6506940732204,643.0601871240661,668.5177706338578,670.2110946627146,638.8767083453448,585.019029464859,530.6557200009436,501.3765744422851,508.95468488700044,540.8395270995799,574.560956403984,428.6464502850996,555.1870629225075,503.82397245186314,452.13601248224154,426.06684116119504,117.95516852411242,471.6151169107303,506.2199115082411,516.3141416423751,489.8695217073084,438.76503565830774,222.77178543449236,363.08477829769777,372.4486007698406,409.18446175683755,446.8480598927739,458.1847663026439,431.6977911785018,380.16679566396965,329.22969898201313,305.8390798105263,319.74960364293315,359.3508491004892,399.4798243876561,413.6244484475709,390.1565358674045,341.0684936601888,292.2282387236522,269.14905047671914,282.3302082324002,321.2908841449073,360.1142303211626,374.6530041381883,353.182564937773,304.64829213244866,256.6277208320929,235.06959981393993
903.1345205988125,860.3602979239613,833.1972234843494,842.48341956019,878.8528031966428,915.0224683419573,924.5250251003847,894.751963439906,835.6252781918106,776.0062676203872,742.5685442472585,745.8184111629046,775.9283317344257,574.3879163539668,801.2172025702603,766.711604128965,570.3834982753999,648.5038062340991,614.5637806769663,616.6048293927661,645.0027292025086,674.944502296588,681.2290199384481,646.5271128990308,586.2625404420098,527.295891792746,495.583470832766,504.82418504286716,539.323841955671,362.9414550420263,584.6882901557212,558.9273716068363,502.7344458054919,448.82468595156456,421.1302627741983,431.5667404477665,470.03125008054553,509.7921743357141,326.09604330175125,499.24658902767703,449.5998752429415,400.5738959090346,377.2478154108013,390.58605394675214,430.59717642004125,468.8429920675177,481.56154877426525,457.478133908891,407.648714779379,359.05151344070885,336.8391977747709
755.6957802182807,705.2382729513793,660.8204907050547,573.4624100235175,683.7457050999433,707.7200198546509,708.191518021464,670.6921779126253,608.3497107445801,546.0103909191178,505.884564638513,507.5715548100868,533.4958800379341,562.3040940868291,568.5234044683365,539.9992779357088,485.0092501063989,429.34112075634835,401.02107095484826,408.0810630210665,441.7742089725639,475.6186916316258,485.0088066115021,457.59166653532577,402.7639131716744,350.56644456018626,324.4654306544753,335.82759584560586,373.5033044928084,412.1692951826408,427.12900793085953,405.2011175810661,357.0490933589987,309.28560923515784,287.9054793733021,302.99119796931836,344.45182821026356,385.9418878750971,401.6311303970423,380.18083837585516,332.9122888105884,286.26271407413844,265.05093992072284,281.0153101310186,323.13409085565297,365.1672471892223,381.32388698844863,360.57402773030617,313.93949884612255,267.50764558879666,247.2808603172548
1089.5986606955737,1050.760313406733,1025.101447055607,1032.1941320141302,1065.9910950363487,1098.4504022122237,1108.1305184852745,1083.729955225726,1033.5534061275935,984.8228836588619,959.2437303245962,968.4741092223949,999.7173665278171,1030.410930305155,1036.0890129187528,1008.7991574177672,959.4666506233191,909.4854720722115,884.1249142463979,894.3976460336328,927.3415271090307,960.3534313171118,969.7698487981916,946.9496916660271,897.7920350687389,847.3486114480297,821.2266615481018,830.2737187642219,864.0350215767996,896.3001758912775,906.019424317896,882.0138096989022,835.3832056608329,789.5470459974013,768.2083320019564,779.1041345773776,812.1239727746442,844.1620961082607,849.8992952491192,821.733568589591,773.9460587434138,728.9148546027196,708.3144437347563,720.6838680320504,757.6133302326226,794.6940119795335,807.9955614358903,787.657407128325,743.8373951440213,699.8337151649811,679.6089155568753
736.3340638582749,686.6884157879565,655.5701530306324,658.4669847349815,686.6675268050568,711.5002118313449,712.6507409485772,680.4429463210387,620.6212666329255,565.5220331157018,537.6080542354787,545.335272206733,575.3003617682956,603.8099835876184,609.1957317084722,580.181322810656,526.3394114742383,471.4947254220433,166.5082971906536,279.46104193329893,472.88353105464137,504.42839691791266,512.1357111567676,482.87967207917904,429.66834882197224,377.09187866934735,351.63146404443637,360.97801526783815,398.6188006050676,435.2788433389809,446.59728684474146,422.5550856889547,371.94120830263546,320.69249829830824,295.15917729420266,305.07316441822604,341.04103779614763,377.63432027819397,389.2584952504511,365.8786706082542,317.7695391445177,269.29780450643807,246.14165717178116,258.89746345849676,296.7951010244259,336.16068086777875,350.17219204878245,328.04087312919125,281.6657487515113,235.54299109911335,215.29426414156865
1076.8312040040582,1028.4518934192236,991.7260269242545,985.6932554487207,1005.7976571637315,1021.2924162555449,1012.0250702955651,968.3409938335291,902.5144383794135,834.4204861997646,796.9790049761898,789.4319592562156,807.57326040331,824.2236669498328,815.7389129986951,777.5321499679637,717.5810199411477,663.3557213470049,636.7649103121696,642.9371142616333,672.225246952452,702.9014638503182,710.3967827483224,685.3105826369876,638.5877331713394,592.2853761119718,570.3804709027299,581.0328013564715,504.3245089398371,648.4052538741756,660.0222482087969,640.2952645381647,597.8657445906281,555.3482981252284,536.020426284985,548.1761172065355,582.4838537690283,615.2567308837464,624.3457192740367,601.9644486662573,557.4878103441554,513.5111257677753,492.4333583952873,505.24586687260717,540.5512478153271,576.1482694595644,589.6550486236414,570.4304248346115,528.1473708796966,486.6603223897213,467.73351611201565
549.2521950766417,507.07008253957656,480.2973290114095,489.9471696950088,526.771192715333,561.3029308664594,568.7739236136092,538.5513756952965,482.4083043892299,424.7266495953311,392.86062425821785,394.26980960666265,421.7035292913977,451.41142914156273,455.57811394070563,426.9022238930222,373.72832172591166,320.8108025557724,294.35948086229575,304.5841406357863,341.16285345137544,375.0237551644319,382.8181738080564,355.44261585466893,302.87536081156804,250.11748301873968,224.26979470623144,235.19193925295895,102.72813997789831,307.84155958937197,320.8665608563663,296.67906249198427,247.50814751195765,199.63129117132235,177.78831395067425,192.6028032321019,233.2068546019466,272.69660862842204,287.08983419899664,264.1464847465686,214.1521684469277,165.51204008530033,143.85626331924766,159.08271066243015,200.95718925390202,243.53755311237876,260.2115333416075,239.4441951265111,192.47135199749016,145.17285658019784,124.62831259027178
879.952285358898,830.5807876387795,797.0945253612209,795.5232100637664,820.4909742801415,844.8673966940305,845.5875384981788,807.193432179495,747.0356498911983,681.9894985638174,647.4128751576349,650.2744192078395,676.5324033272282,706.6270188704032,702.2931373421628,661.9910070492466,597.0590864148567,532.6962209421291,498.8610534107537,504.80520255310546,539.437856689819,572.3091447745605,578.2492886722365,548.9986352058175,494.3214773080026,441.1596329112466,414.5141417312069,424.8265163461771,462.54027315801454,501.1492122583552,513.316502988028,488.3967180467456,437.86108834963864,388.3023881601033,364.8283817153341,378.3776395047099,418.1320468756128,457.6503048180148,472.864871882137,451.02559024141453,403.34766978576283,356.1806600178762,335.365496164099,351.05977477850536,392.395702040783,433.86708515559985,449.507388118226,428.7575268047965,382.3251888157514,335.72096941909,315.2414872899652
558.4889433355679,507.2651339555305,471.9154109799639,474.3554078935397,506.80729539464767,538.4445910463055,543.734803953074,507.5829878056668,443.4490274530948,382.0258815729526,345.6081676847615,352.36691266463254,386.4883560336899,421.56607351460116,428.27976203789547,395.3134401338665,337.25463957415366,280.6707917250212,251.21885677500984,262.58797145018593,300.5276300131037,173.26959144825446,348.99247538093584,320.1738718654559,265.9271912757946,-53.63087040416576,182.4516234269505,193.45466015857824,233.1750855688989,272.9512617559426,284.44566907021147,257.59838000278376,203.08123568404335,150.33416486325518,125.63182267653576,139.36754886106223,182.17142565291226,225.58555684595194,241.2405636860293,217.78115380126235,166.70903074805665,114.97499925204363,91.66056581310693,107.41117476713487,150.89956711653986,194.1972100138007,209.45924917322793,185.74209118129488,135.35253969642554,85.20072887948197,62.747599357465674
952.340673757252,914.9068326273839,893.1246048150123,907.3581222290036,945.5570112070246,983.4419718907234,996.5424029223461,975.0021595256364,927.7274324314925,878.8776045830014,853.7756047275146,864.7261470436301,900.6256734374866,937.3961318057789,948.6690121927095,787.1372419937653,874.530255898699,825.6155208348002,802.7515236038199,813.8234890419624,848.1965207446882,884.8134396180017,896.0484144852794,870.9462549306974,821.9799885917179,771.8264011359113,745.0609761404882,751.9294519692896,783.9682190789589,819.7798831937275,831.7288896093808,809.5014866126304,762.0656498492424,714.9770052219221,692.2412096678814,704.5028543698033,741.8458100219162,779.3186369541149,793.0046192451919,770.1565902701822,722.699729990137,675.1185664447838,652.7354291468342,665.5203977973088,703.7850134269331,741.6549807213976,754.7137981248445,732.8287354376096,685.5360687830562,637.0897883546901,613.6899814036357
954.9102464812237,914.7432000588743,889.7373145719182,898.9030229892693,930.8844523304774,963.6730344943833,971.3591854467289,943.2571569440033,893.6396517793469,844.5644038342308,815.7434415527869,823.5686693666802,854.6307697959992,885.5875975056435,891.1448487767128,861.9221627931073,811.6934864436989,600.5781901011632,735.9541526247046,745.517279378345,780.3934296572465,815.4058350589014,825.4482132812685,802.4546944540538,756.350504535776,710.3714869850731,688.8296432442719,700.6615059404234,735.6875742941957,677.469934711407,782.1727769429193,760.4529624420617,715.0675485721473,669.8812592525047,647.1804577966755,657.4424245054407,592.2202089392788,725.3995639184104,731.8196207175641,708.1607961878302,662.7188623614235,616.4756152031559,593.2360849864965,602.6222563478785,633.7113458108231,666.095031394357,675.2091483131838,651.9624695527643,604.703960433984,557.3466218588724,534.6678424607123
578.7404183245242,527.6882559238488,492.90729416368583,493.589354846119,518.5457342402681,546.0180739514981,546.8028015335333,513.7005309039614,458.6310513505264,403.0330789115774,372.0939569830351,375.0097268591028,402.7908120559646,427.8909564571518,425.77108863425065,386.340604325742,322.9287189955962,260.6995682633651,227.83731726220628,230.2863960835125,259.3970284996699,290.1676965449749,297.53171733985437,269.7624863438865,217.79766440389562,168.41908941796328,143.0921237977276,153.0368052648746,189.20427153976948,225.99543371843492,239.4167520616993,216.95420753483575,170.454395798669,124.75375981457921,103.57443140225769,118.01502990473728,157.26714925827537,196.29633656378348,47.05278154605037,189.40616357743477,143.79375756982938,99.0746296379674,79.30756018971533,94.28025196110639,134.1962261394749,174.56069371658793,190.36459706908602,171.46605146319007,128.15868666511744,84.88194016431407,66.41555082172215
870.5201018943748,822.2399755325486,787.8236488770099,783.0326489102061,803.9746025763664,820.1997279673282,654.1450930145227,778.0506575897147,721.7989119847146,656.1979560925744,618.1208138336124,614.7016519810696,635.5328614267225,654.2509400145776,652.343338924333,618.6416979591074,563.1698558177109,508.3380740624699,479.9151152631091,483.4013445279612,510.8394273605095,536.4599414652997,538.5139754546449,508.38719966375584,456.1258674825069,405.8542732491263,379.57966257149155,389.86584916294134,422.68687649556637,457.0848956070155,467.18031316997667,444.80615869103235,401.18039108593337,357.40507616542584,336.5183768956042,348.72130368383284,384.17180904551947,420.1428485689954,432.9708406080583,412.69494782883453,369.37220352849624,326.451365944572,305.9365371402821,183.7881279679084,354.9102551675186,391.8623820803351,406.18503126111773,387.7534891794493,346.65620905809226,305.7116513115309,287.6398563852579
1042.9284825595023,1003.777845376981,979.1527446350292,989.9849795122383,1026.4438693435332,1061.4999048866953,1071.6031301784296,1046.6950509543542,997.2255162006223,949.0762554973059,925.3511132332555,937.6332782615137,975.0736517794875,1009.8368376521667,1018.7330352164494,989.0104980572688,933.1865569291548,756.5487213616077,856.5519365852319,867.0735518223261,902.5042232502236,938.3514016088095,950.6446117155227,927.031835144407,878.657239160132,830.6645538325525,807.7556748033173,820.3706701760146,858.9991887382699,895.8372244048453,907.895046069695,885.7399667423457,837.1379626234473,788.7474111514322,765.7492780160524,778.4595043405278,816.6363586852666,854.1790593725177,867.6394590009705,845.8749048686622,798.7748718042935,752.9473570744615,731.8801933432903,746.4382766534901,785.4191568702047,823.591711606688,480.04553510828487,815.3181864788876,768.3172356450914,721.4436001578874,699.2026811213809
989.330673996267,949.7487172022464,925.5994766064157,939.6909740004629,979.5701716289424,1019.7539661270587,1033.2999860583814,867.7306074986238,957.8523456276581,905.920501781363,881.2539821060236,894.1555087124108,933.0771211832817,972.4743554421314,985.2758384943285,686.625875810875,910.8355600001715,860.332018489181,836.5581228694887,851.5148421793298,893.3335976845432,933.7875977474944,948.4061916716163,926.1447688011677,876.1039527509573,825.1367456494728,800.1301190001582,813.4764727492733,853.5093538026523,893.8079884858716,909.2407871655804,886.9922607966804,837.9126205279085,787.7342066312482,763.8386341484763,776.3350388476105,814.1640202606258,850.8969994149845,863.1069324330161,838.2276524602343,786.5698567640488,733.869945883945,708.0173248736508,720.7316319302125,760.6001956097964,799.706292471916,810.7061895115181,784.7615652616314,731.946229144891,678.0632278808356,652.6278512071658
675.1981701876516,632.5680562917867,603.0207831089056,606.4151578050385,633.6723428533572,661.5007497671543,668.9286709057089,641.597868664282,588.9155653389586,534.6702723452324,507.9541541110682,515.7909902546874,549.9543104261573,585.9332882581843,596.0454059224755,570.5669030431578,521.456414858027,470.70071895786646,444.985369914242,453.88873813572764,485.91224544828776,521.0465839586764,532.0557845626442,507.8657768330585,457.95251597644244,410.13737733117455,387.9562114153566,400.8768829980154,437.88685704133616,474.92653992926694,488.15452824680915,466.333686184944,419.20392010824,371.4489188878599,347.81760297372625,358.91115347988443,394.810535935257,429.08435696772926,438.75886858370905,415.0673661404727,366.6878968711767,318.211626317645,295.7417124451233,307.836967806443,345.23454375433494,382.8531755157335,395.2346634082967,372.8089528260939,327.11511276291276,281.41097295536076,260.7233893080672
507.6689476260018,464.7828761745528,437.0207542950959,443.24639015767355,475.1687200919357,506.957128397582,514.6273529395901,486.33381373698535,431.4241672731364,374.6215285408906,340.93109809409816,347.3395931258623,378.27252731452154,411.0796082402305,419.6748626495198,393.2262009409809,341.0367889192805,289.20460016491245,263.8132717581457,275.43694909182534,312.2868869031349,349.66834828691776,362.6407180098636,339.7159662107018,291.69617073281825,242.95453875038186,219.55920282997067,230.9206797134583,268.33504494772546,305.8199494617779,318.687603800764,296.61126093415226,249.31662239947525,201.51640907206354,179.53931085507725,193.03464665038894,231.24053222681164,270.23963309863893,283.99180167413465,261.8973571281923,213.82670933630527,165.10622478032155,141.60898312280028,154.37754571159303,193.75072640937367,233.16607969295364,247.55578718410834,224.93311540883883,177.3399764912532,129.88828053612178,107.5822087444401
659.7308295424197,619.0585252872712,592.2842108853379,601.1230380476574,634.9316859794216,668.9078111310378,678.3233353514785,652.4252616482624,601.4077683374231,551.3482439611543,527.0256707727247,538.722059968496,575.0876996012404,610.0943540672699,618.5491281748695,590.6433214545558,539.3365952032419,490.7112366755167,465.87693156269484,477.69808009878795,514.2749570486927,551.4597361185308,562.6238772039643,537.2513022461959,487.9231155093213,438.78140786968186,414.1855175709843,424.9771312599024,461.33553474112625,497.2625713933371,326.4905016302912,488.50395173348045,441.5241797223755,393.8704057070373,371.36345253138666,384.5391983784708,422.9379670213817,461.2790244329376,474.68890144447585,281.58499027272046,403.1680755302275,353.3821285247777,327.47291798648394,192.46886658348308,375.2130698222602,253.84036881326358,429.7254040251495,408.6691752772306,362.33023562865947,316.3339030051834,294.593859740035
537.5675872989789,483.64729838882715,450.4953205578686,458.4613994766627,494.29190538821945,526.7337860863604,526.2316871066447,488.50286006688066,423.52750284273816,361.08367554380027,328.90333700473093,335.39319482620283,364.4653898726008,393.41059209437935,395.194944626406,354.2404711889294,286.7120802256211,223.40302898741754,188.68987495969668,194.24587702643328,227.3652981973562,263.20035227771814,272.27846587692363,243.42618516571702,183.9612509357744,123.43395764871968,90.72662401418097,98.04532222777141,134.39661077155802,172.32759669790812,182.3593335333045,155.29194591478836,101.74911888839199,50.53447748724682,26.81621837143848,41.990212812082405,85.75179630026287,129.6549714094533,145.4323629441045,121.18352261333621,69.61718897305775,18.504145482136437,-4.275626513579709,13.23503268363254,59.370854451079595,105.62476340040234,-88.90536273577618,103.18340762887101,54.052891009450605,4.8697419438827865,-16.21485617377425
623.6504579561683,588.1208718190571,566.671386075459,575.3061212052564,606.4965741170615,638.6047904332672,648.5375253482763,624.5207610223347,578.8653812997879,533.9452846752104,512.2858354229205,522.4869347335032,555.2896479149288,490.75431637176655,597.5896172741649,576.6324011479998,531.8774800135993,486.9238453884004,464.4614668442183,474.2233961328275,508.68764076911634,543.1202101230838,554.8365283251977,534.3507383535185,490.8939356019971,447.4504259333021,424.9278736883856,435.10507126259586,466.2118040696994,496.69098720185684,504.59337249025896,481.7299972701518,436.0271558560722,389.68574061475283,366.67773558116016,225.78302958017957,408.07375242475814,440.38725686248495,450.8135128708651,428.8333503207467,381.95842833767745,335.4082843133973,312.2730079047293,320.26916922742225,351.35087145148793,382.9085965891079,392.8908455349448,371.85882365843213,328.35106620267254,284.95623870480097,263.36967061383086
875.4554281493025,837.7296674234358,814.8337797012412,825.781426915428,859.5044715102281,891.3672736382807,900.0966200279463,874.0550617171898,823.4892770010013,770.6041284081059,738.8137897895785,738.8388635873496,761.7946692435596,788.0560120767386,793.0654021020673,767.6349018890022,719.2881396773896,671.082025296058,646.9130527076254,653.5237534201353,683.3930052678713,712.8663521003461,716.2044387631363,685.2571996831974,634.7827881586866,583.2453602430924,380.4937680916544,559.7155257685745,588.564028517485,618.0467702486912,626.4204721203332,602.6868415955954,556.0011211536529,510.6934672325856,488.60214057478674,499.0927484858951,531.9624123887413,566.0303937113526,578.231672084278,558.3885800762615,514.6910386262651,470.50505626878305,448.72784927304474,460.860446604363,495.7254101650452,531.1765971690402,544.550489502438,525.4778084837546,482.57504534593147,439.63760770393526,419.4416162503155
946.2328062055971,902.2582499502699,873.9152423405075,882.5346998742538,915.4597983599783,949.2211436587767,956.0071084218224,927.6376162144621,875.0244015745548,822.6227956002527,796.1393653359027,806.3173422204328,843.0105919976306,878.8876158682702,887.6288581359114,860.5341990756974,809.3912566506624,757.3541774346949,730.2419258365345,739.5385687724305,773.732320969335,806.7227163323513,816.1176086849727,789.0544887486699,736.7048276086527,683.407692511638,656.5610778393126,667.4668865400184,704.7731154799392,742.173869322749,753.4503526066791,728.5317677935786,677.7673535130147,626.444711425619,600.8570767982341,612.9482809285254,651.5528755768896,690.4675449825105,704.1233080142771,681.7588373962844,633.1217410015055,585.3728561378762,563.8963091818845,579.229839299893,619.4037410061977,660.0630917930299,674.5875321533186,653.4172142091819,607.0379707446326,560.159992573178,538.4978607921831
637.5889938353685,587.7213309705952,554.2192113874933,559.5477074339636,587.8543191592051,613.7420933435644,611.1721363240018,568.840568837287,501.24044078829536,440.37085407295956,408.31595653177146,411.62580294382235,445.5740915138641,479.1617150003833,481.2197116915996,446.5640482888256,387.26568867986487,331.2593355842165,300.57142555053315,307.69511868078087,342.80998080212373,377.62457283072786,387.0370821229668,360.4689273987118,309.614771526847,259.0019626774514,234.87770174830507,247.60122489890193,285.8672625291589,323.86135551388384,336.7858995719822,314.7891038715833,267.8414268751219,221.29617420771513,200.25030611180955,215.40662369435802,255.60511712488858,295.82425013867123,309.92613472975984,288.9542134423208,242.5457963672368,196.72666650258338,175.92388009896126,191.23097181035143,231.92605572405546,273.0521792504926,118.37959142609373,269.4244391059294,224.40597101307117,178.850213899741,158.738712814373
746.7979908567878,700.261846390235,670.17767938172,682.9908777523378,724.7500452391147,767.2815973855435,780.2660891102153,752.4366290664797,694.5921847750345,637.3503816491275,607.2235133333163,618.5721651084971,654.3613688498639,690.7637907119118,697.8543299283033,665.5714725227836,605.4811235740789,545.182042808784,515.7187188599555,528.6670928489752,570.9184342035436,614.345268848613,628.9292237584143,600.468230788912,543.8731058821076,487.08198982420436,460.6105885346485,475.81295637763856,519.78881288276,563.8291012708031,579.0231987107934,552.880844663485,496.9212151930153,439.41451040633547,412.32399644788666,425.8575040586577,467.23119757623397,506.82679075667795,516.9598370237729,485.7918382307339,427.0880215470045,371.1553771446254,343.6875254635006,357.2047828946627,400.5065436008124,445.0612647760005,459.4594906949965,431.5149514021467,375.14615387525555,319.67825863356484,292.791858568497
590.8106184958655,542.2204291753523,508.68041331639665,510.99377438204544,536.1734424747084,398.19298820355436,559.1689112565116,523.7463431272515,461.556825735688,402.69497282566056,370.11185323986433,373.665003759697,405.21491858654133,438.2372978984863,446.69140657048524,417.35856742842964,364.8652270967135,313.572772712913,95.9932781386226,295.36832280012857,327.3540668446652,361.56523739721797,371.2380907740594,343.9640221897006,290.5486106286925,239.2569593273198,213.82065742397435,223.53935512748865,258.10320182665976,292.7316690748612,302.185406243992,276.50678111581476,226.94232849625473,177.51418233165134,154.16711069832786,166.38566470435183,204.16972169196436,242.24693018125777,255.72778414404047,233.76146515041808,186.25070934405176,139.3547123945375,118.58735647241338,134.21722704976594,174.6974303970112,215.2231405491034,230.63609225958453,210.40480075650794,164.1244407583149,117.88362778160513,97.26647082171758
932.6188251062616,886.4110860638955,856.2954597670114,859.9595944455775,887.6630444948853,911.9874330869836,916.3251424209734,884.0940541465159,828.6658244112209,772.4612720739544,739.3547347173151,737.9649972944467,762.2656630753509,789.9575750577596,790.8463770190444,759.0260504573286,704.2216545891388,652.0923543288304,625.2165306229508,632.8786196741678,665.7208750624704,698.1366981990282,704.5678532727293,674.9249846134859,619.5582714925615,567.8078024074134,539.5866956662649,545.4066409929999,577.7269416006945,608.6858598302733,617.7303581836734,592.6882787890928,540.0925460887439,487.38408758648734,460.61158979619154,468.0760067714216,501.64408477576967,535.529100426382,547.0511020258571,524.4535861223723,479.2181314685437,434.23712702913474,413.89359081321777,427.9258232382399,465.6605349257155,503.80907158989294,517.5293114888402,497.1089457524556,452.99915703056183,408.7805576168131,388.7689558770678
750.8100457280192,709.0650138198737,683.0434766679983,689.977380864429,720.4247401433164,750.9817261571003,756.0976368142226,725.8550991714043,672.5633687960307,620.3650832107166,591.4795678202855,594.1600006943809,621.9579500830147,648.5978129883496,653.555869745793,623.8068706538584,569.4826706186351,517.8445264528991,489.51207670266683,331.3702353285473,526.3455151633117,557.5000296057452,564.6920799901245,540.1084898458248,491.2342056502242,444.2350207738875,421.9901222762179,434.4701033790004,470.4766466100358,506.8113600306607,519.9535594711526,499.4762899759878,455.1384892507067,410.12274140299746,267.13026453897965,403.81508123107915,441.4161345591623,478.00873176552443,489.47134639080423,467.0651506267793,421.3154198687412,375.98845542878564,355.9720452549353,369.0709381389579,405.9449312755364,443.2500431988034,456.95917968275444,436.1173533300645,391.9104116120036,347.9407455276104,327.3778904104721
1012.7688315289787,968.1433171329222,936.052917495648,936.0423079588279,960.158100765289,981.8370140038062,984.135116250081,955.0050768172418,898.3881426065705,838.7364014793407,801.3081112094853,791.7666314686076,807.5423040285225,826.9356639619566,824.5879408003057,787.6115072628673,732.5962042398196,679.9739700068387,651.3833183856505,656.2654761256842,682.7124585249912,708.5185131722392,713.5573829320006,686.8468223406918,637.0117145424103,589.1624073703854,566.7315876560813,578.2254040892994,611.583494844825,644.0710042749524,588.7886885869085,630.1160956253592,459.723811060975,539.9521758751314,517.781108189143,527.6613002099111,561.238680379241,596.5575140489962,609.7215274223925,589.7043549973879,547.1469860396513,504.7307370840973,485.18846988223186,498.3379934528068,534.5528929946285,569.9527342423871,581.4208366257828,560.7194808059589,517.4440665291323,474.61537081389463,455.2333191310172
951.3546681145601,749.4000199875616,888.2934847424274,895.3379701169575,925.7869290014465,954.6351440646401,962.0352285349546,936.5509707677272,884.4254324179691,833.339461375716,804.2659212333206,809.1255012292294,839.7068816884429,870.4996612157377,877.6130779376166,852.1970902991247,802.8378227139332,753.9897533450402,728.7252886526501,736.5476860522461,763.3767999687408,791.0205077766145,798.488788347994,774.5821003390377,728.0364790380557,680.1920071401322,657.5176067889772,368.9511673202171,700.0875863814862,730.9666018441201,740.0147050842021,630.9090665914515,670.796077446429,416.12992722847935,605.4981855510916,616.2909204691015,649.9953489514324,682.9482378307923,692.6732568132139,669.4353107691556,623.5006175898542,577.299037617413,555.3769815594146,566.4559578316898,600.4702555020822,634.496460179321,644.7282323415576,622.9643604400937,578.8143756786131,535.0218958576779,515.0913066846938
1071.4571818708189,1023.1059444482269,987.7783615378422,991.6709178181711,1019.051660663739,1045.106736729752,1044.832042349922,1013.4009492831666,956.1243667345806,890.9305237824763,852.930044602139,855.3025083142672,881.0991405651881,902.3287193287885,899.137540541288,862.1617094611051,802.8824949140411,744.3997917886652,712.3740191269784,718.1521477106294,750.5452808109786,782.9966234246107,792.6220194565844,766.7699140254902,716.8825792580298,667.3445669712903,642.7851515173926,652.8630852793053,686.5827897070145,719.7738801322834,728.9363993682016,704.0635326025513,653.1090459817678,602.4215740110703,578.9806430446648,589.5212193239406,624.7322925839184,661.2005914862824,672.9758453405962,649.6765060379942,603.623981437488,558.2781444449107,536.7808863103718,549.9913273063692,587.2592704838935,624.3185148556128,506.7400224156298,615.2150227072344,569.0847542071317,522.2484498865975,500.5909343662555
656.2381631685622,603.7686866795661,569.3167028550677,574.16351617195,599.6075256307894,624.955539941559,625.6622157762419,589.6043758072703,532.5411787162794,478.32230972195134,450.5805324808416,457.58297543861045,488.0906037677356,518.1836748762978,523.5493554500066,491.86597699151287,438.6497503080624,385.47674480949036,357.9807235095127,365.15481728046643,271.9019605798957,432.8799503104342,441.9839117689645,414.7877893232734,364.1313698641146,178.16244329059532,289.53151226307523,300.4658627493359,336.83069144233616,373.690358999306,387.26278090208245,365.19495041267476,317.88713175692374,271.5089365012666,249.7552437317256,264.2863797542443,304.49294912499033,344.11019207197387,358.4026289745369,335.33323371163794,287.0174057812717,239.62740304582906,217.21923478065492,229.93963045852502,268.57519539118834,306.91529853133216,320.7889994403373,299.9000130423542,168.3648805664859,209.56164720260597,189.71229341164485
908.5445949915477,862.0159733440298,832.8932168498883,839.93087341054,873.7565761932998,908.1485156445423,916.3855909622878,889.9902524127602,837.1951485588503,783.5470726540507,757.0495588242385,766.5443839663542,803.5179769607795,838.0975925194965,847.5787028638031,818.0136081332046,763.0700970308511,708.3977060495354,676.5249148578488,684.0410355148019,718.6021671910838,753.5618917102589,763.1504386548868,737.0935125188535,684.8646710125132,632.4776307659395,605.1994158165516,611.7685724406404,645.025460679551,677.9434026335988,686.8526794771535,659.5801531833524,607.5649360953435,556.6589538899309,531.4722883046385,544.0945452416424,582.6582809436433,622.5043982086289,634.9690118319286,609.341934691533,557.3746343959833,505.0797619155911,479.91205918714184,492.03379559111977,529.2124893089915,568.9739086671883,583.8316111912898,562.7483838705749,515.3794635098805,468.0145237642338,446.3121142463
559.4163087455937,517.4417992886174,489.4124887489195,495.7206766747058,529.544440191587,566.077344298564,574.6637307864221,548.858899207642,494.03057186274646,439.4608448702322,413.8949031577463,426.0963617552684,465.785678826355,505.25928411035875,517.7483213235093,493.8232746158677,444.27559167404274,392.9391818953877,368.17727319597407,260.0971987019768,422.9576605389925,463.7219991906479,476.69593644087854,452.501618209575,400.82901876510846,348.88505189969374,323.4221270018045,334.2820580441912,372.064133600363,409.8470305114272,418.9754671642613,392.31855737364833,337.70454198609025,283.03285386916514,256.38302076986497,268.8055009527077,231.06108494204602,348.82941105210284,361.7498531183296,336.48765282396505,284.1998961141843,233.67248026610662,209.71708774039735,224.33850150980834,264.80419511541425,304.8909412174428,317.4063406833286,292.4964841017163,241.45654528227044,190.62160312402568,166.3476179050872
908.3671832485746,860.2046147783383,824.0107445912826,819.6025804618698,833.2454979964915,846.6438881562678,837.4172323618724,793.4601237501092,723.8250094605856,663.8986905767811,626.8793678763788,621.393676688944,639.4394212379017,659.0237394089884,658.7025955304422,629.6908415438485,578.6767604193989,527.3409502051472,500.34523962987635,506.14292744659906,535.1499685364846,565.2783510855857,573.4779836315948,369.2394179831441,508.4881568287111,465.857180919435,444.16563541309336,455.62014794121797,489.2661751873717,523.0003625146223,534.5973119599736,372.31592487061334,469.8358240174034,426.5534155191842,405.4570730388988,417.19920036242365,452.34744809524443,488.1601928175878,501.96431347573537,483.28159234762427,441.3809586725963,400.3380087893032,381.26586501669965,394.0054717519258,429.3921597857077,465.2031983773725,477.53241877407766,458.34374878927247,417.4793623660189,377.04721266262175,359.13407181492323
873.9098657564148,828.4887282759079,798.0740185141154,799.9540994267969,829.9117341064108,860.7216170280228,867.3214213445389,839.8052600041449,787.8055888669707,735.5202633854229,708.130732235228,716.5094968772318,750.9019137715724,785.6164649710001,794.9983374568598,769.6429959308467,719.0584563434426,583.642864590332,383.4516314143493,650.7765605875483,681.9077003275148,712.0781344139896,717.1084741559952,685.8687485250772,631.1620910745258,575.1855964152479,546.9986727864181,554.0034404763052,586.5146062996674,621.0146803768748,630.0872821829972,605.4582300671315,555.293299258678,504.5014854314496,480.06554389892756,489.43281885743124,524.2322913553274,558.0169581667037,568.4276850112216,544.0835230333429,494.115762851658,445.0750257313882,421.38852415648114,433.0915547719004,469.91578535827375,507.5991646586767,519.5863132825021,497.80635713996116,451.41603008016864,406.19912872573127,384.9707217692336
729.4265785355663,685.4562819234822,653.8467070347916,657.2513795685353,683.4240341492261,710.4220030465048,715.2707499592383,687.0037732996376,634.3264107992609,579.006751205052,550.2171619775953,554.5194262560914,583.3978593836766,611.3757967642874,617.4614142188256,586.968716735533,536.3947389817024,485.3034088881767,457.7231232598248,464.7496936156655,497.4044660233144,530.6876189118658,539.1672605042858,514.7905633284495,466.4501783493447,419.0623503725834,395.933215675895,406.5351068911233,441.54593673585464,476.6199302878282,488.24204543193525,464.99556632082454,416.7496567498964,367.5504577071491,344.0355920530525,355.1493007260368,390.9293215104108,426.41474761778943,439.2701912614215,418.32313216073226,373.67857496491536,145.28138203470553,308.17145036964496,321.63300515705475,359.0780027393415,396.6646782133747,409.64469435653075,387.61712541545296,342.4495739578862,297.67719658365377,277.34115254753
1007.5426262195476,958.5912028710737,921.0754735768949,916.1840830928089,821.4922441059626,953.0092721389532,949.0064171518129,915.7984620507515,862.9438279708262,808.256002890431,777.6594702302409,776.7171566249266,796.5707659081223,814.0797924244802,812.478677707672,777.9459040451472,550.7826638355315,676.6871721065335,649.2728429646334,459.82934759475324,672.1082190191952,694.0272078201837,695.5006134791065,670.6069199359015,625.8438118020171,580.9969626311109,558.0284812560844,344.6062263108463,595.1079362887309,624.3917110106703,632.1330702017065,610.4282176468635,491.7468008447105,525.0788188183723,503.503865032606,513.365173437798,545.1168438272965,576.3488982272085,586.5241222378193,567.301088465463,527.0698135476241,487.3166720928398,468.8836933093405,479.67514320643807,512.1477858686067,545.3266068722095,557.795373196253,540.1186693304065,356.3000335277121,464.13527028955855,447.26485768098814
670.9521973095417,629.740180224126,598.2244057948607,599.9136127221524,625.4076333274502,652.8734757367397,655.3093040662541,622.7793053418893,570.5579556565972,353.07831416216743,488.51639708247933,490.2948598140789,514.9597132601189,541.4528795466508,546.4609276688368,516.7538623602292,464.0704646881693,413.6328672996848,387.28558447747207,394.1820248056064,425.2210840959956,457.03431653386724,463.9558268596563,439.63407714114317,391.8109595791302,344.8579779281937,131.48767699036102,331.4870198471489,362.0321926205745,393.71427608061595,403.6040844606307,381.2211793149835,336.3836632434869,292.6480364782834,272.8216640520519,286.18340008959206,322.9666124596822,359.00847755478026,372.2401307493999,351.6506398731193,308.08884819847515,264.2757049767031,244.04472193192225,256.8203080628276,191.0935264434471,329.23881081805075,342.0571575660333,321.20573266463407,153.45498542825487,233.7402574453422,214.36611079575312
651.6175557433573,607.7568285637986,578.5785171326029,382.7972412525835,607.3833607964731,634.4515382343966,637.9974701072744,464.5781453025869,554.3913399101815,500.42730004062594,470.1372406090843,476.38403046667634,507.0331503820877,536.4744582092248,542.7946732763645,515.248797272474,463.32320976441713,410.03736364876283,383.89738671000623,392.05466320877065,424.37281890318775,361.24643199379796,470.1772941717994,448.19760971442645,402.0703296287537,354.35925561563124,329.96831448928333,340.45075218259365,374.6489293318583,410.0724759042073,422.3366923358243,401.02122019981164,355.5113945433378,309.5556086257212,289.26735648828844,302.7134449942572,340.08015894121866,377.30269307230856,390.27433619388773,369.05170684516145,324.40088926639794,280.54246182996053,260.85188281436194,275.42736221399207,313.88746347482265,352.3486270274341,367.077466775473,348.0446848151057,304.715905137455,261.45996582123894,242.5879229574059
675.3299693412316,623.7167953291889,592.6473590654316,598.3383974498149,637.9003027881337,679.2704945356444,690.6938160470872,657.5855907254444,591.8102481487625,524.911073947299,490.6104768345733,496.8873269948317,534.3996943865842,570.9769472202441,576.5607477652084,543.4277801031503,484.0947381728464,424.8082631009538,395.41705705017125,408.3068882153236,448.72707681724717,487.90723122175234,499.7657619038205,471.25355817367836,411.8641987709026,354.52856251319827,325.12817855441745,337.92994722943286,381.996470075724,426.7550223842385,442.05731856342095,413.54009144763313,354.88119983581487,296.58509334777796,266.986235607209,279.1630825131365,323.0384474922279,367.87157144340415,383.9045923237784,358.219228871792,303.34823188611927,249.06595378469387,224.19735010126965,241.07381473020314,287.4672401559608,333.80133826425947,350.78169091948484,325.86136847796536,271.1031343338152,216.86839175176647,192.575471178327
929.7069348773628,890.9783024576644,868.231369439545,882.4682705741687,921.7876057684464,961.6585456776994,975.4940972976841,952.5710444061045,901.7883353841435,850.8017757054696,827.323935768417,841.2634297785802,881.2585512138285,921.0313819792008,932.8326236299746,908.1709873450252,856.5077616961999,806.0155245121219,781.4072673950516,793.2893228447707,831.4367055366547,868.3536277231161,879.1538155575867,852.9663162851059,800.5327811218369,748.0918924798615,723.264230577802,735.1084720772984,773.6446992509916,813.1001558685192,827.2158910095524,803.0223245924758,751.2849928489235,699.414647736745,672.7612532337744,679.2707346458027,570.6869109177826,749.8097562798599,758.5273269603716,732.6675997396803,679.6689518500333,627.4588090986272,601.0980629068811,612.1777313706365,650.9513969956173,688.0393377435513,699.3967077935052,674.0017206939577,622.6692712682933,572.0209295699228,548.876803109481
836.4102368824697,791.8320922367334,757.707427958165,756.3270101565558,776.5392832682173,801.2425837571778,798.5264049133018,760.9405629616095,700.3599908353101,644.6262055518791,614.1828086548142,614.9145703194856,637.3197468367816,660.2971782394499,656.7929157599046,621.1966203453026,565.3489566101307,514.3390885635163,486.7141082649705,493.2356145048084,523.7319357693309,556.3191738630902,566.3512620907077,543.7435385776309,497.03189867175047,450.53026357194653,427.14420299106723,437.4039403048034,470.21529953756635,503.01672825798653,514.6750254822086,493.132837424266,448.76805691052834,403.5415029215476,381.009942829558,391.1393908390987,425.48354085392043,459.7890053774587,469.9053154897608,446.6013245090826,399.0218595679743,351.361538506986,327.39410852695664,338.9274090323581,374.2373074630269,410.20542772791407,422.3830987469021,401.8003047511728,357.93823440149674,313.5961414319189,138.49054524562644
796.1458414255601,756.2783426485605,730.9223623769074,740.4254833560924,775.8829892108384,810.7855170152932,820.4271710176554,794.5680679910038,743.277047579713,690.2588471744191,662.4445113141992,666.9706653500834,696.8863613754778,726.2457934746951,731.7859619832686,704.7512881694569,653.1496224631477,601.7122305818136,576.2840729424142,584.881496446737,616.5889198881204,645.7350908153619,648.4184240926766,620.8557384101626,568.6846687046265,518.712714433558,493.3709986009369,503.8253462184455,538.8430489199505,575.8811530086407,588.1125213788498,565.2027983624126,516.1438077522846,467.60529737109846,443.15836477136327,454.93389951459517,491.2648512295501,528.7467083600204,541.6208019134394,518.2332629446338,470.20617068525576,422.88148897224767,400.14647742604825,410.9027382613167,447.2688914251769,485.50970924060607,499.45470468523695,477.7643642573498,430.9560800551733,383.01537749221495,359.0936591621394
918.2560758002033,877.6058796278339,847.6876592387488,852.4335517432494,880.467236630046,907.491193325595,914.0109072727278,890.3665105528149,842.9856049467896,796.6435604003345,773.8421978012351,782.0050714967076,812.3213431645379,843.821878248733,852.8971175222141,829.0149478211674,781.8644138349664,736.5260483765499,713.2965484035311,721.5089365749282,753.5566710159646,784.9295880543117,794.818810005788,772.1081288235475,726.9209032021595,681.3851978479606,658.4467118403599,666.9590985665936,698.5314982373857,729.5970698766099,739.6432467419831,718.9409157744583,676.739859620009,633.8474351260968,613.8132384626418,624.9927187159935,658.9091404049675,691.5503451764401,702.7690044954411,681.4322143469149,638.7190131570943,596.9217046028567,577.3603739712715,589.6983011031425,623.9570643335148,658.8506838929785,671.2832336860299,652.5087624851018,610.8161554356362,569.513951155492,550.520173480039
959.4639416744965,919.2725750691015,894.6223574687676,900.9226642703866,929.469847018643,956.2980138127696,961.1169077818842,934.3282848810491,882.5860693896103,829.8650410509199,803.1884002864815,808.1521502898347,833.2852311992095,859.9931068733586,864.5229963568935,839.0095293668647,789.7844448198781,740.1551980667543,714.2544502725782,718.175232904011,742.1359627324124,766.9797511844208,768.7239369834405,740.4761734924488,690.5033952899067,641.8553649219207,393.6958647812794,616.9127464157377,637.9857937942974,656.9597702225831,660.8688563135391,635.5325016801138,587.1652246035437,539.5829061352872,515.5491770601743,523.8573117161263,555.6037799585885,587.756028657956,597.8682156364608,576.1866126754402,533.2522557583634,490.56313967343215,470.05556068380906,482.4903357042954,516.754190886722,551.4982053993483,562.9913140047878,380.9879851400473,498.68976671516043,455.87901320163144,436.2594345163827
1268.671978400329,1219.9260461205974,1186.068417783833,1187.361418532785,1213.5740458368737,1240.90362989424,1242.7663916474344,1207.6140444660905,1149.5291970149094,1095.0605085135599,1065.341858079279,1067.790354851571,1096.0509829478087,1125.745252584662,1129.9397431421569,1101.077987325395,1046.316276915351,993.3790339181539,964.741181737662,970.1106850047229,1004.9693174810634,1041.1949838566184,804.8848257834675,1024.54757315013,971.6165003992805,917.6718391956206,886.1659613687287,890.1413839051474,920.1643726457969,950.3304510096481,956.646175086639,929.6429129326114,730.320626817805,825.2271884535253,799.2982171280513,809.5029136617798,845.4570627915759,883.0802669652861,896.3671807364385,873.165415853862,825.3147526292256,777.6313834521137,755.5657601759327,769.2552224827168,559.7569143235,845.4269247245169,858.5014413594056,836.2412527290411,789.5580622908498,742.4526992624766,720.948961543393
736.8891993796536,694.3744343960581,667.2772849217696,677.4462023821844,713.4056065408813,750.7129666881841,761.1128971221921,732.7045911173924,676.887545620453,620.3359898390937,591.4686831057121,602.1230330496109,636.6582018115948,669.9153416986334,679.3725595681759,654.2712447478152,603.5009090875674,551.6878766336389,526.4901414390525,538.4875916396994,577.0222586720984,471.8430043347355,624.7212016482312,598.7811051346591,546.0029785199345,493.01717447822045,466.8699514279832,476.85730422664835,511.8172175698944,547.2183303935338,556.0872035841327,528.6265545531221,476.1359629139773,425.0235578499586,398.94197673138626,410.44247144962617,341.8709769622143,487.16197094769757,500.7057201430963,476.6602635093443,426.2235356904388,376.3319801033174,352.1784634263307,365.81298657812397,405.543996475419,445.24513272318416,458.9023125750713,435.9688008012919,386.9280838237431,338.26772138374326,315.4824172024354
646.554990731406,607.010167873449,581.4970608990732,584.1326642046541,608.3495183487308,633.8760027581405,640.8640928237634,614.8652265324371,567.1718834872589,519.2889316156446,373.5146818569659,507.4497302019191,409.73233304932546,575.2489039828214,585.5049931113412,562.6452506192884,516.821795917965,473.41580266013295,452.27371818393794,464.8288691975589,500.19746225330425,535.7361497450219,548.7745803140959,529.2291231394975,485.8895977279059,442.6990351129949,422.3295351766808,433.7035614859975,467.79976131387536,501.05575830964165,511.67666220193234,489.59320119338213,444.6682849557544,399.7186556009293,377.0260514558531,386.52422450759957,417.63171302716876,278.81807115006256,459.30264736600896,437.3772105338105,392.2375860020197,347.9893809442083,327.75581574993566,340.1077156577479,375.09173707126047,410.87339620658565,423.8085841299404,404.4404174161226,361.18600287606273,318.66978495482795,298.36152902060303
861.4519528681377,815.8092749440698,783.0261758204546,788.8951219417709,814.9318301176797,714.2516311547024,841.1087976239903,809.8921058215841,752.1794271149377,695.8497573809152,667.3750037689143,670.6634775303962,694.9896493977596,720.9058775123193,724.5656910061712,692.8979132945865,637.4594049463365,582.5174677790603,555.788517638803,562.2737352685886,595.0453764855176,628.6086113849259,638.950153447561,614.2193926158332,563.7958629012321,515.4143762169829,490.84829232718437,501.93196889244473,537.4179375764693,572.2320899773816,580.2333840275437,552.3590117029896,501.71670149069075,449.77027475106706,425.02870817812425,434.47749625444203,467.4183884263566,333.9570667084339,511.8002223127703,487.8410340320909,439.00842663127,390.86048116936365,366.727980841065,244.5203860031529,412.7718364455093,449.2432126050518,460.8298941910241,437.67146230186484,390.4523137726684,344.2492738448731,322.54027867713523
1181.2532345670957,1141.5929996366842,1113.7995283062273,1119.3600912096651,1152.330364583275,1087.8715861514354,1194.578394424408,1168.7469184956385,1119.290698499199,1068.5192613321228,1041.6407825325002,1051.2777202652826,1084.5133802676255,1116.5455687546805,1123.8787062965343,1096.84225386431,1046.8012832631523,880.7019361916538,969.1959924343801,974.3057143730421,1002.6041266112802,1032.4614875265543,1038.9527522903484,1013.2172515820934,961.6991695726197,908.6043084434064,881.2935658840181,889.5928451421266,922.4774642033913,952.6216642781585,961.1381808949322,932.4079323345851,882.9148760066399,833.6799656256937,808.6467984186777,816.7172724626289,849.1098865293359,880.2419503476799,886.3350445204846,858.6190636653274,807.8807820443132,759.9245415212644,736.7023973278824,747.6780496756555,783.6205939997352,820.233793000926,833.2210654729199,813.2713892625018,768.8152187536167,723.4848044400279,700.733590090631
1107.4545993315764,1067.7835961469789,1038.470367454769,1042.3919570081441,1069.4063280419405,1094.420308096282,1092.6851883321406,1062.2167979433802,1011.3579427080616,963.0527784805267,937.0187214197286,944.2019122901797,974.9971233343775,1004.7947299144658,1013.9843485488653,988.4148836170863,745.5514083858627,896.4050724085005,873.6345729381497,881.7992888336714,911.739104287284,941.5682870847312,949.2825660519624,924.6711795355935,875.6073393951189,827.6460964201199,803.6125147242877,810.4523798640073,840.9354197248764,872.6208564495456,881.1052391834329,856.9740915012666,810.0874201755653,763.7402726510795,738.9540816620016,747.1546084924294,777.579172788105,808.0470968640203,816.6654360811827,792.1324303868975,745.349118340145,699.9529296092568,677.6559096074769,687.6694689825504,720.7073975169008,753.1448474464902,763.7682245520663,743.5941711485494,700.740884154801,512.7023130496788,638.4643337682393
1157.0806518280476,1111.9628875775475,1079.0785682439919,1078.2010453113921,1097.3192705744673,1113.5845666352147,1111.2491900076088,1077.1326004388718,1020.531718099579,966.1718263027693,930.2935727053579,928.787063582122,948.3376784222147,967.3826338536687,967.406229050723,937.6594985673058,884.0277031756385,830.7783187814515,799.7014837816633,798.005964624785,820.5844651130145,843.7424093876516,846.2943572111866,817.1530316881773,766.8926478968341,717.5798555689331,691.6544878113392,697.0477333061207,655.9585195273313,755.833291508437,764.6158231517232,743.7119998106622,700.621754991631,655.9873817915258,634.0837198369351,643.6427591864814,675.0129541535283,706.5771954653887,715.630496137412,695.6239853289363,653.8791901038421,612.7915061557069,592.7701253128618,603.3748045935636,636.4393941502988,669.1973107006754,680.7044994745437,661.4088271634605,620.7931681763546,580.9843888937723,562.7306827726717
645.1427849673703,599.3269019154873,565.1003908019043,566.0018693035481,591.4558535438799,618.8146963667934,623.0434078472102,592.1634336432351,537.5614954056178,481.6986342761975,450.30876312465193,456.47566498069,486.7479354634935,518.9351950405726,526.2628522622423,499.36084374287236,447.61690475931107,396.530610072336,367.6437458478433,374.53216922000684,405.5625446164039,435.59767613294343,442.97822356837366,417.975847729629,368.22760195951184,63.08634403191627,291.7647159138246,300.64279847539365,331.4034774731134,363.05668229198704,371.0538461588343,345.77064175346607,298.4506910440573,250.63863742053536,227.01285144997428,236.14891299878582,271.65232375801963,305.7129786492278,315.845456840682,293.34581886168246,247.97753573740943,203.73226854970278,183.93427892730142,198.39241558401955,236.8194023785045,274.43415943251375,287.09314641412936,265.26521856301724,219.92867903116098,175.3262812452109,154.83884602040962
1263.302695819457,1214.7100990670633,1180.0571227830858,1179.1699151154685,1199.8308367664622,1221.5187428950285,1221.1778145246385,1187.9172168823106,1132.9051702742263,1079.1672956243265,1049.2585112897282,1055.7790685652571,1087.9033206951945,1119.0608273454168,1121.920444217148,1088.0636632580854,1030.528313043908,972.9932354109807,942.8656628655826,948.0644402428785,979.6863302450075,1009.7784528195092,1015.0265884960096,982.70428692729,929.1109329729367,876.1032307926072,850.0433384875257,858.600276818663,890.7988180839767,920.3311744606525,924.0709873613877,897.2482311154431,656.031779592967,790.878862067893,763.499031637833,769.3925613454145,798.9522030445897,830.1116813403488,838.1040510069591,656.3779255387967,762.3417629107194,713.9521279966693,691.19536658829,702.9744495351259,737.2684477376699,771.6907031556358,780.9381665303791,756.5332238935517,707.6094761367244,656.8190013252884,629.8674826579202
996.40135125306,957.2383962857913,929.3397206907242,931.9688191984634,951.9867894533909,976.0445166624277,806.6819580256175,954.1335478569497,903.6087119785711,850.0217264341296,819.4937878261134,816.2408145348214,840.3950142542496,865.9831953259384,871.9109720523812,844.989407155181,795.7297561711589,745.4666208538368,720.0470929601571,728.9044862957886,758.9233647154035,790.6021062005193,801.6332389117373,781.4236603775464,739.0976072829883,695.0290310912443,562.4789207126117,682.7037993560872,713.5206566439085,744.8845180616238,755.7058142514521,734.7939971415717,692.3920602558541,649.5861862606115,628.0631927515357,511.05675577181705,663.4876963273541,692.8283879611377,701.2136092471616,679.6146642766355,635.2026896042254,591.4640749050932,570.5836455724674,581.4004612260436,614.1537322481837,648.2518938860821,660.2524261679326,641.0162992118767,600.1287256911568,559.3357519231643,397.30576577185343
798.9380716469828,765.3978778959902,744.8430164775805,753.8824880032346,783.539831709633,814.0936042175331,823.126383309067,802.7860479902547,759.7490378552503,717.0200269703885,695.5659937809487,703.7292972015682,734.2210573878823,763.6332705120981,773.5526370257262,752.1069146808867,707.4131878251977,663.3084560877528,638.3547267154497,645.137410299398,671.6746127307609,698.9778712392133,703.9659858827122,680.5418427704564,635.0438325819276,588.841456107006,564.6441178345151,474.17769192014146,599.5148907281315,628.8425452478309,638.1172361718013,617.3043813920461,575.7351053472996,532.4170520668815,510.81702442209485,520.5419938564435,550.7213455695784,581.3827897056012,590.4515121670215,570.4986611716284,528.3874198567755,487.48718220837293,468.14206151762914,479.0418726949532,510.86335528886013,542.9755540587128,554.9927193316717,537.189839656703,498.57129736601496,460.30832336836113,272.1838794158198
729.7043695901921,686.7996363024766,656.3818664398915,661.9615404804273,693.8362220265324,724.0405950295993,732.1120758301032,707.1033022265595,657.9104391263108,609.4173876322935,581.9932338078678,588.3016408110378,620.566863520429,652.3861180964592,660.20797238544,635.6630341577159,584.9356204840569,534.377036099591,509.21618408295956,520.0882655338379,554.6249272328416,588.7295553095531,465.4228803711685,575.7810577650091,360.4498788150811,481.87672348298463,459.203075596865,470.5283261312301,507.260823262802,543.2134438945328,554.8185528552104,443.1850770946555,484.92787728992346,438.5531519519078,415.9353508221976,427.6186296993691,462.98991172958245,497.6147997435552,509.3651899238033,486.4783153721387,438.29956198423736,391.05745744797264,368.4102466287651,379.97301449171334,416.76210178303256,452.6848919052751,463.275793362278,439.72365094837266,391.79818601598447,344.5918043118397,322.75463824528845
545.8943742372294,505.34256660117296,475.46021488475674,481.9541250334845,510.7225900778607,542.0268302677456,550.659682465004,526.4502393127372,317.8644044628568,431.519635161815,407.7914262638909,418.8727867584349,453.72269076107443,488.70319881138573,500.0579133613786,477.16080102159685,265.21562717149845,380.8693758939754,355.5147287120916,363.9626923463758,397.36381357653715,428.85674455707124,436.7078576996415,409.55624387711305,358.0441154743045,305.4388839212644,275.2757810702293,279.5015251685378,309.7957037202274,339.7520596951348,345.9806330013472,319.96138860388464,268.7717894542593,216.7746857856174,190.45464315148354,201.10701011502317,235.272706575886,269.80877530270834,282.68569046347613,260.98752114570243,215.26027256218163,169.98713609223705,149.03876007996143,162.81974049682606,200.8329070744303,238.89485951610402,253.05986951647094,233.6268139885193,56.590881250843836,146.75388451444724,127.1881099279957
1036.1747771655846,991.9499420299527,960.3836354242501,836.4296299916468,990.1667772564031,1014.7687566803817,1015.9206683904848,985.9038398851345,930.9604465693249,876.0642272792535,841.9299682195815,842.842344249793,868.2880962732054,894.0851386072687,894.5021888452028,864.0453933860983,811.31099783885,757.628496172082,729.3135072544244,650.2676166876747,764.9212794947725,792.9794932124922,800.9927994956794,775.0108231302866,726.3290615660615,678.8092982015083,655.2491769379772,665.2748383383761,699.9865036459682,732.7419910443854,742.5519645161149,718.8713647826567,671.8231279509533,625.0948853176634,602.00022515573,613.4361300050399,646.6009168427427,679.3887068117839,689.2992732156987,664.6708745633509,617.8440691196744,571.7194678220324,549.9396112729062,563.2113565993728,599.7382100932713,635.5355716947307,647.674121973388,626.389991971416,581.6097268834973,536.9967341800302,516.9308283099547
633.5360603677553,586.2202638483083,554.5047525602279,558.7002622121307,589.1452733077112,623.9672241173163,634.7592725900981,608.5958313467403,556.9312040693164,503.0028295262176,475.2814398837527,486.3652130202323,521.083808746585,555.8972324259374,563.888475467706,535.0449999244156,478.1651371929581,421.13776498523964,391.30556978648747,401.9207465076166,438.3341370358726,476.88235613526433,489.1683048053578,463.03484146067035,408.78226908530496,356.0325163668052,332.1219432959899,346.19872004248225,387.2074697086109,428.63060128099244,442.6827801470183,418.7037870965464,369.16875012883213,319.339544604445,295.31002440509405,307.98705687369227,347.75884920567864,387.78112728603594,400.8851940697559,377.31862061687343,145.8128330513598,274.73327356964546,251.37243690140417,265.51061476155667,306.58533040442705,347.9048352060628,363.46601560338695,341.27383739141703,292.7437510771193,243.42374797074945,221.26444188806613
757.1595341135234,718.7901978119412,694.4029471709914,702.2269896650039,733.977225360523,765.4788029847493,772.4463037625908,745.4851626315094,694.8315903165673,644.5745998433961,618.1757837266257,623.358653469219,649.5205588159303,676.666305172597,682.8651274302672,657.677542276094,610.1608706001392,562.7413430086674,539.6985155934478,549.46696562855,580.9332402952792,613.0064489066094,623.0980409873396,598.6451841578352,550.8005838454284,503.7234786229865,479.84446344174535,486.99561321006195,518.4412848545184,549.3107065031365,557.1407767202779,533.0295869441885,487.13102095700833,440.0125874079795,415.24200275765975,424.8162971128204,457.57531557150253,491.15356733571093,502.58106370581754,482.0245256151005,439.11082162974003,396.67362013907007,377.2779689687677,390.04867715594605,424.17763518247125,458.0022989515535,470.07711906244776,449.2101340461711,407.15013938498737,365.38892751277,345.86336358884773
877.6430208196537,836.4608589541319,809.3691523023625,819.9943777819121,855.7973412868241,892.6915613989446,902.9469967604215,877.7342096843544,827.3623736546203,777.2606982666016,749.5332898189002,756.8168278390124,786.571148981468,819.2584507153989,826.3497270436823,796.8592411003265,743.1001455822561,685.0746401729907,653.6717820722653,660.5584627241922,691.1627158731053,721.8494480488811,731.7086210216763,704.1736051601747,653.286897635662,602.1548889961248,575.018886947173,583.7825447934158,618.9743159916204,653.061643073855,662.356591741429,519.6210815734215,586.6459112200943,536.4400317130833,512.1418240399927,522.6096297703809,558.757992538314,595.6819122631233,488.5599730904198,583.982416147425,534.5500782578291,484.9579840866139,460.21375839898417,471.4192381810367,508.3835022535385,547.1314913419277,560.6717657714079,537.267133043417,307.1821891130212,439.6193611402283,416.45141234579694
527.6133699396204,483.24007569272976,455.8311230328808,466.5869854334917,504.27960673556686,543.6656762864453,556.7743618877912,531.2239832609674,478.64397732501675,424.70706227294795,396.5523481776214,404.7258537801315,442.9658312054212,481.51289257496444,493.6145193106013,466.6704846496468,412.04223989401476,257.1322872975247,330.82363197709435,185.08690637613563,242.50075654803982,423.8361153012428,437.5397760249916,412.86012269953653,361.6903596678558,309.90730523665707,283.613087775639,297.3731032303033,339.64894589276037,381.0907207943436,396.2407179088091,372.8151057841594,163.88830216937254,271.40968439556445,138.13565118975794,261.953120179199,304.4446811997516,346.971908399123,362.3928474635891,338.9313753926356,287.92816663064355,236.55423681431796,212.1047545064638,226.43821280767975,268.2130902952896,310.7087228849497,325.9929796346164,301.8683702375664,250.01880107573993,198.3422184354589,175.16889604639584
598.4550447724431,553.2292611464372,521.7262488333148,528.7972158818604,559.8707525199735,591.3310540918376,598.5090116236248,570.0765324891674,512.6103795799012,457.8179639305022,430.71003310084086,438.66305836551896,474.3472682811213,511.33653796091926,523.1713337188622,498.2518143618555,443.9148229882222,386.0378740593028,356.60502718134774,363.40198141350925,398.49895137752276,435.16027528214704,445.699405479192,419.9546453343984,366.219385655358,313.43228663868786,288.22751442822357,298.9730903335592,335.8232860754018,373.0956782464168,385.761274643501,362.5001040717233,313.5231684071373,265.62338727763904,242.92896175786962,256.9440189671868,296.8123601747137,336.9223451201474,351.9739933699001,329.9883313458057,281.4811521403394,232.88767171118764,210.21083310394454,223.70740239239444,263.80067345420593,303.7806390821154,317.7178013000063,295.4220966426119,248.16741685466377,200.5766578010613,179.6408225880008
1078.4423488248597,1030.3315327727141,998.6757866337687,999.5672855849033,1019.5976904603664,1040.0068479531549,1039.8612604912414,866.3827289361102,955.1834323116333,900.0919575963698,870.3234562082475,872.924582179537,899.9597691237094,928.7514565189854,931.9685246644632,899.8568236986624,844.9980300148151,790.9764031474459,762.0956401917624,767.3067683054641,796.5477800214784,824.7245468207191,828.3465114169027,799.783899466796,744.7407596621871,687.6890432138636,654.7611356876796,659.304640755949,688.12926882151,719.9380187491654,727.626784611234,702.150769060988,653.8178065746247,605.1437415129197,579.4176217226434,588.0211891186806,620.3784429872272,652.5426337706276,660.8755124041662,636.4206646676408,589.2608797894802,543.4011570404903,521.0411708943004,533.3620739699974,568.1333701164896,603.5586825894577,615.6512977177621,594.5199332908155,550.0839380611496,505.5658210709239,485.2149663374562
925.3506849770619,883.7820156113032,857.9540973188097,869.1764681083769,907.282370968777,947.0450960025926,959.9533465641181,935.4192391955203,884.975050949149,833.36947414524,587.1925848888477,818.2007337667224,853.0510550966011,887.8293974359524,898.1138635267713,871.848163040124,818.9776647008706,765.2666567164893,738.3612223389115,748.6734338203898,787.9754710328315,827.3268934179603,840.935477631156,816.810378795688,766.0532482324055,715.0907564398894,689.1488585313542,698.1191414196451,735.4557274092225,773.826050808955,784.0461556224753,757.3107838737247,705.0794926619017,652.9822435192957,627.6999839641993,640.0759929442306,678.400537155553,719.0038824676233,733.146924022502,710.0409675323014,661.189547798697,612.0893966568432,589.3818481679795,602.5962347467319,444.5100814610878,680.6686185811116,692.6251668864805,667.7651633812723,615.4588689831057,562.9149457097664,537.025149776263
1154.008261091441,1111.7824968754376,1084.3437811208441,1093.5881007245453,1130.7336477460367,1167.6471667958983,1176.2090245577556,1146.9580048626847,1089.9426134634573,1032.5628928219476,1002.1467349357032,1007.7694479296937,1041.8772861743319,1076.0847203392789,1085.139897386101,1055.5599572067435,1001.0328749265453,947.3337945864758,918.9708734646198,928.9212933633368,964.4907464650254,999.9218977034234,1010.4230373341318,984.873082571536,932.9575822931507,880.2880391070915,853.2432067010442,862.4908880793963,897.4403227541403,933.350126974236,943.1491797396432,913.5300714399078,859.4301423991496,805.4714347002883,778.5720371412998,790.6022392249046,829.1341404655294,867.7911254382234,881.7133037396941,858.4437634931002,808.8712774267535,758.1509350192234,733.3688791176847,744.5865404795583,781.6937242938931,820.522046401577,833.0213280884161,807.5994064841339,753.6076433710523,699.2980004839369,667.4128507911468
854.189961461026,804.8061176061624,771.50779350357,772.8208676402592,803.5265145451507,832.9080265660567,833.4045742799352,800.7012843459635,743.4503735121024,686.6238462143215,654.3868916183404,660.1643765950557,693.778652234886,727.7299235919689,737.8372894366363,710.7876659018627,656.2838597217277,600.9854277460975,573.2452588777293,582.367619932676,619.4271586283609,655.1337550281802,665.474191754097,638.3854303179985,585.2881262765239,531.9302609221638,506.9950775283727,520.0343565070116,559.1572929614068,598.3521677350205,609.9046505538305,584.0379793418128,530.9630276968635,478.3901593187652,450.5412760379187,461.08515869052803,499.70341550584624,539.4066003859365,552.2566843419901,527.6599515928519,476.27433992942224,423.1602165596702,395.78848216237077,407.91854328682564,445.59793465411053,482.83338433395204,493.7876063434795,468.8452261629492,418.54945394341144,369.3896425695633,346.75788265479184
938.2986421461127,890.7865499350102,850.8709064083772,843.8639562643358,864.5490789121959,884.0839788407939,877.7152069877291,843.5154709104654,782.1905993621799,723.0373857131414,689.3120179511267,691.1088718304883,715.7037239460105,741.4725624332823,740.7043593961969,706.172335162771,647.4758815586179,594.9593983507494,566.7132700078331,572.1512155931094,604.2230485878638,636.194775916322,642.4169775692624,613.4025372272696,507.1813334112371,502.721796202174,473.37195173752696,480.85572471402486,514.9649935482541,549.2549506184912,557.5401721161525,531.9556380801088,481.49548888148536,431.3845761803733,408.1132295706483,420.0971742443825,456.7444098281726,493.3404810892448,504.02272338100397,481.9783406497726,435.32050701373157,388.51183080109377,366.74821601739916,380.5942945258049,419.7327204262301,458.74327220271357,473.48313880223805,452.9212480889462,407.4641422421572,362.3683883012561,342.1267218917741
653.332848862465,613.785843505002,586.7361874414394,594.6383064542756,626.5483229901627,657.6040283353254,662.3705361863467,630.9452989461238,575.9379650674084,520.7004180986962,489.9289054038911,495.950780159141,526.3126588479768,557.1648851585703,565.0571386473166,539.5003889810079,490.2286597104137,441.173672593495,417.2615198144474,428.38833098410214,462.48912484060884,494.93931878012904,502.7143175276767,476.6320115284551,427.0642965740012,379.37895737932126,357.0239314788723,368.68240287868457,405.61465641830455,442.4738738475521,454.60080678220106,432.08787225242406,385.48825293554694,338.3714178707585,315.9706898999975,327.96114580587846,143.28128066267004,400.6840685205102,278.4672280171111,389.90260827000736,342.85494351593763,296.0747309302334,274.6640936355584,288.217575672091,326.1580404132643,364.6757127658407,378.46651425377195,356.2747644165461,309.8150732814662,264.5162733451299,242.87474656309018
546.5643918129323,505.62187094129683,479.8653670378054,485.1584968446267,512.453352627332,541.4423163696036,546.6330195650039,518.0043658668577,464.57055583785007,411.2614690810557,381.6881550294862,387.68627331611845,418.5212458329971,448.68948254555346,454.8190956967917,426.48108121974155,376.5627416945309,326.01925640936713,300.08177214443674,309.68935540091695,343.55885470430223,376.5991626621088,386.8145456260613,362.21981491084216,312.2342780465291,263.4877732233798,240.87005460213743,251.93949302900376,287.3968283893777,323.4527988455585,335.4688809139068,313.08502520551315,266.45334786023864,218.19086684518163,195.41886661096908,206.31792847157192,242.18519095241243,278.6643424829789,290.33671390724135,268.29104763205896,222.1954723556621,177.31860772526647,157.516808674343,171.66794382574915,210.09774190768167,247.6204264801587,261.33770182816147,240.916247854458,196.6420000532098,152.6490088551932,133.4456309112303
539.0288882086379,491.3296301556452,461.8848752306453,472.0799891887341,511.2790119029404,548.9374416060737,559.8751437009755,529.5774833437094,470.9539474093866,414.2640065947405,387.8664886583904,401.2605610935361,441.1247185902931,480.4602666214248,493.32832778314787,466.694754171995,411.4970659568718,355.801035388183,327.3845983246215,335.36334680920754,373.118674725427,410.0588656553589,419.243776180178,387.0190890646687,326.74161038779664,265.4914442839379,231.58570807242222,-36.784754295365246,278.1987622328983,319.264335673882,332.6994060851507,306.0777039648077,250.6678657168775,195.4074929706569,170.6848681996919,185.71322959593476,229.3927524896245,272.96825697056147,287.1083164233969,262.10991725312863,209.3040206340513,156.93606829405314,132.8581153897576,149.57600795900703,17.59847141021237,239.03046238074648,254.46378853606552,229.09313835280386,174.62211750326537,120.05488472490094,93.90440754300698
755.2082298456476,709.3676052817153,680.6353025534986,688.9051890998936,550.3127646806745,757.7567462614519,765.4607997653519,733.9302501542542,676.4279937538927,621.8489020115961,593.1282863253723,605.1594369574931,645.2413788447375,684.7036021587645,695.9805140191494,667.8349000024082,613.4520723883147,557.2900335727546,295.72981785346497,543.2030886237275,583.7907692298452,623.194104806143,633.788852096502,604.8119193376592,549.478390689052,494.7618404474425,467.90856231941757,373.3284570262938,518.8597744655262,557.1953685691577,567.6254955759908,541.8039483271925,487.52611774274635,434.11151887408994,405.5818393187528,416.7623141693115,454.7356927431624,493.2313092910273,504.8981970743199,479.0903022927648,424.4104382369752,368.27778251245127,340.94081976850134,354.0863633515804,394.8382114075836,436.27476840769884,451.24069478847593,427.23764290300676,376.6567430860674,326.07590020015255,302.3605403040988
806.7149641813967,763.3184239747569,735.1445650565919,746.1494039670332,784.9132732652172,822.9476699441587,834.3780887410313,806.8816992497394,676.2298075995618,698.211593967918,670.291081367482,679.845885974432,713.9909081641472,750.4768973323581,760.86588204355,735.0068990300217,683.03992870773,630.4061015496223,601.8089567311123,610.1108677805695,646.5426470280333,683.7667536502566,694.7068514524057,668.6292004364714,615.8841554311791,564.2574995541603,541.3206030956372,555.9313145230566,596.7308770450265,637.3538413630268,651.0749333305833,626.6245225987313,575.1169969235574,523.6295835281657,498.9266574686445,511.53712305575334,551.3081733623833,592.2741620412627,607.453926420672,584.99891559653,535.3356270729711,485.39928572107556,462.60597164045987,476.7369317926924,517.8018101475458,558.0581219219945,570.5542312745666,546.0087718523138,495.7715934375768,445.10466324770687,421.08220146759425
636.5606859659573,601.1580882643137,579.7406263884659,589.8062174467553,621.6958074271133,653.1720326415401,662.815487993772,641.6684278355423,596.8139052909994,552.9439385925383,531.4245980431349,541.2797222878777,572.3406433137636,604.8087848884362,614.688188932799,592.9260714835114,548.3744764766468,503.0635329791022,480.5821510269752,489.73344455545555,520.6165952078322,551.2973265744182,558.0155473993586,534.0591751719476,488.06741483189967,441.4309314473172,417.7604469183798,426.42375863595987,457.96850446979624,489.9806964490607,501.12533932836527,480.50689900925704,438.1408838211179,395.2493476606934,374.97346235546274,386.04784468575224,421.2382605842961,456.68903882493817,469.7696455153982,450.7035516399869,407.9049038927675,364.08874514834326,343.58737403728173,354.62372909420867,388.6474314366168,422.06863494108427,432.8015030695183,411.97185724686244,368.68521895623064,325.9099035277628,305.456268365622
983.1145821202456,943.8853760958126,916.3311926571685,918.9824264358814,944.3329211659675,968.3191612996138,970.546984327714,943.8345624941508,894.4764094275583,845.034771680832,815.1691191821319,814.5490782684013,834.8780740288184,857.2988918872738,857.5110448848463,828.1982189643962,779.7568517556949,659.892098386842,706.054271848348,605.5966721147188,737.7462453442331,765.4038479746637,771.8054056000317,746.5171064743271,699.5024144831814,649.2683854755466,622.8214081837225,627.5276622956031,655.3189560415401,684.1486526468643,689.5181959417325,666.6497244806854,622.9304530673443,580.6937248755463,559.5609923158347,567.5093219275842,596.7040730554022,625.1627505575914,633.8585775146119,610.8002848137463,569.0052918690295,527.6786994350252,507.3180726403946,517.1296119641845,548.34566030944,580.2889713759689,591.1363682054705,572.1725844383266,531.3417372184261,490.70063557558865,471.3363305676062
617.4429239731844,575.4368000541808,548.1645601548842,559.8731798163831,599.547951833641,637.1932689205673,647.7746224583556,618.7344404510325,562.8874281436656,507.4450361672268,479.2416712939448,489.8753834541203,528.4351457840555,319.35404060751625,582.0588684399387,557.3350712592415,503.70647314463645,450.6233863765749,425.9787204285153,440.09088098651455,481.5228222577837,522.6905256340681,537.25020593446,514.0897073281782,463.79059666927833,413.702397916707,389.8604036750337,403.64699118914587,444.7943895354608,486.92581196134347,501.7130662819844,477.4478981962394,425.44727485018973,374.4961164929359,350.2896355743501,364.8682492512153,406.4741877388217,449.0636204743862,464.357230157328,442.21553696407693,252.2418506339352,342.13063773060355,318.46304029412386,332.24665454176204,374.3414744903646,416.9956129531863,432.69895380598325,408.93700321566234,357.68174675678245,306.6888684453753,282.81567371641904
678.3982151930059,633.3656876829187,600.3402709732255,603.9705183367884,633.8048693244878,660.5507557356839,658.576708533647,623.0490697276309,564.7068804587848,508.53830358434345,474.9671431179737,479.22125389466885,509.54088409948713,540.8274570785168,546.0714431069357,514.177085294741,459.6560581732019,405.2753615358607,377.7433616762413,387.01698242702366,418.55576450400827,450.00749456091216,456.2327345104304,428.4533677934934,372.347749870906,320.044259302192,294.3618559366424,304.2132918993419,338.9784823299333,375.1034035784944,385.9073717598603,361.1927625025734,312.3533323334433,263.02282380051895,238.71767490190348,251.26146499506092,289.3201650074841,327.40232582183785,340.72981792325504,318.5051890959036,272.3920900151669,226.5153608599128,206.14480474256254,221.07864860050188,261.42263562832056,301.7533523116979,317.0032228485434,296.35805340996285,249.76585086383295,203.8618725147801,183.0156755802244
887.3970775326026,845.0380293555194,818.431357307439,826.4256480312271,859.6022279801865,892.2028644487729,900.5756853483784,872.740611126845,820.6149738287792,767.409742551694,737.6544050619949,741.8371386783016,771.6842414558813,802.2136982688788,807.4861739694692,777.0320152140721,721.1930279354016,664.1684371105656,635.8941743808654,644.6602351546163,546.350676096324,712.8702021696901,722.3844898879053,696.4732648079846,645.607694279713,594.7254621600965,569.8279968093726,581.5744410634019,618.3828617113426,652.2125587667593,660.9453601155627,636.3481620100642,587.2845131768881,538.5992174604129,515.4998785664158,528.8919760146599,568.2315745295331,607.8202615425749,621.7227886669699,600.3648018279634,552.5741499564551,504.77261612472876,481.8699200647055,494.263828415743,532.741791986577,569.5580997351641,581.7108219406156,558.9978432735467,511.4924095834217,463.96413353094954,441.7723106511079
741.9847794445058,697.5173347859928,671.7879423408497,683.077084625082,721.8618434754694,759.4138054640816,770.2877762262655,743.2072852871913,689.3797167962769,633.279300106912,600.8950860150419,605.262139176219,632.9587050781156,664.5771586904423,670.813686367516,640.8571686252284,583.7388948122232,526.1191489731606,496.231923887686,505.7776575638044,542.1549588362591,577.941272792003,587.1015973124362,559.6172644989771,507.29876973657497,455.25710162045254,214.29766330844632,442.48024095082985,480.5480889460305,519.6695751945081,531.671224547761,508.0811154712452,458.07446175546863,408.5445026036824,384.8752421530462,398.21385905849513,437.82227264370727,478.02511904572384,492.42147509478434,469.8078239368332,421.07363649310435,373.0717205791407,350.5563097845454,365.24737841518333,406.73983677674323,285.9979275183341,462.9715323729853,440.9642332954754,392.9647434615325,344.3599220120723,322.37069256209907
949.0344130657077,909.454083002216,880.9617166531588,885.2757267852272,910.5026069555071,932.8336821695005,935.6222801821017,903.327821738584,842.7567364939549,782.4797365641858,749.503368393115,755.9667868614505,781.6202048252002,810.3573622609198,817.4763813650817,790.0588052588594,740.0853353274091,691.2814330541827,667.4400296783282,676.8113535700503,710.255902143976,742.9835814774725,752.7508821287166,730.0348915289251,684.7286759942791,639.8706899209116,619.2818346046462,631.221668125358,667.6146961470498,704.2671123073682,716.8022983704408,695.0878101028384,649.5568056992345,604.8959886189738,583.62841206528,596.6023211056435,632.1750524124237,667.8009955996575,680.6054430448686,661.0907485642392,617.0463087073726,571.5750874047787,550.3351934413946,563.9217454822405,601.3370907446645,638.2437075858087,651.488736697045,631.1147324350869,586.9229860103014,541.94888611276,520.5976024305265
803.6998680189456,759.9527220646002,730.537112935554,733.3301528626051,758.8443204926809,787.0603564589852,789.3528342959506,757.6440357457974,695.9057954356338,636.9787493286605,604.5880162020899,603.9349630087744,629.1623909485827,653.7209667248679,653.5445767374034,620.347545542126,565.1178275386583,510.8773883990399,478.6030601852988,299.75748252820904,515.0347837432814,546.3087472432309,553.3790514724914,436.04233331288185,477.0516752392841,427.68647185526595,403.92892592572366,414.2520115326896,449.56933461043354,485.1572296066057,497.79468053364246,476.1765294510385,430.81707461856774,383.52225189484204,235.61291408848342,372.54326789641857,408.4334620929635,444.59396866778854,457.5618628900944,434.98828399637705,388.6185675287967,341.40439552642874,319.8427659826266,331.6495154471796,368.60218362148896,404.5008791152601,415.502362358067,394.13952170169694,347.8142184439836,302.20002317645594,280.94487490305914
966.7039151327883,922.4793959354187,894.4781935028842,904.7790350237209,942.5192925704439,978.7407900870937,986.0618721923272,955.6143737137809,899.0894729429197,843.5079418066922,814.022571864736,821.491241414306,855.4257623553372,891.3424457398698,901.8119499694405,874.7224139289721,820.4070133543478,764.3242457105529,736.4865396876095,745.4361473181349,783.1178594816452,818.5686404372498,829.5865812827662,803.2414353753678,748.5096429392499,694.9932052638852,667.912844552178,680.863424946269,722.2700223589127,762.1429124152239,772.9455176353833,744.7949311081774,688.2833294100026,632.6093158621123,604.2644322290886,614.8804319090472,654.4878385606612,695.1576280458085,710.2049121496502,686.5292800168485,634.5668033190011,581.8189755508668,555.2913745988186,568.5670708482734,610.1073082473357,650.1950489554777,547.4191061838039,637.7043141264039,584.7540760454867,531.4077022540939,505.11100328013606
674.1608557675236,633.6079606660327,605.055774553854,610.1004032419802,641.6321158038688,673.1541401511487,681.8219817135144,656.1780607511274,605.5720750990629,556.2852961680854,530.262129725327,537.6185221185627,566.7234302411593,597.7295365033666,605.5148720903268,580.7189997975136,533.1034638103499,484.27858577885365,457.22879993721017,458.53975525981684,482.7494744788994,506.7319867720206,511.7002592824,485.42697646814486,435.0099886685316,386.46237122324044,361.06308073980085,367.0811152359837,398.6431457547676,429.94276149846144,438.05904822975856,415.6734599194649,371.51943538350463,327.44111029725616,305.8230489725729,317.53515007771637,352.3931783695648,387.07039356814846,398.14271778611,377.8018237823701,334.970323183138,292.3234448339838,272.4504759255851,284.88989611903105,320.27402846130644,356.0621379653368,368.65383458186614,349.26566398352236,306.9395705665107,264.95214878651495,246.4499576110661
1148.7575014896154,1101.173730552572,1074.5024861593013,1086.1598932637496,1126.2851886841202,1165.2714468134154,1174.7802251033315,1142.2574734341083,1078.6494499018843,1015.707069380135,981.3990331449611,987.7544182294971,1020.778176477655,1058.1911769617464,1068.1696301380152,864.5163325003991,973.3449544889063,912.2749861285351,881.1047974007754,891.4181171601538,931.6101639108149,968.9807247968605,976.4854238280366,942.3111863218605,879.5485376324145,817.8982478101498,787.0071487741045,797.0492428798684,837.1977131793951,876.178487032991,886.9008141722165,853.8789189730926,792.9704050792851,732.9737235041393,703.3060549907946,714.529980193317,755.4685694734098,798.2166574173438,812.2809354081619,784.8350124569838,464.37769803061224,669.7922751604208,643.0416304743258,658.4930869455684,702.3272927487391,747.046385581502,761.836642006579,734.1035195364958,676.2815207261762,618.4773174920313,590.2339907187218
557.698925157843,517.5840051616335,492.1935331520008,504.8352262588551,544.3116402127621,582.6810356369466,593.7603795228042,568.1261510286205,516.2596182031407,465.06954970620063,440.83828108732564,455.08184510834485,495.2050950208609,535.2681709020857,548.0603136277184,522.3280397468114,470.6310647772625,419.13808566612647,394.4273432270302,404.3305002152547,443.53581797804554,484.63506383373453,498.69065053423856,474.00279721318395,423.3946198280905,371.9055902436853,345.8595833478298,359.15076496430765,399.9480229683502,441.4165382522116,456.0175947987418,431.44265050598426,381.12140542895884,330.25185681716584,307.39159655220556,322.0207486806619,363.22346896077397,404.7386890499571,418.8930286763941,395.96447015057936,345.1688967567635,294.53394853277916,268.77648146060073,281.75663415239524,160.58478929850912,363.91094256591657,378.56985429223414,355.3999987981466,305.57231341965405,256.687740047504,234.06902924510655
734.1678517620029,688.2586883265676,656.2519498448834,663.3604298115936,695.1136506406963,726.2495593307206,732.0717738106717,701.1705181682537,640.2325666255576,582.4613810128149,551.4228260429662,554.1743505906347,586.9798149143207,618.0959207399167,622.9759834112941,590.9384690831081,532.6076227083427,472.49494341439777,441.3192977581649,447.8373763593456,483.85582681142864,518.1273551157094,523.9894661366608,491.31187879961715,432.5522027311797,373.5270224041908,342.74305173817777,354.2584165737783,391.70147305792284,429.587241199019,441.6335453860439,415.052076144858,362.7979690809492,311.0608054441939,286.6760993931481,300.98164535175374,342.02201308946064,382.7538848193815,397.1424027030331,374.34575221420243,325.06198532388646,276.09024913902647,254.2464632388061,269.8592697699503,312.0126764038067,352.3550120493619,366.3491928249672,344.12716525373526,295.3291063968262,246.98905269528234,225.33260542610572
854.6390122313394,806.9254701558374,773.8110998596154,684.1775390973767,818.9742802816018,853.3429526012271,856.1536010357524,821.8422179111517,761.3885787690451,524.7752959256359,669.6421323524809,677.3113256253702,711.3553065403298,748.3504613769312,757.4123300346923,727.1164620246856,668.9938212739573,609.416338133054,579.7522522157111,589.479447283314,627.519823957929,665.2319502345226,676.5123903246592,647.6063223616883,591.5745045149963,534.0981433263079,502.80313736703954,511.20523693944676,546.7518948789279,583.3547973974355,593.2217283137809,561.6704413675928,504.5001051380274,446.8985544237197,417.0865014617424,426.03497379832777,462.78326050681585,501.14745138682406,362.05306892764247,489.5149041494161,438.12112076719575,386.575122992622,361.586533368329,376.4430518302571,419.3106295532143,462.63850168977615,478.4385161267703,455.7855165796559,405.24598796638213,354.80605177893653,331.62381176390875
493.4687705946858,451.74285562202135,422.65678182290515,425.0099443920283,450.9982765553194,479.95731962172647,486.90668371670995,459.0231769563069,408.1182421011039,358.0873096472228,330.56912949086234,333.1116899565484,359.95341387567726,387.3087218457489,393.0735246810218,368.3353336592495,322.69017449514934,275.5306721683628,252.76460332210115,261.8176224883962,293.15568320450996,323.7058976806303,332.3439506878508,308.0531457386212,262.28626311982373,97.28913316598687,195.29581181871424,205.60152368668696,239.60165266429215,19.996541167073588,286.40590615929386,266.3434092409194,222.203791827931,178.64106676362746,158.32528721843232,170.57081853557372,206.4763278451985,242.2378056377746,254.94149865267354,235.7478988067345,194.36337707208986,152.5895879841254,133.66033345284518,146.9776827593704,183.58284414137847,220.4030221079106,233.84720065169427,215.14995869591905,173.57776921641675,131.27929747829626,111.5368548258241
760.9349460955784,723.2268130309694,698.5640341323228,705.7914277101502,739.1544340923273,773.8754828501061,783.1082433481704,758.0269653935092,574.7759698174492,662.8710091321509,639.1036407265585,647.7328762238092,678.8718584543964,711.2245077732856,720.2896110194406,694.8969781641345,647.9632749349104,600.9848083518125,375.14080416158845,586.827947591629,617.2929986252772,649.3635338539731,659.7150068328858,635.398967312454,589.0459671213292,543.9794261848224,522.7809420820506,536.2765126860625,573.4585966176193,610.3197976348339,623.422094549499,347.9601921784697,556.6142128911872,510.62580555212844,487.9422476908828,498.7272768980067,533.669962137798,569.6057221442253,581.4733416739105,231.16658540562344,514.1220084719805,468.9227821229648,447.23271995147206,458.4469195670872,494.68819924565264,531.5030734231417,544.1723964600776,522.9753258357222,478.319460567604,434.4090626491301,414.4161661969108
639.2318775152532,593.6988659087294,566.5421572038435,582.245444450969,628.0335163475958,673.5212747163469,689.4739569486618,662.9662214716968,606.9132177338462,550.3115527710188,524.5084787145138,541.5206480435756,588.6856242568675,634.6749899868453,651.286168491264,624.7806470013311,567.5472537494253,511.0639007218765,483.38857367573655,498.2970030712711,543.5524233893644,587.48528805762,602.7043312637846,577.4741972814732,522.718921844228,467.38058581641826,441.9315936279295,458.62444855975764,504.0693406573147,549.1321703468079,562.909670894181,534.6159393019059,478.3412071318662,422.0433441155278,396.7537754682237,413.2231840195418,458.39488291197097,504.22583360963586,520.5748969579539,495.8718026094,442.1894812012142,388.8279287406865,364.1554071158441,381.3981137765279,428.12386761260416,475.14980420716574,491.9254302346918,467.50383043963825,413.42500420585566,359.57444021504625,335.5051289369371
847.5500968695372,804.9104078620877,776.9512935187116,782.2056615223495,811.9366251279,839.1408304415849,843.2183215391063,814.0555456992673,761.074107615264,706.9634232124605,679.4759895368442,685.998380580079,717.9712439915806,749.3741946966583,757.3012912807345,731.342304063985,679.9901553793327,627.439340653012,599.0444286876105,604.3787796123728,634.0453899447668,658.3481456772673,657.3614717030838,626.1207187478183,571.4361141572692,516.3633308047253,488.5043376297034,494.74064645887427,526.3488307763687,556.9476196926536,563.888735708594,538.1867058985233,489.9051474535662,443.14192645465903,419.41062496742927,429.822680464256,464.5826277014032,499.5582798816607,511.3014287531977,489.4288484301853,444.90980059207175,399.71552339195614,378.89079514310254,392.80521907527384,429.5332156475555,466.69158291853716,480.0415499381751,459.5149828392956,415.4811078884021,372.0311003489401,352.6855621919193
453.05722438864973,409.7767503379399,382.525963195121,392.58982942844466,429.44971087624936,468.6486529886688,479.1004320866839,453.5434658114757,400.24923105750486,345.1833655410686,316.01419232657736,326.05004676204396,361.96837853697207,399.14971356607157,410.46645140739565,382.0951793836648,327.93085520587715,273.0327663083532,246.03805717313844,259.3671633869466,299.7864957723725,339.56435862391345,352.9175767472075,327.67219578128834,275.3907293134919,223.1027894041748,198.03757807364445,210.74702397505132,249.7293404668792,288.78187758486683,301.45779172536004,276.1104581606039,224.48796545948846,172.70676367619637,147.44734221701583,161.05901436243482,200.36787715925516,240.59394610371237,252.63267173283634,228.12451096711902,177.48290667696244,125.43093153357768,102.13858292042596,116.82040502380198,157.63959760113414,199.38341396809255,214.84717741911368,193.02849864371137,144.71113214282434,96.88737752746329,75.94639023677587
1098.303733186343,1051.0865218459871,1014.9213147746561,1011.6184328979795,1034.2859412664407,1058.6480789018558,1057.2056227619,1020.9306728617225,963.870696466522,908.5941903417664,879.0204420227703,881.3353415834432,905.4942957028728,929.8380428429398,932.1432239700677,898.7674578602047,842.9428402255727,787.6110621633142,756.9421040015764,761.0013311475726,788.423961593763,817.390905967842,823.4638911108071,797.5660523552427,751.5882146663931,705.7903091725274,683.054329731614,692.110671116803,724.0478923961911,756.6136313383765,765.8311028379647,743.1466701542791,697.6700230142708,652.3033315115198,630.69650105797,640.4639174438979,672.5240882948898,705.5267396785741,716.6765630268936,695.6239780671523,650.5149164564455,603.5106245652953,578.8860855511455,587.7492225170391,619.5361391711192,650.0812495869015,659.918078261296,638.9000146073738,596.4481845690027,554.4009122534169,535.0465424257438
889.3267053684301,846.5339874324623,818.0299624588838,821.0898210593232,849.5130293322387,876.0933578411027,876.8972213293645,843.5772362702464,785.2807907206226,732.9372822242367,704.8150688917201,709.251911331321,737.5319139340658,765.4699638083594,765.7924877544061,736.952793611713,681.4464125206356,627.3837252185422,595.093299370352,597.8716755507603,625.3134431616583,653.0183545794519,657.9622205316731,539.8228589148672,581.7647144297811,530.4601854579203,505.7584506405992,514.0060035916272,548.3772717248067,583.100998678967,593.508314495804,570.0279485033506,524.2070047301693,479.1104105284371,291.0586933857562,469.42127181043384,504.6040030893531,539.0672651170948,550.4944972237839,529.0577178028201,484.2007454249456,439.96626354247826,419.18581129587074,432.0240375620655,468.77048691353536,505.4579786348877,519.5689230516547,499.7526708655689,456.86039791619123,412.9422786627616,392.8783808685894
774.7216966484273,731.0772093405863,700.8384105562409,703.061182020569,728.6699185740516,756.0089221876186,759.7134214276688,732.4319993999969,681.3507204898559,630.2502850615986,602.3771139128776,606.2944484588388,632.8101236260562,658.9946755279487,662.0702845201819,634.809055027541,585.2201836798994,536.6535123000297,512.8914205819158,520.2040982290259,546.579308703531,571.3805859383484,574.4935031657448,545.7394070299042,496.18787198769303,381.57690148586585,425.7064996044521,433.74141991654915,465.3983276661339,496.4900879037674,506.2804614267044,484.9128765101784,438.9973388121846,394.5455978124219,372.77519945427093,383.8479019003937,418.2836173027839,452.4654735840346,463.92714550499124,444.6423426693857,403.070687056053,361.6519739901845,342.36542373325483,354.910103128861,390.0043208813786,425.0157255719454,437.73027097939564,276.97832517151085,376.8896473914683,335.05187776636865,316.12544289953917
733.749163918909,689.454715339658,658.5448874767427,536.4356052166341,689.7191744521776,717.2111583975881,722.5685081069805,690.7547607684836,638.5028726898256,582.39469837587,552.1014774410841,554.7404733890477,579.698309362198,608.047579017844,613.9782974181444,587.0531703822502,534.6337583988718,478.6939825835931,450.06258496992757,458.255726682292,490.9038160274322,525.1033378080073,535.1206620088371,511.1742162435329,462.4626976180398,414.6027840455664,389.6829311930809,396.58442768174325,426.9832937667429,458.31079508994424,467.12594510797135,442.2797995267309,395.5600103254668,349.0578211180167,326.526726143736,336.92520852279233,370.20168217121477,404.524812003168,414.42245027292233,392.37276681087803,346.7258162620361,302.2887229666601,281.82284898424575,294.3814965452299,148.22298861231798,367.02858338489534,265.16332142368697,359.92428910286856,316.70366624840347,273.12114052360835,252.99823582637794
885.7651387112059,837.1891563929717,805.8260737468391,811.5390678846236,843.8474818546747,876.3950682509341,884.7481037711389,856.7681899952432,801.8121934370815,744.073566742717,405.284730358223,721.9145106958313,753.1855789208066,785.4549135986496,796.3047968052433,768.9066057924344,713.2179412079497,657.3135480626693,627.5376616931118,634.3351601976433,668.4110488212452,703.2095691734722,711.5356267843638,682.759372590923,628.7098062427578,576.9451948266787,549.7170547726142,555.3503923225439,587.2365070517965,619.1353381518803,627.3575034962239,598.1909579578255,545.4609837560234,490.8867908404002,463.9742783680284,474.5092906347679,510.11708957609767,547.5636444283983,559.9007952919003,536.0699848338909,487.3560535167261,438.55982003192355,415.2103658029474,429.93405038248943,470.8629351354622,512.0691322388396,526.788211014654,504.7551322421938,456.64437113438464,408.99126383402006,387.1496854008084
803.3698760690452,760.4147375961694,731.4229264066945,733.7125850457788,757.4691933026704,784.5464430996426,784.5904610108942,751.5711248307196,551.562374099798,649.5954486415545,623.1943521116058,629.9597531286257,658.7569017687076,689.5675479873701,697.832847422434,674.0677895387336,624.9343926348588,577.9088422963717,552.6817047298222,559.5758455943632,588.5547175645584,614.1671831605727,451.992228244299,594.2768257675042,546.8036532205554,498.53858092488565,471.82459583933553,296.4662344598788,504.00545840608424,532.5568395663738,538.6547056534521,513.5229116785919,468.06430332420257,423.5908780831461,401.7332852417172,411.6414939551952,443.8379145479046,476.6401785449041,485.88762776728436,464.39979464428563,419.6790217397189,376.79994602298575,357.2792202354898,369.02102781955875,403.9858964362994,438.48024966285766,450.7456686654564,430.45044390967473,387.865055842086,345.6133726528799,325.93345798400503
617.014515738271,568.3353311395744,535.158981141201,540.0268550041036,568.5980489489032,596.2248667199764,596.3865082565277,563.1411743719078,501.8459395416676,440.389236197634,409.3510546482663,415.9094577614761,447.39826382241836,478.8956742268741,480.95787092579747,443.30439836785024,379.5398422206613,320.5993731395564,290.05864388134944,299.2541630884265,335.2457096620044,370.76326886223035,380.139770819378,352.59044804089365,298.44576876205565,243.8288561692085,213.6399270213634,224.27204054733,261.81104999141803,299.31821841539033,310.27730329509006,284.0487690648332,230.67016670941132,179.01721938479238,154.07747266495755,167.55537911685667,205.17349684790497,242.8822058427537,254.2128798303928,229.41887213432994,178.7183602287115,128.43596968684665,-98.73617745176261,119.1038728214636,10.439643634323374,204.35321106414665,221.03654616260076,200.31306736064414,153.37678726205343,106.79397000321705,86.7940347376192
931.4641897764558,893.6069037460032,868.625119847539,876.7835066156621,908.089341217886,941.4972402650686,951.5357408069308,928.631700624149,882.0420487727976,835.5885285245998,809.0591006403467,814.7367007279762,843.6798317924416,873.7130450839994,880.6642860651282,855.5101955703125,806.5734566385771,757.4508821046694,731.7072546126305,741.8065338102523,775.5989008923744,810.9419375959916,822.8691128048581,802.4234334584454,757.5798074744345,711.6415790837408,689.6408452531937,699.7515695698181,734.7080154256115,768.3308606219481,779.6546194492014,758.7363395155843,715.0196016704463,670.6539842031272,648.7596011575793,658.3851412597352,691.5032080213072,725.8322432422666,573.7175990517269,716.5200764834439,670.8440714891115,626.5088041468496,474.283220593872,617.7357186724083,653.0014746732559,688.6569610051412,699.85610065894,679.5466230502312,635.9864561290117,591.7822663372781,571.4773235632135
858.7678801339246,819.4179692256752,796.5834716172099,806.5279871332406,839.7943004930498,873.3310404434462,881.293228926657,853.5077830741832,801.5680769737382,749.3718339789574,720.8255315027857,728.4819367220924,760.1210385227789,794.3346332815308,803.2568332660443,779.7493874673222,733.2887088820705,687.30479970199,664.7228765972591,675.9388496718274,710.4664805605166,744.6072319327823,754.7316124588609,730.6257662425741,682.2233533933827,633.6537158814798,608.998866402773,618.919392971511,652.9311987750336,687.6914617618468,699.840849142785,678.0469463683959,630.9468015845833,584.0180979159419,561.6816618238397,573.7904320204085,609.7560121233341,645.3232785738635,657.2592112935992,635.8035323651355,589.6473246160073,542.2179513772396,518.2595683885813,530.6903221219358,567.1786737683411,604.1608215621068,617.4849237229099,597.3972219671466,552.7444475472006,507.7464248618601,486.7771912050589
1084.2933746764033,1037.339309224937,1004.6307933621606,1007.7583460041022,1038.566881770234,1068.145102999748,1072.6974286940576,1040.1725980831595,979.5692361183159,920.8740832627119,888.3426352233864,889.9000710857,916.6039529340827,939.7406585367082,939.9901667918199,907.4536170230648,851.6702429971618,794.7738805990581,762.8968920842294,767.0401814146975,797.4902164291817,828.4523584031483,835.0640487021625,804.425547476386,750.8982481963443,695.4674225596851,666.7878909256542,675.9782947492916,709.9917600933296,743.9265625132391,754.2444508842253,728.7989682781496,677.8192054144622,626.5446638145653,603.6475847109552,617.5583976244478,657.6361793476691,697.2995403193279,711.3305552652197,687.4002145431317,638.5460139593408,590.5291718716571,568.9554209442697,583.726350092406,624.3614806293265,664.7842734457925,678.4795047779279,655.6239563416752,607.2036842937416,558.9134157259668,536.9842365649658
891.3330792675197,853.8154604218963,831.4311702706249,844.7630944379956,882.6749432296235,921.4077659941413,935.1823004990638,913.3513150819981,865.7670139240993,817.6948378028156,794.710635368884,806.9964805976782,843.8287365049484,879.7467886855704,890.8342350485243,867.0400945714526,761.668524408608,769.2989318246811,745.9731181914,757.67473661427,793.1312712852086,827.2383994908193,628.3583582336925,813.4149718797263,765.7363586788254,717.340803854282,693.9710022201745,702.7156323516723,736.9405550795855,772.24135055384,782.1968428708421,757.410791528402,705.7788791400804,655.6618851072186,631.2603941686326,641.5148190815829,677.9718426242337,714.5450358264407,726.9161480175576,703.0758438304618,655.506869552872,607.4933480561651,585.002460686593,597.2035466655108,633.8500591810358,671.0140654966453,452.2902026068655,662.7899562144908,615.9063205468959,568.1476440944923,546.5336689028308
680.620387286075,635.7623873449501,605.3142006485865,605.0337415861162,631.1307462615827,657.2844037619053,655.9169769196403,621.5180569650976,563.5206166009629,503.2433178600039,470.207514391739,474.0956680916362,503.8697340906741,534.767555141745,540.2634649902934,509.7007700846227,456.7936234821233,402.4858280586683,375.3754771152211,383.29222711106434,417.10442675305,356.67184717547855,461.3183298923325,438.0720287424067,278.4023377885759,342.7317793199403,318.69500632646134,327.46907181400036,360.62478158297847,395.3124734285037,406.2423028883047,383.5559044326476,337.0833501214197,291.31132146407106,269.3005242395128,281.92001352280397,318.09491835142023,354.90133839812427,368.24189564511926,346.8236215763932,301.7352173996453,256.81471551198274,235.74811109729364,249.18822256453166,286.7762428299893,325.298965560737,339.3347202417583,319.3466538677261,276.07294561458,123.84900165608474,212.41578579729878
801.7835773880307,755.327137647316,725.2471986054293,729.0270203629962,761.0313594061104,795.1998202089583,803.6159509020315,775.070777529728,720.4676874506024,666.3249355687074,635.931020972844,645.4476747942358,680.1221210061287,714.8401935770726,723.9434168020173,696.9699587236909,642.8735437991306,587.6523465416969,558.6045415575693,567.1607488324557,602.551258768875,640.4386919066264,651.256537224272,624.2547354755158,569.9979250620081,515.1891944155554,488.0226604602258,498.2446321964237,535.8823253493345,572.0145101169894,582.0112864189948,554.5802011108043,499.86282789527047,443.87204519678994,414.84900937474595,427.9853736311952,467.28722040612615,506.4128313830613,517.8500985238986,491.9674896997277,439.2780621655762,386.68666713680454,362.1056304167098,376.2721185432579,417.4061693640082,459.188986172202,475.2797060578778,452.45738623780267,402.29119258619437,351.71137116093587,327.79578433427946
491.4141096176021,444.78792047044897,413.14075541453735,418.47685589009836,450.3177481013786,483.2550984956406,491.6769828567541,455.68082809440375,394.925645133173,337.5167051455429,307.33499792540533,314.76940596569864,350.1424705470936,386.0649223032476,394.7838917422606,366.7534825758322,313.96483458303555,260.83505562490643,232.7373919822901,244.59931391571115,284.91750680072414,325.87906772092424,338.97297282018656,312.88294768179924,257.9306259610837,202.3333779145347,177.1617139879761,190.99853111546042,232.4429230823032,273.55623445184506,100.52318925449572,260.7977565367311,207.885374318539,154.57191619142293,130.3184212480785,144.0758259829521,184.49815984065958,225.52760987782858,239.9178817792498,215.78397133274427,165.16600977396217,114.86332356120943,92.1485921904416,108.3960216232582,152.05511039250325,194.97749390008812,211.29092698469356,190.03416513814705,141.8963734024477,93.81190547930782,72.8849030935221
559.6827934456165,518.3984501567546,492.15304343886726,501.5783223544944,535.4858471506158,569.1680066438407,576.6074575834286,551.4218927194863,502.9291518699357,454.46635977754215,429.49531869010445,438.2714506426297,471.874944448639,505.2416217370114,514.9203924743358,490.4373874188351,442.20209918507237,394.11541955184487,367.80170555122606,375.3577170787306,407.5417736119358,440.2877647731332,449.408671223561,426.49240960831537,379.5645292576759,332.57280542877913,308.8233811514584,319.7084875254769,355.0643186294284,390.9748017756626,403.23894793044224,381.17894170143325,335.6127755071941,290.673849841202,108.38171365940661,279.52604594790944,316.01037357279677,352.7157306950328,365.49536361779724,344.72483726322173,300.0396324908129,255.75924972952066,236.0249467807031,250.32826030180615,288.42506567790883,326.17713535039593,340.24570882440185,319.7055821171866,275.24841683991417,231.15624725920543,210.7254466395783
792.790390295869,753.3750093357127,729.3441223609963,739.1376443244156,625.8705727262694,806.6667858413765,816.2812405646306,791.980302863696,743.3167497764221,694.5465674986866,670.4257797257236,681.3331277098354,716.2189252034063,750.2278414864769,761.8019910306458,736.8919417336751,686.6125129744134,633.6633131731409,605.450666599798,613.691211871121,647.1915083794493,681.3721422398193,690.4276821495715,666.4564273457393,616.887317540595,567.6183961923113,542.4994861519816,550.8483967512531,584.9838851316581,619.2649295408049,629.4048055425495,605.3809695909172,557.2478011677362,509.73893245388774,487.1701946921643,499.059638944727,535.4675880901925,572.0942203200724,584.7295605756016,561.4200223841551,514.2757521360016,467.1505517860519,444.79640303552344,457.4889525162331,494.5995261255797,531.3916815093097,543.6302924478267,520.6777365609506,473.95354854824416,427.7681537735841,406.3032692297496
978.5814363274069,931.0684408047179,901.8146571199976,905.68843243763,936.0011634885828,967.9437557473728,973.084384299195,943.3907361822079,890.7846116749184,837.4674251786811,808.9416836782624,815.1420788357535,847.5363407354342,877.7694946590706,880.4301249503877,444.13173645206007,792.697942963278,734.6820884490545,700.7536538625164,698.1322973170458,723.6422851113815,747.9482895908671,748.9719626907437,718.5131419941433,663.0946751400414,608.7607264031534,576.1579684571367,578.1747206244182,605.81170577614,495.262702355731,635.1349128506348,605.8099956381864,556.3936868859896,507.34202049366843,481.8930143272372,490.8671701943198,526.1660429513107,560.8033117985855,572.5881272624346,550.1461251475664,503.3204740836143,456.34028330121873,433.6846925793701,446.498833752372,483.77479260385894,521.0630246860679,421.2569828434264,512.1294724970593,466.57250987558587,421.23232160354155,400.3984730031251
1109.676574892299,1062.7304403336323,1031.522535978288,1029.0740425162212,1045.9068001230744,1061.7950954546081,1060.711472996395,1030.1448427941752,974.7786746639055,919.7903904094178,886.2786850749645,883.1875754990829,900.9446787002311,917.2318227089509,914.4860442738075,879.5983330817181,821.8448203141637,767.1870780060988,738.2370603962596,743.8557526589846,773.3232775579476,802.9929806162208,810.826450151437,787.0305921868381,738.391158990231,690.9156500778486,666.3310883902001,673.1460481338329,703.7265028888299,736.8984432836633,748.0474420970088,725.5394967278984,680.473139181249,635.9120564777993,614.9481510120969,627.3548161805015,662.2679983714457,697.69944773117,709.6282897443496,688.8845383099859,644.3661509537653,599.7967684826509,578.6650805076041,590.0720522378658,624.5489010081635,659.2687630780661,668.681587172315,644.9856956961003,599.7689876495149,554.939004930728,533.8911316592215
940.9389732239712,898.9315999282189,868.9055759658602,869.995012194863,893.0029036096449,913.5069214286486,914.6087592779372,886.484111619018,837.8145862146804,789.7833879456136,763.0900999747239,768.2417788325833,797.2147931898461,827.4491635962534,834.8530532426159,811.3915443569945,766.3714584286896,720.9645379939923,697.8890786024313,707.6614677644907,739.560497867922,770.2061800487731,779.3930957249536,757.4008901123266,712.0118171558082,666.169494322028,641.4395798231196,422.49648634313803,678.9307894798486,709.3205899208535,717.7707265027732,695.9120480957242,650.7133303218429,605.3078454706306,582.3796197979964,592.241282815691,623.7756608947847,655.9563068341884,664.0350324824547,638.6775849988808,593.8764135698484,550.1333203331397,528.5442634664266,540.0005886898832,571.563988163975,603.6044848547212,613.4562996889729,590.7791095961002,546.6553368918885,503.45190534847904,483.89562419275717
601.9104048756196,559.2757145883046,534.3282857085468,545.1509679507677,581.0366702553792,616.6533164734745,627.4699295598886,602.2700320573609,548.4096086421252,494.36853229065,467.1854236450939,380.85010150339576,513.8838901546674,552.045166963601,565.2016873995659,540.9678540041009,489.33226269898773,438.5440253698322,413.4144381568675,424.92049018682167,462.8971454213049,501.3868825172664,513.2732425622722,486.32446088068787,434.0895333756994,381.4301305225557,354.7209059796106,362.96849092101763,396.91598439814015,433.78359160400134,446.74711354218505,420.49653140732835,367.9188547230143,316.01483407487046,290.29948266906365,303.147826316036,342.46118965506685,380.8396311557566,393.45087280166865,366.68296072358294,314.3672937936843,264.2722343416119,242.0767065302474,256.96206855585194,297.9554337309272,338.736952867515,196.03065841549835,330.610032888036,281.036391448417,230.63086792829404,207.90552113935303
753.1994464848348,721.1668182817192,602.90287571928,703.3600700094172,728.0319906308766,753.4047182887441,761.18422946451,743.2365827844333,707.140800886194,670.7868002606355,650.5801569535936,654.7246095875595,677.9347537302215,700.5723193275519,708.1699198165213,689.686317516358,652.5415962743534,615.4455521418569,597.6394730898496,604.312429775829,629.3045049957973,654.9968771602621,660.7445999876957,639.232683329378,600.913885458803,561.6368883575914,540.2088631517993,544.1124475369994,566.6347914068235,590.109514809835,593.9139934800662,574.7507696141599,537.7486021699339,500.29315912906657,480.34126889598565,486.88167030146735,510.74043254619005,534.5437805390527,539.2429382606524,519.3824609559892,482.2752438470378,446.1285079027085,428.13334280453796,435.8687154401015,461.9054810678174,489.0438634831594,498.3203588717613,481.9905618843445,447.2103508875265,412.74656605150733,397.0290156280921
987.9292294380224,942.2413617617026,912.0458033498998,914.0361756532914,942.2663269190035,974.2137173336484,981.9705920292645,954.8560867577364,901.7462025546864,848.39948965183,817.9686924588258,820.8974660993347,850.1678058033309,880.7673381111811,886.3973202810068,858.432612212314,806.4021875986938,755.5085158818138,728.6859217980744,738.6414601165764,772.7458354494485,807.5534161361822,816.9870565928179,790.0607607970541,738.7294349748503,688.0338132289701,663.5140126577161,674.5710107710631,710.9769379118223,746.4134879885523,756.32388923139,731.0837073010024,682.4469838797402,634.5718053216024,610.8456446057081,620.6365651864944,653.2952428308046,687.2063689802033,696.63250130284,671.3408781192228,621.6684012313901,573.2629568743815,550.0501853664936,561.6364358594928,597.2944549618553,633.5871236398898,643.7968729619067,619.6614301143557,568.8083287683678,519.0258859905824,495.2471437133248
918.0482459795071,887.3369248179828,868.2279837814847,878.6171755271183,910.9087092255593,941.7983205954002,952.5037711447874,933.2524063090356,892.8415821287344,851.9948738496756,831.5963446040116,841.1884192079989,871.2342100016883,902.4966032846008,913.4437971631303,894.7188774066653,854.0009126480634,812.1370083409735,791.3880062714809,799.66955952763,829.1841727689832,860.1061902809196,870.8866219560823,708.392971921545,812.3910894565183,772.8905982578862,755.152651157724,766.292702429576,798.4701001581182,830.1304344790514,839.4037940069245,819.2963658138833,779.4174512181806,739.778609529853,721.2560514379836,731.6069145781522,762.6208982916878,792.4519478320343,801.295135835928,780.3458832707954,739.6295417264886,699.1635687110472,677.8990544935648,685.613897011103,715.2125182202711,745.7196785781017,756.0938726267668,736.9089309851175,697.4314815639517,657.4664033652311,639.0839947872955
560.9900801518678,519.0915810217655,489.3740409353461,497.5907035811049,529.0815238593389,559.1516623564603,565.347156287443,538.6095402444812,488.45607429063875,436.5345414485307,408.5151973717918,416.8751031856091,449.51934321879,482.6154030570274,488.19063031270196,459.6105295533981,409.56261711215825,360.38397582956713,336.6821758028457,346.9358612462047,381.13729626111217,417.5892647883861,428.4857053385448,405.25472500126955,357.3674232916901,308.51442598069843,284.71386159663757,295.17676236199395,331.69549993564806,367.8033007348579,380.69641639489635,359.4749615102131,313.2615778210087,266.9748328390956,243.1707374735986,254.8783345950951,291.6826127081779,328.1823885952415,339.5791737198882,317.43908359060003,269.52717766673743,222.609416813984,200.99584842442255,214.99220902016214,252.73606269965705,290.69089153935124,304.6229434812541,283.7623092637998,238.41742894365768,194.134191398177,174.31043016288322
910.1072959705274,849.494350668097,795.2346119134954,783.042896216089,795.7498059373344,811.203310600875,803.8245711989188,758.0674040701613,686.8408453047701,612.2445054133802,567.7507065693526,382.5400932668574,595.5520604751749,626.748513617842,631.5215548755026,597.5675162707777,535.2343382072637,470.42609749712165,438.5675001622608,447.69748018088853,486.2971627327523,525.3828388980469,537.2281664943597,510.04521764277285,452.516913902174,395.5442781672257,366.32733663615363,377.8287969749399,418.6987110997544,459.03481365523317,470.98295541510663,444.4533457712829,390.63110198663526,337.8494145083655,314.5425554865342,331.4190237308178,376.1628653895581,420.9515669746122,437.64326537724094,414.6730256852528,363.9135138912752,312.8314171413923,290.3047892749112,308.0424109275383,354.18939607076015,400.2852996158581,418.8374119565075,397.72204783728193,348.7121247253508,299.70001057641446,278.936278406718
646.3099425648041,599.0419223319402,565.8818031059412,570.3443382184432,600.6622298629383,631.2866533231895,631.8362612456291,596.4710254714528,539.2459461658472,481.4138641878949,451.82008978363626,456.8882322668935,486.8689023657845,518.0650466943541,526.5289701621633,500.7650213955693,451.4403939269274,401.4735672294994,376.24200463922523,385.85440737444833,419.34566788762174,453.41635990658483,460.68214449488335,433.8468215231477,382.0348146650175,331.9029665632945,305.4794621799382,313.942939376773,348.21064556817726,383.67612202458395,395.51552613789397,373.61139905173206,326.87442540497045,280.36448977857754,258.8683392730562,272.5081383448653,310.608461699372,347.68211971926735,360.29388783622574,338.1076817569693,291.59306612641853,244.83877605703208,224.94618768436692,239.61037946434658,278.8569785764457,317.71407304883815,332.67965294574094,313.5035883201274,270.36460053974815,227.05517543390567,207.58368312182927
699.7253610838089,659.2647980878012,635.7240485168244,650.101144238291,690.3886333972011,539.892822197532,741.9294856255282,717.0403351072825,665.3120992966408,613.1076369170526,586.3443653834557,597.8241223199927,634.8729502295348,671.46674396091,680.6210152134407,651.4336716402244,595.7233277112764,541.5659951462765,513.0735346620801,522.874060413576,424.47339624068013,598.4760567693656,607.7237882065018,579.2389898029893,522.5105565901883,467.48130296389763,438.48607762880135,448.8151239905749,483.8618705565116,519.9653227930278,529.1355653797679,499.57645755041483,444.979132499244,391.30550938578176,364.7989821181699,377.6123862426234,417.5806750926465,456.0275531100376,465.4838940895514,439.3927394800902,386.10204050046684,334.6176299101445,309.8568673500712,322.489816112468,363.7037580290041,405.09120948595205,418.52125624212806,394.9812763960347,343.5509264849003,292.96359000395375,269.9422453528781
662.8656153725336,625.4697385692533,601.3588532616736,608.7700355838093,637.2991897531831,664.6886369470433,670.6037113616525,641.3049828634855,588.8675782921325,534.9368294121315,506.2757741693995,510.87996092905485,537.7074627792463,564.5344292074024,568.2143067083813,542.0142357369906,492.22961643206304,444.12832218860774,421.0587497026852,429.45464911117404,461.7683002045128,493.0396460614468,501.89153866070785,479.9321344130482,435.05377235406445,390.03137920722077,367.8988446489225,379.174367586873,411.9792199426465,444.0929091007197,452.2355263477806,428.3480404256155,381.1719675898793,335.4525514785304,313.4723615571845,325.14183157980517,360.7360660057534,395.5990577457367,408.1958563293207,387.8212018120356,254.60831486836287,301.88961059082885,280.76939172972584,291.13303114578855,325.2990264272164,358.2708712105184,369.0468455444876,345.8942008542376,301.2830295500113,256.4313902478541,234.8761902727358
812.8360914460841,772.8805055859402,745.2693889992668,750.5054242930416,775.0044348899194,798.2559153011556,798.3695960038661,768.0734679211688,718.3013806351462,665.2439498671756,637.4511868042239,643.2304661704477,670.4712545307489,699.2138721510493,705.0303189846137,676.7072494665254,626.3249787797793,576.6647944034896,549.7438650079418,554.1233195861848,581.2425094728073,609.8321716527083,614.3103532305032,467.79098150030404,447.23183219823557,488.3514165892336,457.2148295631998,461.7421495307076,490.90531663650563,520.5933142794644,529.0768010579894,506.74372425110937,461.4569042636989,416.1743464569113,393.71425012115265,404.01899234655184,437.14670144625825,469.72043003659644,478.7552682751003,456.1753333470763,410.4897672327917,364.880919839709,342.61396726341945,353.125587903653,385.75520794100896,418.53900359610986,429.58317141318264,407.6892531769382,363.6557571173895,319.86367306294017,188.81978500135745
841.803833349048,805.2378564467871,783.2460049455743,796.2287912303606,833.912918885769,871.28097349109,884.3880490090392,862.8417978962352,817.221870267782,771.6612187016839,749.3362418987973,618.7227623298922,795.7681016143523,829.9080341338752,839.0036200876664,814.6961345207213,764.5706564895635,715.3768772928887,691.9308058259079,703.0462548528582,737.1721878778243,432.4241995995628,779.5471873552353,753.5907611500339,704.697109074183,657.9152551757378,635.3212608205507,647.6113461569086,685.031041984883,723.3375721080167,736.8991939885029,716.0151006473928,670.6433008497745,625.202520340492,601.9596209352438,613.8398826934148,651.3251115452791,689.4869402141624,703.6201155741019,682.4733663363207,635.7975966513875,589.5375608982176,566.6663563194401,577.7434229871172,613.2680370728717,649.7897777692767,444.9333426412762,471.2992388232527,591.6289814074592,544.6657836503184,522.1366940605161
578.1785568067195,533.2986046191475,503.17291434115975,511.9564139166432,348.7076841906048,585.3052380477386,596.4637144836014,570.4083882188056,515.1559302249099,462.50563204768423,436.609044360271,447.9389383226985,487.5735526899242,527.5050548173426,538.4185147375898,390.4125471086628,455.17269407484275,399.5464228455112,370.04133513214936,379.3782671575873,415.3634282348527,452.9938788249533,464.1346614229532,435.2799779252915,203.19883554900002,326.80846865945114,300.6307998422725,313.6924232771564,355.17518446954375,163.97247153262424,408.8606909831393,384.275964624239,332.25285846508064,280.52844984343733,255.8531714291322,269.38672068750907,310.34618631444516,351.329160731779,365.7908655209668,342.3175206410625,291.8487489293841,241.10006160130445,24.969863197092764,230.01784790161219,271.5569098718472,313.148281925334,327.81972815343636,304.61564790142916,255.15301240045778,206.03812065172008,183.877622395475
898.5602500521959,855.5170725605708,721.7203893456958,691.8395762643055,854.6545835863878,883.3869515922753,890.1873436748525,863.0171009830541,812.6718971242769,445.00231696586275,731.2578723581037,735.558115069555,765.8416105991284,795.5518440143888,801.4467823655997,773.1827677593312,723.8518715325067,675.624811464764,649.7410677396495,657.4886982791329,689.7777717662134,721.3393968602192,728.9399740587361,703.059963327848,654.8381557781775,605.3761136864537,579.9399567661176,588.944191140132,621.8864276561283,655.3740246900182,665.8362652708109,641.51645893094,592.6011081871753,544.8091794695756,521.4089263363296,533.0371829839669,570.038115873833,606.3528722585539,618.6541619689011,597.1369268065482,551.7287890992785,506.94940494507284,487.1083186714818,500.87446308797735,538.5455330329577,575.1626305098131,588.765725584847,568.9264517731057,524.6372037050472,480.3421257876695,365.42831513047065
971.3262637673388,937.3550417139056,915.029230710094,922.3091700519076,952.0274440410503,982.2341677899408,988.6045578539483,964.0618575406047,917.8411239031375,872.503479295109,847.2978030661232,851.3245765465892,877.1983168411205,902.7610063533148,908.325024508546,884.5227871640562,841.4856545299747,798.6211175526919,776.2126512687953,784.0082934326799,812.0887225453421,839.5168482588695,846.0380245474644,822.7596910388241,778.8286922129166,735.00141063252,712.3686339942817,719.1078146362561,748.2533590426076,776.2026917075996,783.9385964891335,763.7724888711231,721.8184253267351,679.4519684088673,658.2439024508169,667.5344552059858,696.6215023438906,724.3235560580113,732.41182228394,712.7189840525501,672.3246231642444,631.171713861003,610.7842504456851,620.8168020333267,652.2962136048126,683.3006381873206,693.3048231004211,673.7213838695309,631.7463486236212,590.6004664259193,570.2254194078544
784.2539376392253,739.6996946605361,711.4435096386494,725.4767152255818,768.9277036426607,813.3052228986503,826.7109024475722,799.1521709636772,741.8995661883536,684.5824865920781,551.9700667692393,673.8191298479883,718.6266193308333,762.4959554441195,776.0608520994626,749.391977775614,692.0811368273986,635.5381148721729,608.1104667641448,624.2465547898469,669.6934864164213,714.6909599970015,731.2869093958268,706.0533991928625,650.2019865680546,592.310097315032,564.1932072852967,577.7921061449085,623.3096898123582,669.3223852965582,685.0681263014374,658.5063090267059,601.2878560413401,542.9680400017439,516.3891847126677,532.3598507832971,577.4643793741908,622.052520184644,636.4431264988459,607.8948655206492,551.2637838657363,494.82981697614787,466.9578354969551,482.0962429919614,526.5612228793996,571.9832109873653,587.9450950605865,561.8397279265043,505.36020733155374,449.2723460288885,423.40897155182824
894.0592128598447,852.3997900047202,726.8996905722563,839.1157462300882,878.2863166782512,917.6947824821237,930.7036982140462,904.4761573293837,850.6125973847985,795.4845890172987,768.0596458124437,780.3127787096284,819.1985300446321,859.0418001310917,872.8239460870989,848.0381727859797,794.8943411707368,740.8097685660766,713.0526414463059,724.2971666254905,760.9817165496191,799.5255499188742,810.9675212264267,783.549714323985,729.2320985790205,676.0672523671954,649.6587662433205,661.0369152929568,701.1728437175537,741.9620376750773,755.419542747064,730.9848582918578,678.4933961357276,625.7779073856584,601.4101687143238,615.1612346119953,657.4573534083466,699.5708636529431,714.7631229427438,689.9303487206082,636.4804756524418,580.8093018885551,555.117737689726,569.6389089735948,611.5379943306461,653.5352603539396,668.3681462553932,643.296311077128,591.3738667741029,538.6590982701049,514.0338908156625
631.0595544324397,435.50641282977176,557.2246535617157,562.5885703086856,593.080671153808,627.0916076970061,633.669276980909,430.1530840091292,551.5421948491228,496.74616004968334,303.0025502561218,475.9076982645995,507.83659557725764,540.4486715816631,546.3074622716574,514.5282322532927,457.36234881079645,403.92237964297374,375.6153041328248,383.342980130549,417.4683392979655,298.84094755398417,464.8172863737723,439.15265120693186,387.1753894011813,336.7331708694951,312.222339255168,324.9826256620688,363.5076863654717,401.85357058801355,414.30311925752494,230.81879523712234,336.5210220922635,284.9333565957909,259.17257990524286,269.0099316958908,305.96389666146774,342.31092153441637,353.4824397104901,328.97052154132564,120.04798173851009,228.15767971662729,201.80419421309512,211.26820512908603,248.15817264453187,284.10649959474677,293.3599025464839,267.93805761299063,218.14029920534142,168.3235497221068,145.22166214879803
682.6402276071112,630.3717144590304,589.0082849106811,584.3204165085168,606.7067647519251,632.6803542087686,629.3718779277579,593.1426754930388,535.3500800906935,480.3398363216694,451.32213536354516,459.81530812999983,491.56214789399166,526.1211668711024,534.00006972256,506.49432910826977,453.52284978440673,400.5518999184825,372.7733633455657,380.2958174659849,415.3640397199357,450.22893356178486,460.6057095722324,435.6896605567681,384.22222123820086,334.3902545179616,309.51853570524963,321.4598322684677,357.53636787386733,393.31252375955285,403.0576796972448,377.85763374955627,328.51003287883555,280.31900831486075,257.38526061368566,271.0622937088991,-5.97977627960131,349.8855127420039,364.3328941698878,343.28330750110763,296.71133494228684,250.50235110557628,230.6181730360545,246.87235692081515,288.55296930694067,329.8475744836559,345.66770402564794,326.0880146125097,281.4494620698961,236.5242167159363,217.39819111419843
537.3096196341224,494.25711587772184,467.16635864275804,477.7553798045965,515.9812555374594,552.2451794595554,563.6623693559836,535.4731474673861,480.5570335675461,248.50375628239908,398.4425896454097,410.86905362307493,306.02184354038036,486.5559393448441,494.189035189288,465.27413745395836,409.39972326146676,352.2787595090231,322.25781411978096,331.8013359057866,369.7143426552932,408.887497832739,420.810056052723,393.5747960367902,340.9996263378357,286.1578101839882,259.59353433361025,271.09479418028036,309.53993780389624,347.17103426932636,354.8872727056348,326.2368313406431,269.58216886806497,215.3991387453582,188.76170924694998,85.0142534394954,240.2995899361672,278.831572605279,290.36502143185794,264.4763475652038,212.27739975271368,160.67585965394812,137.18984168665065,151.60723114536063,193.99390539402577,235.64982777467094,250.99768451682985,225.77732640472823,172.78098296069868,121.20821791235369,97.70730355723913
670.317732994755,626.2763861556768,598.4872603082783,604.2837107281732,634.8892389099178,667.4184556861588,674.5953238636665,645.4819989487697,591.628043871558,537.2330574744028,507.9302287469782,514.7364599343075,548.2485584328808,579.3098343902417,584.0042432839012,552.8953278386589,496.6075048170901,440.6062727819651,412.2628612133176,420.8766410377973,454.10349772934705,488.93770715360176,497.6734165100685,470.8480498128217,419.06770290272243,368.7372289769776,344.2575570734398,356.59008427538515,393.78862229433525,430.6708305822725,443.1262352643595,419.9049127405417,370.78885530575974,323.0572692543635,300.79627679687405,314.53499474643695,353.11599670970486,391.9572011941642,405.32597551507854,384.1609176289153,338.65651775552294,293.0287422680004,272.1158306329544,286.28369364617083,325.78771417906535,365.495751429435,380.0578757990405,213.63276487124335,313.2468626385561,266.9933530197633,246.25887458781494
966.5424043451211,925.4415936888026,898.7912261481641,907.8450340872232,940.1529210310285,974.376869937399,982.0897798435692,955.4378433981079,903.0042350833213,851.0821042312257,823.2764679820228,831.4662583297013,640.7547838932085,899.1500305253186,908.906425454554,883.872046137217,833.7381774424156,783.4460152805959,757.0155055723009,765.8288243957516,638.3221422435247,835.9913415459845,844.563696560469,815.8002471113716,763.1081391024117,711.5937952316622,685.3025372706676,693.9043680320513,727.2563019484877,758.9947719002599,767.0339070493367,737.8503083770386,684.9109565498961,631.8538628825415,600.2685430373182,602.6588358049614,630.5548699423026,660.317434244234,667.3946535963139,639.8245676600186,586.4883350886541,535.5806752547845,510.5174384081139,520.2888855430426,555.8148112813572,592.6647857477554,602.5932206386465,577.7584024006568,527.6729206958123,477.5411739332977,453.1529346826252
639.5987601676428,596.5176472273489,568.2862726099835,579.5829501747011,614.1916921013834,648.7892130949276,660.3289374647231,632.8383167675208,577.0797401571534,520.4784428010947,492.1225690553807,502.0764654930357,540.215822736072,576.7872959425072,587.6520476983976,561.0720757097321,507.47607609979934,454.5880414934817,430.1229165965643,442.51616298778083,480.3830098392783,518.983561605555,531.9597019188582,505.82265960086727,452.9620187549191,399.4088940248545,183.82910079112025,385.1459390023298,422.89591187280564,461.59109935862307,474.80359669280574,450.5520936330953,396.9239580119365,343.9335302832568,317.7647681113773,328.96309110619734,365.9836973724697,402.9551070464622,414.22036590950484,388.41973165581396,336.0971999180365,283.9825559703729,257.77581783165317,269.80617778055705,309.2076360735057,347.89773162361485,362.4259078640223,338.86142412325125,288.91052571492037,239.5044864208869,11.09155527460348
738.6387459472224,699.1143183337165,671.4846120436857,677.1134977828087,707.6739314390611,737.9905205630847,742.6319678936212,711.8280273888714,655.9595287203263,604.0814538976254,576.0655353570799,582.2496645120634,611.1252130915825,639.7613336712369,647.3531641761061,620.6103857359151,568.8983152204269,517.1901540666809,490.47430677944953,496.4463979860361,527.7631102269102,559.416056003469,568.2039279566903,542.6244321958236,493.1133061147941,352.9886733543427,413.68968622276384,301.9385749981665,454.414998571581,487.07462349660466,497.13596617456017,474.21916886809095,427.56563710179637,381.4688710618025,360.0043569931504,371.90745313502225,407.8235904436747,444.49243776774495,456.90159998012234,435.8924356631171,391.18127962653546,346.4881079596652,325.79924213035133,338.2478400682621,374.394028524394,411.3534413954136,424.2892269082473,402.8734389425857,356.9068444989665,311.8077283379329,290.4454000933815
753.1989927883914,707.4110640195864,679.2581032718346,684.8891277730116,717.9510832657256,749.5301742848792,755.79448059774,720.8734833934648,660.8408236292457,603.8259529788235,572.3552139609457,580.3162480382197,613.5743108059314,648.5927793553001,656.7317130870706,628.4003347665279,574.3354530993001,518.5916001058939,490.4557123450255,500.149608933723,536.9498977291746,574.0826701074682,585.14954589796,559.5947022588904,508.4589591802712,458.28204969249543,433.2425973223375,445.12069184520067,483.84495058940956,522.8724078617515,535.6857055622511,512.094477617478,461.8318817003209,410.132240211473,384.7536794657698,397.6200549807505,436.61767467050504,473.5263187457406,485.95933354750764,462.78480439797124,412.83587962198123,361.6793264453552,337.96206590905865,351.14525751364647,391.2101546419532,430.62017701211994,443.0725770523736,418.0877238386522,366.6371405214028,316.0698906462285,291.4495168808095
1180.799247979642,1144.0355212349355,1120.903426091395,1131.3574059187222,1166.910549800506,1202.8597348188127,1213.7569421097483,1188.2292021834587,1135.9705158922088,1082.2499093494323,1054.3372361349388,1059.1787840380682,1087.727480171602,1116.8984248716524,1122.1687246128263,1094.3268260052141,1043.7382338597818,992.4936830759768,966.1696338146807,974.4383351804017,1007.9058819852759,1039.4146580623465,1046.608885098653,1017.5340599685812,964.9690128329381,911.6116660785631,883.8110688470734,892.1888994038281,925.0787367351239,960.824445836265,972.0172119508553,946.1454565282702,815.5537847510866,845.6057222492288,819.3831797106196,825.7941158934061,860.4694447592789,894.1749158948049,902.8252047622735,877.4943099085908,827.0482827832163,576.5726686008552,755.9458944541678,767.429631371826,802.7783551074529,836.7480775886437,846.1062908599621,820.6681787894505,772.2375713491522,724.1967419108252,700.64266378469
517.1960977492893,482.93110901023704,340.946540081223,469.2785865540917,499.7213206206269,530.7389741736016,539.591833315689,518.9923890275971,475.2726604480723,432.59414628056436,412.90389124211356,424.1925685474906,456.45232448962145,487.81717388877644,496.6263790910941,474.417695005739,429.194965248077,384.0654561549121,361.18971880459594,370.25301007708583,401.7525090826856,433.3882784911858,444.40646925901933,424.92650574720506,382.1939378350784,338.9465754332681,318.3484296300776,328.16253652965486,360.23620839212765,392.54479085946616,403.14246045156756,383.12362439394565,341.361881788024,299.4480989978591,278.50204478704563,286.92276510706404,316.53797933159274,347.37485448798964,357.70374555587364,338.0298595536417,296.88491092043296,83.75094018087896,234.22506273203885,243.45106702250348,275.90995185556517,309.34332381505135,321.8937365732862,303.67690320857014,263.39714192563736,223.25704729394408,204.99958520129212
670.6399048110304,621.859594206086,588.5973707365947,587.8151150609386,611.7943005165708,639.5061201429983,641.5250639607643,607.7890791565076,549.9725232583072,493.719181606136,464.8501853461569,473.8097035021277,508.16792692980255,541.4023932441605,547.7516187165265,518.7198021462522,465.64586740358493,411.1856050354578,381.38094668378153,387.8905658660718,424.0196049323541,462.86968911677627,475.9735950627394,453.26203404869636,405.43720557406584,357.3745738008496,334.8445879104854,348.04106168873943,387.21614654737493,427.35709027439907,441.5412150625177,419.59573072841397,372.00789348209696,324.1475878530654,302.0276592079613,315.10148437946725,353.71148882544924,391.50352851734715,404.86061612110825,382.6579084765855,333.8562629195428,285.14881105001905,262.93571478754734,276.24074441732216,316.61100068884775,356.8944239417574,371.96879820901404,351.3756768873409,304.8624057175414,257.42598012897315,235.98703139241638
761.0486162667146,715.5316255895333,686.1246097191031,694.1305347373233,728.2748175539159,762.0238086205535,766.724288828238,736.2443549569383,678.910499633032,620.9759503034558,591.883874823455,599.343415260436,635.9105352726822,672.5432021105074,682.8924695958746,657.3033443110965,605.2468795664774,554.4280826896946,528.4652860605795,538.5554601232549,575.5855844598573,614.411054087877,627.4804530731711,604.585094301407,555.4399207902427,506.7564449175419,484.2003635413814,497.9712930302434,537.7109441187883,577.6070779430414,591.580306364989,568.1182719296244,517.8267323223573,466.8146455083905,441.17568727517187,452.51695336654495,490.8990730028536,529.860022657933,542.6099707576897,519.1681483800148,468.40385262254256,417.4536567699988,393.2263720519434,405.94400183007144,444.81957544280465,482.1654626630019,495.0032327099308,472.112303550898,423.81763364160486,375.8164408893688,353.4588475604685
600.8539645798132,554.7721813022173,523.0140448989479,528.1440272667147,556.4677655365197,586.0116933368075,593.5490209263643,564.9378880491353,510.6837289701882,457.08700016551927,429.2198331415226,435.61371303146063,289.7561610056639,504.4524834509665,516.0564794630487,493.29208731441986,445.0306764126419,395.1991924051782,371.089784706828,279.27277709623945,417.75783661223227,454.3827631922935,466.22380486939767,441.9642237321982,391.2455721045135,341.71580898763625,317.72901113713567,329.82208207796145,367.9301102814511,406.2772368644054,417.86404238521015,394.80477996442164,346.0014417078763,297.9045959491244,275.77696972139836,289.5641855354412,329.2848553859351,185.29341628002862,384.7292923082458,363.8244018587061,317.1092858088724,269.88696564502175,248.7767748608129,263.1702801756502,303.7399769248019,344.8836555023098,360.24008066253407,338.99074639437856,292.29085997173286,245.32583524593065,223.46003073215923
1009.8456633805254,951.5615572418642,903.3840395485669,897.8036695913838,922.2914294677487,945.7648624326401,944.4236488611094,904.2776725355283,834.159465380432,765.0922552380355,722.944165455369,725.2274796846043,759.1853253628719,792.5228222081661,797.8587426271173,763.2462178940991,703.9638463402641,644.3190686351081,613.307965181945,620.6190419418315,656.7989043776686,690.4055341863924,695.4094032423098,659.8661115903044,601.2175733338283,543.5047886927841,515.8355096141253,526.0585786033823,562.09714577256,597.4108192658585,606.0000667536168,576.0227570297052,519.5176743846031,464.90629641113287,438.64063468965753,450.5991116490686,386.99060655358903,531.4932378875313,544.7513169890007,519.916445373756,469.423553846981,418.3335497353006,394.9093550486497,409.4610092670829,451.10893344846033,493.6931214831992,509.23639417945117,487.29876962217793,439.24236055966037,390.7247931800463,369.26892493355365
1110.635630801789,1074.9332579827392,1051.177274629531,1059.87410839729,1091.2908484978134,1122.5013100751958,1131.4869631419392,1107.610394725174,1062.4890360785037,1018.0050886347648,994.8924492035671,1004.9209553919856,1037.5873051937785,886.444959801726,1081.6151833994434,1059.9870132784135,1015.6806909237937,970.929702421669,840.083247966488,957.4622400968968,988.4327316104179,1021.0451151334604,1029.706812641247,1007.2419283121515,962.7960463686768,918.5138106694645,896.2657810348496,905.3550085686892,936.9171211742071,966.2999228823047,972.573894071091,947.7726911307145,895.6285815243115,847.9340397280288,822.9528400425804,828.3918975481387,856.7330669571711,884.2217808267281,891.486097917927,868.4495504872618,823.3494800625318,776.6989416666547,754.9561944617246,764.8091469489137,798.2116782253821,831.0167142161455,841.1882331249888,820.4764256434636,776.4977937329016,733.4074483909005,712.3706159490662
727.6414751602858,683.1992952712544,655.6233309226105,664.5079156334261,701.7622078800835,738.8254835769053,750.3992847427053,725.2912885798025,673.7220734423947,621.6621396632768,595.88713682681,608.5910364992108,646.9561837525689,683.1437519990845,690.06308681471,660.1426200218306,603.5062515609086,547.4076843149724,516.6543268898084,523.7421293218447,559.8308854746142,597.7132292265353,609.07490362047,582.5288518692356,529.2751669100646,476.31207116322184,448.8387505995846,456.9524210554455,491.0570252744892,524.9899031937448,533.8310757357981,507.9284314303924,456.4846334976197,404.75976857119554,380.48192005602266,394.7247684948686,436.7536034305258,479.6509518178375,495.13992819988175,472.56230189861014,423.6126714166825,374.61821036404535,352.1572997627701,367.57206495665514,409.80733528004123,452.3885027069173,467.92043412000953,444.7480116538227,395.14711114332897,345.3073499436987,322.73038201730003
869.283773703037,827.8263699192754,801.0268094955328,807.1766018646625,836.4115363633007,866.8315211120245,873.1132205278855,845.8062229563362,797.2823289704372,748.0595503570872,723.3874776110009,733.4448922354296,767.615200473334,801.7439703704123,809.6482142483569,784.1133654460821,734.5461250440646,685.980898818082,661.6500867374936,670.9495544125504,703.56217104401,736.6267039120868,744.4811920987731,717.5050005715318,667.0039224357563,617.1646380190317,593.7502679943435,604.6933036868944,640.0943260940473,676.0791345274075,688.7641540397522,666.980054208984,620.6429663933803,572.8977844450013,549.7393374095069,561.2197674032421,596.5022069177919,632.6968668359876,643.9937282150652,622.441176153591,576.6569842495195,530.0113217644257,507.5209668597787,519.867892900496,556.15210436986,592.4709105095582,605.5875399763979,585.3513618870669,540.7216442789326,496.4167057692305,289.8940890798233
437.26939500524827,389.1417880993215,359.0898289545621,369.0884635308489,407.8612612040222,444.4209203327946,449.58787676158033,417.64491281540904,358.1506200528886,296.94807308381905,263.83782821926343,268.98369380017084,304.2777246599287,339.0530960150684,345.66646800683304,309.44966186598583,243.941306170492,176.46048974747328,3.150911927196148,142.52863305374171,174.87770503531078,211.32149534998143,220.36394653825607,189.63952720359578,-58.690304237508826,74.0685441575315,44.47422552575017,56.203772501934964,98.5778073833817,140.0309022952331,152.8317873761904,124.285333249583,65.85609649788978,-156.11661968285784,-16.5435869364253,-2.287760790971106,42.28859232362561,86.00109943343705,102.47682567632717,78.50390651947691,26.347758760930105,-25.420308309850043,-48.44912054572717,-30.816580594771494,15.623385949521207,62.51666405881588,80.93050694376325,58.56523312709055,7.572803812032021,-43.187631563626496,-65.11106828014033
681.5432451939494,646.5764609812633,624.1284996801749,632.5188040289125,662.9649045957227,693.947873359386,702.3992962453382,678.9703324572097,635.0305144922189,588.8148174322145,564.8035572476115,572.0780278724541,601.3179273956251,632.7301910268075,641.2189835535233,620.3812944717262,577.4570198207988,534.4170133927149,513.8725532606643,523.2083251037358,554.9346654492937,584.0814877730095,590.0355337938173,566.2086128644345,518.5755769284802,472.26640265313756,449.0732570432383,455.9955805717967,485.85172955050336,516.8464424254817,525.4635397171054,503.9932180735042,460.53002706236794,417.84780377996833,396.67870786869867,406.4228987760922,439.62288283354303,367.59299989757676,483.71327968057506,463.4866634469864,420.3212239108393,377.8252587984391,250.01894723014925,369.92472362690694,404.20857693482355,438.65420680825105,450.64958344379954,431.7422422996617,390.6160156789524,349.15084622307177,330.3133213998367
584.2675985345064,538.7387570881431,509.47797943394926,520.9714292145561,560.975699115071,599.6849805251264,611.0692023619042,581.2936108625291,523.9125146049242,466.0090243489135,200.84092858726513,435.7855489928695,467.4853795258881,502.039589041328,509.43826893876417,477.4189746317478,416.17989110868655,211.22919954500162,326.98447031417754,336.9192840940682,376.34317439997915,417.81255693151263,430.8565548405745,404.2480966178333,349.4144293594235,294.4744065787256,268.2142189808883,283.2058578528813,69.14720766200548,370.6520191508697,384.5049592407554,357.23253163350375,300.6097248600968,245.48710151243972,218.9915834341391,232.73266176915695,275.57692965428544,318.0363405885404,331.95713755759584,306.2003885512253,253.6528868968826,80.58501456971203,177.0733442346359,191.7684879421456,235.8535352528961,279.3490873447598,295.031656930317,270.4948041337294,218.12993426651315,165.4847951899294,140.9721106292884
924.6628458063332,867.941716645066,827.7846061594092,825.9182237432567,843.4492287641899,863.8294290278736,862.4325099402523,827.5097319369636,770.1271618730648,717.7160210917757,687.8262957665419,694.2456708361071,723.1379792191285,750.848357288329,753.3701695486694,722.0833960608942,664.7630532863741,606.5428636695053,575.6423085791386,579.0134057222886,609.3862329679266,642.8932836787742,652.476867222114,627.658354410287,578.625386797044,529.3528560298967,506.60672396682173,515.4880446213435,549.1179987273615,582.5406713592026,588.4703693566875,560.8571417061652,510.43013038924744,461.41393140286254,328.3260307871417,446.9538846771525,481.17411569858086,516.1084444878895,526.8796510615811,504.0872094085595,458.8048976879585,413.9969624594695,392.9579775942274,406.91586907582814,300.501305993198,484.51262611573384,498.764176699255,478.96311088848097,435.7107638416593,392.58367872793826,373.80329435462875
1157.9983275912668,1113.3799835853492,1084.3452308809146,1089.9086866801326,1122.9413517695104,1157.5219783898674,1165.3552346445413,1133.895957567403,1076.2922126017017,1017.1817626887974,985.8139560152828,989.4392399295006,1017.790408375082,1044.3195212613691,1048.3227537735734,1016.3562617309703,955.2847745867102,895.2322730910852,860.0422093182414,859.949613287081,888.1246583784168,917.4782245156285,921.7890327302451,893.0498459079408,838.0745504085385,786.9463533309682,763.4321419709034,775.7018544018077,813.3953423352248,852.2533574636576,865.1263639742339,841.5565809123439,792.2339667263712,743.5513883569967,486.6526425374482,732.4251005041439,768.6315646776977,804.8823258579831,816.5811367652972,793.3348136167756,744.3115863267136,695.7875953101936,671.8106615486087,683.6888071211464,720.9656544432097,544.1506859132696,772.0692343787274,749.2557728137061,701.3101034829527,653.0549238188687,630.7981269594444
877.2670645565188,836.6956776774385,809.8708464738469,815.6220972923394,847.7950875682585,882.4139139454082,892.7876448897705,866.8851516042687,815.4717287168481,764.325349675108,516.4075006619071,746.1416929245198,781.9951136158039,818.9311128062918,830.5050822607391,806.6867962043665,757.8807409919065,708.3450863047623,685.4448327180356,697.2534186226827,733.6012871543963,770.5419722462143,783.2275964313719,760.0570090063133,711.132260909454,662.3544552757545,639.6663935247683,652.0443589606881,689.1569833765831,726.6380098670013,738.532699876012,714.2414853379224,664.0358619522644,614.7893547507593,590.7282162937455,603.8308807626073,641.4352127127332,678.4345746261899,689.7599962795161,665.3306829309989,614.9219882090158,565.2311690690813,540.2553418140675,551.2763220647406,587.1361576762984,624.1526784868879,635.8478740624134,613.1206171556644,566.0761532995982,518.6761338540439,496.8644140128912
791.3553983246117,753.6284189604121,729.2422437349599,734.2036209009389,762.7228600010535,790.0959571652168,796.5654405507678,772.3527433423264,726.3322400036739,680.2105462746654,656.7127622090284,663.5758981857598,692.7049577466128,720.1787812116493,726.2893024508064,699.5343231155974,648.7538099168953,601.0718762515187,573.8508772337238,576.6840044942992,603.4076977902516,631.5787687167722,636.8010090056157,611.1197124348968,564.551078127249,515.8154242471594,487.04801221075354,493.0267379782954,521.72189879295,550.5951579281989,558.4696340446669,535.1098277963191,490.16959045844476,448.78279834989917,428.34400659250355,129.68715516605334,470.464391281806,501.729628047741,512.3452310562532,490.7495359613778,229.78606455516342,407.62138631963296,389.27740186112055,401.4052177754735,435.5372682122095,470.04048718815784,482.9214370691484,464.6737652902809,424.5801761717156,385.1816928819013,366.98702717174683
925.2288605384155,884.8061507424803,855.2053568383054,859.1384156270182,887.2521126034237,914.339660827151,917.0882076179771,889.1064676731239,839.259732703294,790.3489723277424,762.848718688523,767.7969385521732,795.0055308815995,821.5831712496956,827.620699373392,801.45035251198,750.9772941790759,701.2166730690818,673.0391110433258,676.2522570430782,703.1803831926561,728.1955102942509,733.5875025284449,708.4971005301983,663.3247628477741,618.0338572207405,593.0808827744535,602.2337283333803,632.4076311516351,661.3818138136276,668.9956295123145,644.5974606324131,597.8601876063389,551.3001315714413,528.0548474498561,537.5307900987051,568.8163661405545,599.0059618371492,606.4023526860456,582.3408576108492,537.0570068835544,492.03903349823577,470.3136934466819,479.4903473633693,511.0521508145396,543.213918534771,553.0401487769134,532.1034112319112,490.26192468405577,449.21601771612495,429.8181112518163
750.8187459753223,710.5197653238051,684.395514194625,692.7116046124895,723.9593520965185,756.3841622897264,764.8822285594837,741.453033781143,692.7720284149854,644.1350591449539,619.0396644578899,629.3788078734958,663.6838878133848,697.3643746498899,708.1890315238082,683.3610952908174,633.0430183265793,584.0813618690274,559.0879287976037,568.3249176470124,601.6861452404765,634.6134149269103,508.8269306415334,619.9657269229741,570.7912795644849,523.1611779208997,500.3383256594344,511.7359219590269,548.5069414940286,585.6817615157199,599.5794094834761,579.2935739426133,533.7255479976902,487.94035491001864,467.1995391539091,480.39827433824826,518.2710942000739,555.8752656279751,569.002937718412,546.598746364106,499.69217642209014,452.9408057447423,430.89865917246345,443.9006952478501,480.81716800030426,518.3376212855037,531.0497928867366,508.4893702546492,462.1690654155209,416.05060087150457,395.0927822060247
1020.6944225062929,962.7560995729818,915.3656300865608,908.5724917387811,926.2225735183328,943.5192499239986,929.614982101029,878.626428614193,802.5004432049606,724.0551433095193,681.0039828792386,680.3694236379572,710.9268272168409,743.0123629836071,748.3611999760424,717.3096133969159,657.9162701420095,482.7360842099167,572.0307414085727,583.6672243458916,622.4579649935205,658.8121977050316,669.2606747538302,638.4771693275727,579.1995811502562,516.5631295429448,486.54159280152965,494.800224971131,532.1716720434282,570.3796611834905,582.5506704535371,555.4498093954276,503.06734686109303,452.59800478684633,287.10182523993626,444.41820220491604,486.54428433624423,527.6309082335642,542.3625503950702,518.7550727573221,468.43580905121735,419.13394849858366,396.34200293892434,412.79882770799554,457.1204243333327,501.6833603919847,518.6003811592968,496.92305714717963,447.6765398385794,398.92088584404235,377.50089180206567
838.447914527679,797.2255790866742,770.359987233532,776.9410119127668,808.5662834461476,839.6993999855249,848.6689817651072,822.5011130959072,772.3812675575497,723.1269990109964,695.3708195644941,702.1130083203215,734.0293323906511,766.6955630884154,775.4349250108178,750.4132671011968,701.6551455939447,650.6313453962326,623.9259393498254,630.6552470255914,662.8234357503546,697.0916426500739,708.2014350186755,686.0248150941055,637.8459927159587,589.2510885657811,564.7001257613216,573.93900920423,607.2401910985897,640.9690051100288,650.2958063390031,626.9743168573444,578.9942470977157,531.0981785546927,507.86308855805,517.8916851888588,552.5576166095174,587.157805921667,598.6972560196741,575.2796157554552,528.3507837638685,481.9845967730589,459.68122217668576,470.8458747893841,507.1761853204141,543.0369668390381,555.4624903301008,534.2970804779432,488.9680811790297,442.8408968176966,421.8468154871488
811.6917431884686,768.5176590925572,741.9724839476658,748.2107814172231,779.2584026751679,809.7825570452882,814.4062264832936,782.5690396883591,727.0235624087418,667.9984420606621,633.3583087441591,635.2494990924655,661.6251921900944,689.9385083574649,693.8350318459508,660.461131553385,602.8724656437792,547.2647815041079,514.3075924869333,517.1515372187758,541.6511052958119,569.5515997269198,574.8624441666524,546.7850385359252,494.2341576402864,442.688371596122,415.3004059957175,423.7686088477245,456.9153298160445,491.0726966628398,502.04866345415496,479.36437745792796,260.0530445031542,383.0021658592415,358.5548821114314,369.2513579026264,404.4049389203112,440.5273361932192,452.4598999471426,431.0917941456428,384.68437118361373,338.918833718667,317.0317394362114,330.3254420575912,367.167947991153,404.81204214452225,418.4272960421771,397.06382454372454,352.1095507734191,307.5710055236682,287.76037441612925
1090.0617900066195,1050.3827940968495,1022.0847926688296,1026.5831625452797,1056.3702895653607,980.3346842719146,1091.9148783129858,1068.3271536388825,1021.2665141036971,971.9222764214104,944.7643882859186,950.8144131280941,980.2587058621889,1010.1996662168215,1017.8729217385352,992.5718763026606,944.3426895178584,719.8951898542074,875.6235503503249,883.5610769290939,910.1319810592504,939.0748024973332,945.2049014351065,918.3953477076558,868.9809839604552,819.6353598529212,795.0038315776262,803.7879895387879,835.5728904737698,866.550576240907,875.6386491308559,717.7572980230196,807.2184347413728,760.559611320021,736.2780547997645,742.0638387239693,772.1304692153376,800.8117592479837,806.8452440889151,782.6810777111867,737.9166808372223,691.9235085061835,669.0458903955314,679.5003486047998,712.429523884031,744.9895948249107,755.7553528268196,734.0834225084359,690.0665797843602,646.2742253250335,625.0467816163687
911.8702113876641,872.5563614424312,848.1976190245458,860.4748201946494,897.4445046005762,934.7507056938291,947.0230150863636,921.0533928659088,865.7402927937117,811.853349730931,782.8851685582405,791.5375154449963,824.5939855408012,858.2350634381137,867.5908993356427,837.88737802413,782.4325760335694,728.7846529451905,702.0278095370271,714.2064272671702,753.030140667996,792.7713368015293,806.5184191374478,782.4452511840631,732.2453787320621,681.1169025695891,657.3349293070729,670.801223411679,710.0634294287918,749.3886477159144,762.4454219870415,738.0261514326029,688.5062923180054,637.6946661541737,612.6361219463816,625.2581295965707,663.4185725753312,573.3540163907754,714.0154247869903,690.6546480658973,640.0323629246201,591.0111987154539,568.4725162783365,582.5610041990175,490.4286851840741,664.2664748962547,677.9251662789086,653.3652285886385,444.94532008137776,550.149224681933,525.86568799797
976.796996674007,937.8604535322128,907.914610516482,911.3123087145797,934.1907148933216,957.751769554275,960.703202729316,933.665714899504,749.454947400039,837.2911472064328,804.8102312154409,805.0094099408401,829.8531108036133,858.1886146162157,865.4180266615297,842.9362909827437,798.8467047981466,754.9695265975885,682.0405614117501,742.8585978331986,772.1645982793228,803.1336584982756,810.3866859089901,786.6650605244818,741.9928138217468,698.8078059285184,675.6888709243962,682.9741376467438,713.1383877475383,744.3001765795415,753.2685551638026,732.294815657398,686.8453637208249,643.4327475880835,621.3310821584579,631.1609410247883,662.4839272640519,693.7676464464574,704.2693483382561,685.190791004617,645.3693990357879,604.5699992495124,584.6835977989357,595.3138874919312,627.6998598634203,660.5057169848218,672.3933280456581,654.1663305842911,615.0141508924646,576.1652468806992,558.5128630329901
741.9172242686512,693.4940222268574,660.1618948049849,660.9333673372025,688.5744536809473,718.6728484577293,721.7831336534817,689.3368923586866,631.7777699703572,575.3410125989901,543.6459551441131,550.8839884155252,583.8207104111079,618.250015266719,627.5418811693352,602.6315957061666,551.4350454829489,267.82283506823956,472.42815252392063,479.1509598919056,510.12336070630204,539.3595960990908,546.1466673915492,517.0900541321754,362.751379257684,408.99280650175797,377.923733325758,386.32318741592894,421.4052859672597,455.15240234533735,462.9170738973827,436.96925161321803,384.6438347808488,332.8128116587784,307.72468275937683,319.1108582707275,354.3766407255805,390.179860965789,401.9766610307239,379.15736329672916,331.81367065043366,284.5651976237017,262.5444833942364,275.50397979911054,312.2286833434381,348.5491136392475,361.38857349683315,339.2834518791426,291.1894358217729,243.5327236618583,221.41939911672773
824.439324612157,780.391245562375,749.6653503307759,750.3395042909218,773.477206405524,796.7048500157974,794.464040097625,763.9463036298063,709.6211104336672,658.1926279235864,631.1054945763442,638.2808784800683,671.1236739574375,704.1325670647078,712.3047118003119,688.6152180809388,643.1207899429809,598.0169173759651,573.3886597342305,581.8102956130143,615.4767517367017,648.7164957447568,659.9287098159971,635.1755618420962,586.536071010181,538.6777450856217,516.3232423488923,527.3548045263932,562.7145478286637,597.0864055266096,607.8386930029467,585.9405676238036,394.52571061230185,495.6855197618132,472.8625450838099,483.07090658001437,516.8541039219134,550.4860126427096,560.1601644015059,538.7365051300287,494.366328820287,449.4049847367976,426.6348457754866,435.1122327715826,466.91479096848616,499.21981245927293,508.952598839669,488.0654134871087,444.34420527946554,400.01765141494,378.75045010017766
895.4924571108997,850.6862594588558,818.9676415189278,820.8965037952767,847.582645469702,872.4089753205909,876.2485936937492,844.8007534515265,792.0744995048238,739.7414896892719,711.6820131618174,717.0722172309988,746.0160729801163,774.3366906134903,778.6294100694447,748.3818134665803,697.079571837609,645.4793299663404,618.8322279550032,625.4342395986807,653.5311059349982,682.1740741070054,687.7377292947217,506.01675342039346,613.9651366073912,565.0664208618809,537.2687242788718,541.3930895710344,571.3222914765998,598.8981307387722,359.5900416253106,576.9358149670225,525.3645024341581,474.673785501471,447.671421834237,454.2897058378826,484.2226793388721,516.123736135734,526.384124088371,505.25609830933627,460.86274863404583,416.8211078222156,397.36785098262476,411.6592337653476,449.10961533142677,486.9892154573214,501.21074311565735,481.80978634381347,438.4015008089566,280.8365650283381,375.1040853526813
823.6985778018164,772.3095636925193,739.0787012202904,743.5970314155411,772.639292145172,802.3698458180605,805.7742343244794,768.9588812719618,705.3606960352829,642.9325170789698,610.1510873088528,617.6532391766432,650.3075456527054,680.6378644745342,683.7155275871288,650.8130364996073,592.3490744954147,423.04866781746614,502.022956079182,507.56477340549645,538.1992691962917,572.6072895011365,582.2075979305088,552.1994261792017,494.9845325434335,438.29141807265955,410.9196421871061,269.4263985741518,460.4918960239702,500.6577229038345,512.7315016990111,486.7256480232986,433.08961041986186,379.8618140490794,354.5434760443045,368.342540767753,409.7985695824109,449.8685563918185,464.89541226201015,440.6574124494384,199.4849711700499,143.709483877499,315.8945709516829,332.41396669559913,376.25246146310417,419.9398523701283,436.21909551868487,413.9541094322011,364.5339132543902,315.05088758465934,292.2844543576689
901.366823854958,862.1739665978133,838.9336809397815,853.4216699795448,892.7218370502358,933.6274270205296,947.2085896325826,922.8163325028974,871.5967765435628,820.1238580764997,795.3293056969115,808.6651802949156,846.9195211152728,884.4674527895751,894.664587848027,868.9964986646467,817.9638526192352,765.8948688894128,602.0469866422134,754.6279160767582,795.679011179489,835.6433780126964,848.1845569861126,823.7382015243788,772.6079928684687,720.1057184763089,691.6256446123715,700.603772432746,737.8351007989274,776.5738215860089,788.4662946410618,763.1304011240029,711.966146716978,659.9464562549596,634.6316374052059,647.1276988931357,557.0125136262407,727.1139929695288,740.3581418012728,715.7481346625439,665.5995340066319,615.6264707106488,591.9798680619648,606.9379882951665,648.0995644393641,689.413135212193,704.5035542521035,681.5687727262288,481.73526478810936,581.8585341133942,558.4201797057268
1173.4945297695058,1136.0780650443012,964.8448106157819,999.7955619592964,1151.1274858420807,1181.682760163178,1188.9869703108834,1165.497539068251,1118.1558603614242,1069.6755355513947,1046.169110038638,1053.8501693337216,1084.4648854624925,1112.7221444356423,1116.2879523792244,1087.0709856572848,1036.8120866213933,988.4491541658748,965.4672762581654,974.6951448062049,1005.5616619958398,1036.3437053628604,1044.5277929903864,1021.0049380744475,849.243106931286,925.9333364208845,900.9578429338906,907.668209646686,936.6139332149748,966.1728617903518,970.439340403494,943.0168685818406,894.6544882959282,845.857583952108,818.7224492723033,825.0402845789405,855.6391293838053,885.0089578087045,892.2867053861764,868.1852953491785,698.0765596440361,774.7876322520435,750.4951317466043,758.9752276700079,791.2941901116793,824.3692848090202,835.5608289903223,813.8574409633272,769.3910057996062,726.1777830062074,705.1285450138832
516.8854443354542,472.7246937058401,443.64717958665324,450.3753487866336,484.88358348185966,516.7336200679305,520.236372808455,489.3117098770489,430.7947036199578,365.96881454961044,328.1631525350833,327.28412511962506,355.76473478626053,386.94536740982164,393.9578962877696,364.4348194604106,310.944899439083,257.15375527738865,229.7975022795963,236.36066303748112,269.81346946009876,178.0829982517463,312.6269360842085,286.1472624380149,233.99926963794792,182.1258696920711,157.6452882133999,168.7587257551886,205.00916164699333,242.0220596424939,254.78580516843851,230.70508067193282,179.75344907473084,128.83973530885032,104.49391355112084,116.00823157367995,154.9483976897875,193.50385418490703,206.41663437358272,184.14650729435857,136.387411902905,89.29303412531772,68.63510508509341,83.01145932433724,123.20574737647496,163.21781906380488,-62.04419721106001,156.94878470225729,110.86082414254724,65.51323719547224,45.95563919477729
671.2964732310982,629.1889744731735,601.0329939537429,611.2867025657564,646.2372817822574,681.4977546647907,690.6394257590754,663.0712730513554,608.5231354525919,553.3117387108815,522.9243761103479,529.756409589976,563.6424320309244,597.6439822177687,606.6453528538058,580.0466153955092,528.6115309102528,478.1759043249432,452.4739026841263,464.87300631679943,501.76018530436625,537.8021925900497,545.861217830778,519.3523342238702,467.38155510144054,415.12256735155927,209.96573809612823,397.9760023380726,360.96702051686964,312.8581915948804,480.8985909815789,454.7663768679263,403.8574225891764,353.77478555167716,327.9778852932394,338.3345924862898,374.5277358764696,410.6494449977132,422.69384424677366,399.119999254312,350.664528339845,302.01256480825487,279.77315901818145,293.7456327495364,333.48473496699944,373.1892287367042,98.03359477959361,366.23980152010733,319.92791983077564,273.802966345801,252.4827036072969
896.7803833680883,848.3050215751929,814.7562055731663,814.9327645983525,839.0296112773545,868.2317563198677,874.4052911169327,846.757821386325,793.8524845203807,742.1446060320799,712.932099477271,717.1245299137412,746.2325232861982,774.9122894176165,779.2259858617409,749.0355935692371,693.6890869143298,638.0252021520633,608.1755833488502,611.9488521042632,639.6426718160316,670.9965817967296,680.0056042131367,656.4250390359989,608.2248882337907,558.7464298916494,533.1186343328019,541.5890407822907,575.015088015171,607.9133027987476,617.4969671424775,412.7110292634378,547.4541433430938,501.1392567707345,478.52654562231953,488.34962915685935,524.4655191844498,559.2325665411728,568.6759173057793,543.5182722426184,492.69485428717803,440.51492144679173,414.82041805256574,425.43375420103655,461.6543517040225,498.6687459850681,510.1718948673389,488.2172266578842,218.76756872899364,398.61533981985735,377.82554419898145
924.1753030656005,885.1848662796496,860.3216821637213,868.5861059816499,901.3579464710899,933.6102539580579,943.1364483698507,916.6654921954737,866.7389275413514,815.5720951136722,665.987526412789,795.0583198293988,825.214348735692,855.593806243593,861.0831320407154,834.3718467830485,647.6730420326248,735.4518979440553,710.2132276671841,718.8015449630169,752.7819572850335,786.2936046386221,665.648180804477,769.5446888292887,721.4503641668423,674.3723318137553,651.4582067679014,661.8222546869405,696.2659869631088,730.9453225720608,741.5147312024745,718.9465367852898,673.5860127456668,628.4351699242942,606.6370563562396,618.940167462572,655.3708235452291,692.3073395822457,705.040153851878,683.8600163074069,638.0891600880449,592.9521522390156,570.3790799144422,581.9688807233366,617.0346747025558,652.8327718324276,665.264249919241,644.0091573605018,598.6121677154844,553.8771978424658,533.8424396634407
873.1225208516058,833.0894941023215,805.9918460209518,814.1223507919489,845.0473951683493,876.2214131814064,883.5935700322121,859.3168956260524,812.2075932623447,764.9336278096492,740.9529264384588,748.7065743031106,779.5493052536078,808.9526539948124,815.3340922012859,788.0128744743926,735.8120474222671,686.6832980202593,662.3823516156277,671.0743357914845,701.9922104306027,733.5606461690816,744.2118980054632,723.2964098302908,678.933580940248,633.1212924982002,608.8113456425111,616.3318455956154,647.668700515932,680.5502364341571,690.9986481135574,665.0511001350006,616.4241064876009,567.1992228256266,542.950563156879,550.3286039739725,581.1098652557794,608.6333063956781,616.3588144944614,593.5016934215965,546.8071230892564,500.0158235169465,475.59068653520774,484.8839245541602,516.2610397723446,548.5429933658284,559.3575400430558,536.9016331963523,491.34871217532384,444.3297538291283,420.8129334750198
702.8851632771581,654.9214906923269,622.0901562617374,625.9773138758608,653.344431683643,684.113223805619,687.6696585889697,652.9022554660161,595.4194321730695,536.0523318746775,499.83957057373266,503.87118516805003,535.6245577730865,567.6075900271895,577.0195118655431,548.358956651633,491.9195501185659,433.5963506209864,404.05422712237635,413.35080789072526,451.60123235303627,489.40038430530024,500.93380640078135,474.4752649908178,423.12230773064107,371.34986131715686,346.59486271226376,359.0675436942406,261.08073096282715,433.10221855503244,444.7787015059862,418.94003772313476,366.1223336589984,313.9624785452597,286.01331201447954,295.9180108672888,333.5626232076395,371.42563523346496,382.70368607221417,355.8986482212979,303.45068563712346,252.095911041342,228.59667569992882,243.08080130736698,284.475954493544,326.65537064869716,342.3561228777794,321.0083099792297,273.0309167258996,225.66357383003958,204.33954489584914
972.5832593033913,929.566185454168,899.3258357365123,899.6116124970625,921.8683604893954,943.4882512048687,940.8332983321158,907.202946267093,737.5118074881937,788.9746117171179,753.6218218967629,750.4762678160608,774.295464982006,797.6964488854467,800.6350840710121,773.6655302176104,725.8991545215472,679.8294216885553,656.2230836643339,664.1737267290549,694.660668823627,725.3567723787758,731.8022910124149,707.8869218426859,663.3752997919819,619.2610803572608,597.3920318417318,605.5598629453049,636.7494233282216,668.1001678312546,678.4246949151938,657.3916791497658,613.8348557136281,569.6848740627526,547.8768252236969,557.1972727987323,588.9875801126391,620.822083467091,631.5164087367601,611.6663130627361,570.1267955025966,528.6932215953216,509.8111923095453,521.7863866042672,555.1661908549177,588.5462129848868,599.4153540937783,579.3589835769735,537.7723817653374,496.58135908174313,476.956454530648
645.3537339021302,604.995622334378,580.4567792255265,592.5922517144473,628.7922598002907,664.0152501782113,672.4925950604727,644.6851661395297,592.4363614336438,538.8386114603232,510.8957798321336,516.8585842101967,550.0488458233625,583.8481449840874,591.407238065869,562.3929898514444,507.71024373789703,454.24862313091296,425.57531417252756,434.84792040750256,469.78966124597594,502.0990761095911,509.9900394187016,481.2131638872637,430.06979643797365,378.60594819253504,352.7163430058814,362.7315476982011,398.27364591072535,434.0925461459824,443.4026224547167,418.3910496354723,369.3054125906651,321.0824173406321,298.35929256855877,312.455211591037,351.429720349366,390.00821361908925,403.38867536725184,381.6142898704228,334.64973217203783,286.4933441088474,262.7454364976694,274.3603615074919,312.5253442439748,351.7411873731028,366.269870865088,344.9210308136621,298.33403804282943,251.20021842947426,229.76488360568226
841.5645008645758,793.4133213264207,759.9102885982835,760.6735612584895,780.0591537791996,798.9237419376622,703.6677579154809,753.7240731468002,687.2720934653183,618.5078873223921,575.7696478610368,387.7062448084873,580.7107219420533,597.5731717960292,593.5489271729558,559.2928083220561,496.37111726970613,438.8876765057322,408.55580577205194,411.56805265534365,440.49262357563896,288.11250746359894,474.3400287291405,447.8780272001677,399.90873958424015,352.4331862647167,329.20892208078556,340.17973916363405,374.8347972608882,411.2307336958394,420.709201654142,396.1372233808338,349.25611302616903,304.31419786781873,283.11843929320696,295.724812917798,332.9737976324981,370.6261273580625,384.8574614800142,365.34188831163397,322.05068336860836,278.98086758190993,259.87820830916655,275.24550165613084,314.82303215136517,354.85524657596477,370.8301336392864,352.9321772979623,311.11885398813297,269.32693654182526,251.55477958120184
577.484559441944,536.54080018082,511.84125812019306,525.1249839193429,566.6381409132968,606.888590654716,620.8977070697671,596.6391587847219,545.2763854835592,492.5724275827347,467.7690893486367,481.13885736951124,522.0445178740516,561.5191502257152,188.00975625044612,546.7697336374181,492.20843476636844,437.50301628888724,409.73105349143725,419.69727059070874,456.64413841703447,493.7753189000649,504.98947348850186,477.3171451571395,425.4129530060742,372.22348196372786,345.8038158669324,357.5277665276708,395.9505462853548,435.8014557749435,449.0112913627687,423.2914693512596,370.15585526967425,316.5763679156189,290.29845241155886,301.9085160261309,340.5150638477122,378.45288619948394,391.4350407879084,368.62591172766975,318.5980084447724,268.6564303329975,245.23899576683698,260.8780652288392,304.13924859916904,346.58939413466544,362.1124224700055,339.76664355360197,290.66481023493066,241.2185774964977,219.10955257689898
996.8911721224197,947.6529691160489,908.2318418469079,905.6824049165151,927.4737858379763,952.2012655404699,954.4074868450616,923.2969138699675,861.3439608726806,799.9978115463758,764.6854019113466,657.2642747504462,793.6585721287529,823.1201129725257,829.4907703716344,803.7206535424149,749.6430372691198,694.6921472986634,663.2003996087169,660.8257833859417,488.9873474288521,701.6430687325096,702.7828777451007,672.5569733489884,621.6796504347353,574.006691648393,549.7511319224652,558.2558637892188,588.9073730386935,621.0814980280322,629.0280606002807,604.8473375149032,558.4979367675845,513.2212230482854,491.6301266206899,502.4963564783151,534.955666814735,567.4167919390518,576.5219454326552,555.2734576744277,510.4253518897891,466.3616406527233,445.8233845057332,458.3355677140024,494.3868812292527,531.1993544235161,545.1063617769234,526.5481661652982,485.4789055381947,443.83356247212964,424.4470445865993
1054.7435077741156,1015.4617998286913,990.0013880796485,999.506533707277,1033.9994771856936,1069.8918087779125,1078.3336905641422,1050.6410174450073,997.8023644859245,944.2685328482216,916.2491745762497,925.6658673136303,959.7132581679425,994.402898698324,1002.9438718098485,975.1569035032184,924.291831390987,870.8597866965172,844.8349282853869,854.428606512452,891.030372390971,927.9056331476638,938.4988596692227,913.9671313643715,864.2334895975991,814.5835281047812,788.2947532634569,796.6767090550409,830.2672180834645,862.2910369905153,870.9508307936547,844.3470151878831,793.1361801055249,741.7068841368296,715.3343924099167,725.4671843181582,761.8197665801424,796.5507965977613,807.9914093557708,783.7947172717335,732.5504170550834,680.9458121339152,654.7418779969,665.836896162323,700.8126709395175,735.2509965920017,747.3974476518509,724.1458896020999,676.3721571078194,627.8647234253559,604.724073049023
858.6515215923822,820.3861205395864,797.1007430152824,804.8988842036127,835.8947125482647,864.7331685191529,870.5122394329371,842.9791244553754,790.8532836303306,743.1739685980723,720.5138117058791,728.6643187006058,758.8308258889919,789.5979298767553,796.8571536527159,770.701250973359,721.5008278761239,674.907683728285,486.97058762260895,656.6415353166163,687.6316518754119,718.6337847930616,725.8845299939849,703.4591328825518,657.9967540485451,611.2118466050762,587.3382935139139,597.6687089309352,631.4024402948493,665.0956449367028,676.3625339869079,656.2266425500229,612.3094986693811,567.6793605085135,545.1708317637547,553.9886332781006,586.4972537823113,619.937359791326,629.8516977091535,608.0299585849918,563.1349603741751,517.2661056881168,495.98891547106564,507.53682994586256,540.8975017211117,574.751734755106,586.0089540309132,300.54840793607775,522.0065973498947,478.43793148917507,458.098991427016
794.5404026606453,753.7204672608596,728.1627307828912,738.0629227631953,771.5920862341751,803.811909880927,670.124340800517,785.5035011055108,566.8288835608887,684.066457018002,654.9157552810173,659.6582371448492,685.7497252047646,711.6926900257743,715.7450930029084,683.161839963938,629.1995533416751,575.6894342256494,549.7996052572091,356.6737229619973,594.0673587411701,625.4336185904097,633.5849358038801,607.9096859982893,558.1362560391323,508.40937182379366,483.1876487221032,492.489689721112,525.4330133522079,558.2028995470662,567.7514397517449,541.8484626853982,493.28671392294996,445.68210767658115,421.4193045988243,431.6266098985918,464.8196303305996,497.64296258200466,507.7902069024773,484.3916210395681,437.21905814974093,388.54706203803323,364.84036788158505,376.29141753144427,413.1407149187412,449.09049672158676,461.13650951161196,440.01334242824396,393.5878069876992,346.8796506505531,325.4805535774069
603.912130261374,563.8634679050705,538.8892902639759,549.4454886567358,587.8064025272803,626.755202655258,638.4467917683326,611.1383566313636,557.5636965705961,504.0410617270069,474.4639464178358,483.2838288009158,518.785019549693,555.1285279912909,563.1378666779447,531.6418910599465,474.30144878983504,418.8598947202487,388.9178757934558,396.8484659504405,430.65748071617793,467.09016384063284,478.200456090377,451.17264550426137,396.8186307706736,341.34544795239583,313.63222227471215,323.53917581951,361.62141456277016,397.9202310906635,408.61858909263833,381.1370861291422,328.68158969795695,276.6213513384506,249.71001426226144,261.22388620618165,297.06408463509285,332.7591889196435,344.59838494109067,321.0761896461289,270.9917320575878,222.32223758817645,200.3410763027107,214.6330523448836,255.59261177374196,295.79339240909417,309.7561266505345,285.12086799119766,234.83959074715222,184.36983166884647,159.55335329289437
807.7754706700912,748.3575853923908,702.5721253991646,690.1319071226144,705.5794060088995,722.5590069368861,715.3293892054285,676.2590064842673,613.9489843520023,549.0092126626444,510.33807266949725,511.44339415492027,540.7274221435607,570.9056808812234,574.778774901622,540.0029120827456,477.53168060460234,414.2194090899766,378.0073798722424,385.7712821948917,421.62884880053866,456.1551901150963,465.59926102154327,346.93789939710996,377.85026963765745,157.14489504439734,296.8919304686731,308.07745571315036,347.1710078525339,389.1102104667782,404.756616997777,381.4378812376507,330.4222786203999,279.0836478179374,255.20538498958467,269.3114819285822,310.8060499887715,353.71192928823257,369.88963528093973,346.8255602314017,297.4039027240259,248.11675248523682,226.73595934967716,243.91383572408347,288.283633920817,332.4805309817459,348.82144721808254,327.35749135786614,279.26206648107575,231.3390794773237,210.589596260319
689.2797613516627,649.9063237755427,547.7105192935053,634.3486924325791,672.6289542644176,710.5048757388889,722.608687416728,698.36315049346,647.6288281986992,597.2419457224794,574.2836638928682,588.4960259166098,630.1434797992451,671.5943518491207,685.702990442645,662.4797271627685,612.3913439826581,458.8991104884997,539.6636243419589,553.8323430367782,594.7092891333243,635.8211597656842,650.2720007274403,628.0465703127525,579.355125062207,530.1907705523552,507.29591871547564,521.6220346994237,561.3010589755952,600.839549737167,613.5424163867762,589.8325741978549,539.6941492102397,490.777448457349,468.6814905759486,483.8365317921148,525.7868419514734,567.3003837606301,583.2093233842519,561.5117209632849,512.8087863114139,332.81260027830626,440.7564747897952,455.46767477818366,496.77097508923305,538.314926086615,553.0877288425871,530.0005007505728,481.51320950529896,433.24178818790745,410.904624603643
726.9568019550591,681.8531996363411,651.9329680724234,663.1477165931378,702.058125888359,741.1197990065297,750.6598840338221,720.9344369693364,663.8790944396512,606.0187153927689,577.6056824181071,590.3919584117095,633.3143677031167,675.8199269413748,689.1095220542405,661.4880111131465,604.3504346558339,419.5928283016017,519.0565169926881,532.561541204393,575.805315080522,620.105809871177,635.5365510993128,610.1788511905158,555.5022964176339,500.6663224620911,474.4192185943748,489.00037932173495,531.5684789845441,363.4254083897315,588.1999754838824,561.920445955531,506.68414457686526,450.82385542091333,424.26357323044545,438.20191167434245,482.0517912111495,525.3189820010829,538.9569861810954,512.4187348649491,458.079682429752,404.2858939779221,379.02377666395114,145.61075688941492,439.783329090419,485.0053368169014,501.5295462833243,477.617066602848,424.72207191414714,372.9405449058361,350.11070720618704
661.6895231427272,623.3973038198134,601.0920750978761,613.2494642617852,650.1005571961172,687.0184314091645,699.0210053131832,675.7858333717357,625.0555049894773,574.4410190083717,548.5837270136577,559.1180282408587,595.5386526151059,632.5057361044809,642.9184117027505,618.0712072109511,569.2490984444897,520.0761644377591,495.1003764039714,506.5618018249419,542.4325717107293,579.9333654226056,590.7475614808802,566.0794103014516,516.8864707849579,468.4386600609845,445.018512215673,457.1265587594031,494.62692075607254,531.2385413175588,542.6927807620434,517.7095512430956,466.74409932373396,417.51998466972225,392.8785617540922,404.9290695628505,441.0005186455245,477.13084493844633,374.6551251411496,462.1934943285369,412.6258804889501,363.5824853458321,340.95961674467765,353.4718192744389,391.4454502178137,429.24886119641894,443.4596878564523,421.39789341888184,374.5365948584524,328.1020498931573,306.93457796432733
826.6330283434668,632.1042131804606,737.8033569888087,736.7490495171288,759.2232090104654,780.8329442027789,767.9100577446311,722.4613491010668,649.977111828723,580.1474584980386,535.8087080491796,372.54011736614166,547.6733948555851,569.6643313284776,570.3064236859536,538.642516268768,309.5978654268042,424.18875690594325,394.78817766933525,401.33652690748465,430.2059136718764,460.8765489208688,468.66269277164747,439.9876489891825,387.35287143067956,337.79890740574444,181.75512880875272,326.46096917411444,363.72205462669797,400.05602304213016,410.1218084932334,385.8818911067009,337.82002365138715,290.38482979770913,267.9667443966964,281.60458255538526,320.80026406759987,360.682003132267,375.32837212810546,169.25446324396262,307.5474349886438,261.5639282994091,241.296734225416,256.8151262804291,297.3377818613178,338.1539819732004,353.61517836039206,333.6190460384021,288.62871484406196,243.97481457807203,224.4714161470531
1124.5334702362175,1079.9668909593663,1051.5294392927583,1057.2517467109249,1089.5924587853524,1120.7102006467644,1126.2308736972668,1099.6507737285128,1046.2215818280251,989.3630643596873,957.6817904463503,959.9904781589112,987.8980490613606,1015.9151034325166,924.3165605031263,988.5019941420168,930.4623159729351,875.2244510953606,844.9401756295704,849.0569887607271,878.729852788076,908.6029480563893,914.5510206656246,890.8172616632195,844.5168382133872,797.0597203645139,772.788539699812,781.0547279034611,813.981891973983,844.7737231625645,853.9423764095342,829.5709604997804,780.3701417299229,730.7981215986672,705.3140298416761,714.0169466156387,746.3627315568658,777.6485973549445,787.4246756076942,764.654224709995,718.1779457249351,673.3845685201487,652.7141133284383,666.2699575404218,703.2250858267555,740.7867655253544,754.7741062809561,735.4553103246926,692.3347040311927,649.3842326538135,630.12378979449
595.0735079423569,553.2354826347454,526.8972205948573,536.3797215401149,569.9723949874318,600.3381687911949,609.7040135468377,583.5185367886515,532.4979558209144,479.6639036510852,453.84146461679757,462.84177661432034,495.5039435372056,529.6212474209324,537.0266643803046,510.38876987280184,459.87255063003147,409.6321432233773,384.07227582910355,392.8450813831088,426.48311691811693,460.6488719743784,471.5632440732287,447.4583570975059,398.3808046969415,348.0237521572552,321.4705134408473,327.57235796830525,360.91724121479467,392.2763899616473,400.4343829015644,374.5361472409762,322.98731491247577,271.47237442657854,246.89755923760958,257.7712476459916,291.53523551602837,325.6025080021975,336.6797947414972,312.3542062913226,263.4892732768337,214.05809687953865,190.92149818003486,204.19281747115417,242.18187146820014,281.02453340321654,295.18388043277184,275.1606423736073,230.35536401207628,184.39143979374694,163.27977572991313
479.5822155515069,438.56799535180176,412.94488181648114,427.3069678219806,468.0331727372791,509.07432107424404,520.8044701972518,493.6106439950837,438.12249848065926,379.2876410305648,351.61012821314864,129.92724672260283,403.60947093291406,443.98982375994694,455.95234688626476,428.34096578061303,372.52173021581757,313.79978080453907,283.2077755294582,291.7496894270864,329.6184547634414,366.72246341798416,377.8952798370816,349.7750995225979,295.28330465770887,241.10656747364555,75.98075457652067,227.25277776914504,268.0390726565363,308.091698419567,320.7880675788796,295.1512273596036,16.77635782350012,187.84657346138624,162.51294041681,175.9296809474522,17.763173439852835,259.7726932739632,273.851757798387,248.42288149922,194.96204337465667,142.01127235407444,117.58079220649222,131.98453024565924,175.22549665754116,218.57993549072137,235.22239891609786,212.61605639154266,162.21709319615945,110.76475594936755,87.01863545917888
637.3294090920703,590.9740059608315,561.8334917153371,571.6625496379917,607.8088511422495,643.6040896567795,651.3845294363214,621.9879841405204,566.0473810181616,514.0001768819649,488.43790629202874,500.5123288657402,538.0349868027811,575.4920234360789,583.2895379705219,552.7713923764178,495.20824937293196,437.3368694671061,405.82072289601626,414.14651814995625,451.0230194914859,489.16985722681284,501.19918977624843,475.9390555964395,423.826273560001,371.671736532811,347.62828615793194,362.12527707271954,403.23136954459824,444.2741325615218,457.9754246766106,432.49912469020626,379.96367153862127,326.47229080893624,299.0063065388846,308.75881151136775,346.63458794442636,386.4416783513641,400.20900546954226,376.1266941651869,325.818966170565,274.8811989100848,249.66816923339627,262.8439840719283,302.0136516754899,340.60607863864607,353.2679288947379,330.3966775138315,281.296051267443,232.29292316140823,209.5882131584732
1401.9451289471845,1362.9362624450994,1336.726262464731,1255.6228183605936,1370.8977758261617,1299.8286807183936,1404.7573748637042,1382.0891688445795,1337.369081817947,1292.5159075065992,1267.6151877896305,1270.5476315642275,1290.887481259514,1304.064902413715,1296.9762677891258,1265.3013813979605,1212.6456724318637,1162.813727153209,1135.150185551679,1138.686190957681,1063.5054530503912,1186.0860782755592,1189.2995792840075,1162.8198458162437,1113.3057250227062,1062.1842724284036,1034.0102565047064,1039.3875659886937,1066.785550566809,1092.7046938188223,1096.6914107579646,1067.9577347067097,899.9369679691312,969.3297015416072,941.5602757188996,944.992780512677,970.4239592855625,996.1975321680802,1003.7851111494125,981.4411463150265,938.2903502076622,895.1627778695405,872.28009589486,879.5231068709132,908.8352742724932,938.8278065015186,947.8798097752443,797.2099835797239,885.3896725882109,841.7395409451486,820.1367792278767
962.4888269884992,927.2954588377155,904.6534404174556,912.7704288545496,941.188519065542,966.9268473314717,972.9358569610553,946.3868780168823,898.3663714708363,852.0592328852659,826.9958530180777,833.9724315194939,861.536399566913,890.6656988537272,897.7114537254009,874.8631956004311,830.9655017083018,786.9405587422879,764.202587036453,771.9956743464619,802.9351059590803,834.0498892489302,843.8542575883706,822.8592537609467,777.4752346299621,732.5422540342587,710.630946514257,719.7732041899895,751.4331842660366,782.1922300992535,792.0970864550471,672.3367025585366,728.2958929176677,685.7211524886208,665.0286885089683,675.2373533284145,707.310866542712,739.0383191529386,748.6730161186102,727.0682735247468,684.8858774318787,643.4648106561467,625.0834347577274,638.0110632311951,452.3140498474743,707.8396108132104,721.0013073507972,701.8948679338548,659.7776821801469,616.9978204344213,596.165040717168
1069.43945005676,1024.8926124524041,995.439253165796,1001.5425142645427,1030.4129789779508,1058.5961919058045,1062.276333074065,1029.1360679088727,969.4292350464058,914.6610604996854,887.5406576342413,895.0071464875039,925.7021206132214,959.222444488451,967.3407893861603,939.2104153339864,889.2680835501327,838.62093917172,812.3334035700849,820.2723203351954,852.8736149115836,886.01266418775,895.8711156437809,868.6496217857554,817.276416627731,766.6773537813829,741.0495419005591,750.0646303258357,782.5203454206174,817.5298551586372,827.7531442782921,802.5281937614608,750.5687382121696,700.2302424845338,673.5053629600387,681.1815828402141,715.8885112909808,751.3060241623205,759.9022909785414,734.4755122096177,685.0810893856842,636.4721693404359,613.7171443060591,627.0606648644621,664.7031893193159,701.4038844048173,712.5614649998739,687.8233851055711,639.4318636138848,591.6734074726957,568.7077966803639
837.5153869987213,796.7841724682556,632.9948685206582,786.0697967927755,824.4505969652256,862.4076546613499,874.8896945856752,850.4142319758689,799.8712176031769,748.3866091067988,721.1804890487689,731.8566480254432,768.1051743708448,806.132051766024,817.298338532599,792.0166790790907,740.4753035639752,684.1497896434222,653.873202504988,661.3250444418182,690.9742593687953,723.2384265935489,730.4700026774356,703.7477767987949,651.0919524376255,596.2667051880297,569.8340929008722,578.4536027960074,613.149207618863,647.9437270874716,655.454842599139,627.3362290113286,572.8519976710597,519.6103435384376,493.379982572876,503.3470739863559,539.3384408554147,479.8352431651664,590.1919431129095,566.7868132744665,518.4455738807994,470.2754414915785,447.0199306611145,459.03811651183184,496.10830499797,533.2584417578469,545.4143270237805,521.7566235806685,471.9465347478249,420.9356818304525,397.30432240621155
1025.1071469298415,987.0079394992575,961.0076494312559,965.0505866853115,991.1470759181963,1017.4370305645156,1018.2525965156574,989.1612567559295,937.627821409416,885.190363951553,854.4331952457283,856.9476808216831,881.5561215941783,907.9380016254576,912.6977595899691,884.369636872718,828.8936220295938,771.2491353036909,739.1447953606212,738.9365986538511,763.2120291431225,786.5504586946323,788.5523483591921,759.1681964191041,710.1722639884339,662.2403335356968,638.9756638185306,649.0688407363117,681.0683297984586,712.5944523093038,722.0977634061819,699.3006564087646,655.2567322002756,611.7388903981988,589.694684997686,599.231372196744,631.8418751977034,664.112138245435,674.497749829839,652.5933228135689,607.7042180733924,561.3082577436842,537.4879647341716,546.0508628753583,576.5168190478682,608.157505151475,618.4847618423955,597.7893315372322,554.1107724886681,510.14768372749177,488.8534157278971
442.72044007826935,396.4729262390247,365.10149274120215,369.8813279956453,397.3018562118292,425.1089769216119,430.66446174670057,400.5012983892857,344.0542559358331,288.60844472061876,259.6278004784225,262.96788125327726,291.2068642688754,322.33606321826755,330.64664771413834,305.5348030614456,253.44256740242952,203.13118692618673,177.0675133143119,187.18746342506256,220.95072368123,256.53208474187545,265.27846956091787,239.6938738142561,190.21891752750582,-2.150204418563362,117.29562964113654,128.71579103543445,165.93824633698307,202.11656652424517,215.48070697032063,193.81635803788754,147.53232970095974,100.42853021085136,78.42847102690484,91.46969254892542,129.84611229180268,168.4123318746258,182.82007720005333,161.54711351912238,115.77591393751914,70.15096121332624,49.16667346411134,62.573968452757754,101.42632579281303,141.05105681887096,155.72251180999183,135.3518742648838,90.67950735267061,45.7971095908797,25.90056136643466
761.75877881443,722.8236428211472,698.9129244566114,707.1657512896264,740.546228604134,773.834029055532,779.8271933489873,752.2524294438499,700.4818408592765,649.0545809860215,622.9041163693804,462.19163509604186,664.3296066969598,697.1036562536417,704.4280397910513,677.6888899694437,629.0033995235009,578.3332962536784,553.7741826157384,563.7180767894082,597.062554546401,629.733964238296,639.6137769773075,616.4691093559267,568.1487752670038,518.5909070333156,493.7278140898753,503.7039894325259,538.77405766247,573.0987942193151,583.9246426378477,560.8233365409084,513.2740201301935,465.9447649212585,443.6632994417247,453.9218316925818,488.7994710566426,524.6640771487184,536.1089528401567,513.6492144612074,466.08603546268273,303.97272721065326,395.8100135452124,407.43073363596716,443.8352769783263,480.4525192040585,492.5485841398299,472.357838309144,427.0827473830525,382.8426303989902,363.07809762379327
510.6956790282143,456.84025529845394,418.2253910372499,420.48830946873295,450.3171220357591,480.6202266710667,481.8464078388223,445.44028523955546,382.8844403959041,320.47617254434294,287.9260675487899,294.1041589211891,331.92899581933113,367.975627100465,377.475236457174,347.96162222495786,289.7724421989109,233.2064189421419,206.49696697491026,218.5550050173888,259.97591164512426,300.53478422351,314.6805164584333,289.8006041916535,237.04186553026682,185.2136392483094,159.7184764542949,174.0204239287193,215.8823693505734,257.6637723755031,272.2275172980602,247.40537137946808,194.12992399601137,141.7628176262981,117.7120422251121,132.85358349869125,175.75681228086353,218.8797464726989,234.29945042080283,210.1503796223967,159.39870895860338,108.62705978983001,-61.76781834865392,103.11512622758073,147.9368078938371,193.36430837647174,210.98472531210348,189.60816861922638,140.57154259505785,91.73022632901404,70.58733266112267
768.8585603688731,727.5897048833434,700.5184589088877,707.4850291218787,739.2517742273677,772.7540680944275,782.452131440563,756.2985477922354,704.230792871043,653.3454340705072,627.3204993996254,514.4750844673341,667.8723064037782,696.5146801773438,701.16077026297,672.5821831570033,620.0332069950933,569.1134592641687,543.3037040431235,551.5626102648122,584.9644559071559,617.9907154979688,624.2230500583827,596.7054913660336,544.9664866101956,491.41176395922264,465.6083960096438,474.84460565615734,511.0470917084009,548.5958251940086,561.4264085599206,539.4953475787863,492.5318113800888,445.1145464944533,422.18504190581154,432.7559164197663,244.8311327564902,504.73261712254646,517.0998100193968,493.9013800662692,255.47463813279046,397.80934946710727,375.6125427403987,389.5419595484087,427.65537939355727,465.45307642415935,478.67004926047105,455.6767557290656,409.5677210394706,363.8495189084524,341.4350254361842
836.5648023590117,794.3032991010018,767.3274640530586,597.214122794773,814.9570895618199,850.9523108343453,862.512488602951,833.0898722564204,778.450691409651,725.7194745749653,697.0239908485138,705.5641738042045,740.7874012663501,776.0989047346318,782.6952782024198,750.279751756215,689.5789017874768,629.4789088434154,600.5364258960573,610.2653629051158,647.8305457375441,519.0278215000535,693.6284929899696,665.250748500955,609.8748995555482,555.9035540146692,529.188042613542,539.7009734544708,578.8243091827469,618.2673278311402,631.4013979178897,606.0521905554955,551.2779649881003,494.46477185724734,464.77039967216854,474.8148223003345,513.1727358467631,552.8120224718023,565.069621513145,541.5025955175246,491.31459927188564,440.9483057098995,417.36447302526824,430.44734789669724,471.2888784622752,510.63248301762883,523.4773811432974,497.71499771043773,447.13946603662146,395.6096832073873,370.91764501611726
612.1441858200117,570.3185871625524,542.4661756128862,549.8682477082546,583.2705373987395,616.6078979289504,624.9479014742503,596.3461408491788,540.2459218723471,484.9278449989829,455.49263294352727,458.7919136233959,488.3846568891835,520.8027867540364,525.4942956751311,495.4290738234515,442.10630468066927,389.3744530130034,363.3551977574284,372.24293864221477,406.820589096326,442.1164226064051,452.61044572052697,427.3838395945802,378.27093465011365,327.1729416015212,301.66119377960786,312.0882613262618,346.1318803364162,381.4739818757279,393.0659536755327,368.43673955735403,318.3632983604182,269.19276413945954,244.25672568250866,255.47284165044516,291.7068956793006,329.745105035479,342.91195895296414,321.53625755702933,275.12399310646106,229.47940500765856,208.7576377822047,223.153711581552,261.92986819005114,300.15177598376647,313.51294598495065,291.3222108031158,244.6165752457116,198.2825292577728,176.99293538834036
684.7269133503833,630.0069232673884,591.4393812553351,592.4547270724445,623.2114841384227,655.6394141275646,658.1552001322551,620.117983616431,548.2005588669301,480.2217125526636,442.2541434420052,448.5413453005392,483.5513555773839,518.3564718636578,524.6909870846417,489.002526984302,322.2621134576575,355.7041233702764,317.7075576205982,316.08535805168435,348.1045136209257,385.6017148932265,394.34508366962484,362.71489212739834,303.82490163467264,245.3488046085845,218.13302844074406,233.89452334051293,279.5997023788177,322.81589332205203,336.88827030696837,308.61472756154194,252.79549849887485,198.42064750440773,174.3605843782791,191.49323420747442,238.77730165528692,285.70046990847163,303.23504365149654,278.51670826199893,224.51788321336016,170.88008885502063,146.65688806623962,163.78020410577938,211.3015236087357,259.26919407858986,277.6036434954559,254.51141897280445,202.06866872855198,149.6451175378702,126.87838900604834
866.7381900570165,827.7200647845971,802.5633212351696,810.713652957204,842.7358555820143,874.898826056486,884.2394026306856,739.0176551600886,812.5727277671537,763.4936477664078,737.7806274205362,744.371647588725,773.3863612294216,803.3480450908568,808.7574383802826,781.0347282362477,729.2995269898428,678.2660186848,651.7246236255836,660.3118755449161,583.1123317710548,723.71520050897,734.7252529532639,712.0582879096748,665.2849302249746,617.2665560241917,592.4686886892463,602.9676408945145,637.0120437940772,671.6166510380937,681.898618543931,660.4438284016405,616.4013491920384,572.2813975053966,551.708845024831,564.6000008576607,600.1796404763896,635.611892213877,647.5966791312767,626.3216456781829,580.7449233806622,536.1537656354282,405.4728757164887,521.6736303651214,552.663157413197,584.9338718476159,595.1537016490947,572.5664193249783,525.4475166197401,478.58091635611675,294.36245187225677
1234.4307552335104,1193.9974923963996,1169.1540583553208,1174.405010595849,1199.6296106486438,1225.1619703756332,1229.8169205259792,1206.723942858364,1162.3773106017238,1117.800686639449,1090.8667360182399,1092.4915117862006,1117.5174101223397,1141.57902353097,1143.7506704911455,1119.3485796366597,1069.0558495084792,1019.1193021218463,990.5622604838,984.008981860121,1000.472432301783,1015.6148611723985,1004.191161290448,968.2113381251004,911.907298426231,751.9542948306449,822.8094546307395,825.3789256571944,849.1439539675995,874.2608475919618,876.5048599246534,853.1159904048754,810.95583109979,767.9859445890644,746.5889419459231,755.2509183164897,784.5412901526996,813.7713341430816,822.5936006123063,802.3071428901908,759.5135000209243,718.0551723778151,696.9226962238733,703.8721731553928,732.4925930582433,760.8449089345651,769.1584844632769,748.2723697113314,708.6696105835128,669.4161540716914,649.5432987690504
719.573531123576,672.5417257514924,642.1346699904116,649.41122599433,685.8738062773109,723.4323729810839,731.4736771768751,364.41535602170825,641.8133809401754,582.638815371375,549.1735489679547,557.9580743221371,593.5424142891525,631.8171331026541,641.3806636374973,614.2915061343788,558.2177654807676,502.9513285279801,475.27086547168096,486.49098840433965,524.8702591807294,562.8885412160026,574.8293857212727,548.1246296487507,493.38943726136813,438.3697581673115,411.8894825601751,423.8111306289412,462.8113914263711,502.71443929355144,513.680580937659,484.66265320807975,428.00699794706577,370.54110605572725,340.59614281242625,351.5673203675507,390.1235479401207,431.6371285072663,444.01648496400776,416.6961700101506,362.21641188337946,307.9944799699174,280.68998694429956,294.0701360142406,336.786646419278,380.8603937655631,397.53103383364396,374.11827724018406,323.0431855431974,271.9824284365086,249.54705829933914
1152.1507191620772,1109.247172987502,1079.7389056615111,1085.043040664224,1119.4611934776954,1153.3238044541094,1160.3985799507477,1037.5327794297898,1079.257203994549,1026.114056478163,998.4903451155229,1008.9254243720471,1044.9735779909452,1081.4163149284104,1092.6694142010138,1066.7731641488745,1014.8228215244538,962.4494124364354,935.7811713520445,947.3504622141589,984.4980963382746,1021.2333014776813,1030.9915865131957,1004.2910232303093,953.2812118979849,902.2793582408957,877.0139811784503,888.9998571024879,925.893174825752,962.8376235539375,973.5878876104074,947.4086080297075,895.7364374791387,643.5481198052817,817.1355232710631,828.6611032812312,866.697799894875,905.4607299420665,917.9067495670821,893.2704357101859,842.0713196254778,789.6790500272018,764.6139863058362,776.9783994468099,813.2439594571672,852.0846667992524,864.2436121185418,840.2352930850667,791.1239109225717,742.7322483136566,719.188734207412
1127.5250695227219,1083.916575057826,1053.8188905038587,1055.1294163121047,1080.8932534832074,1108.8406149970388,1115.2195193770726,1089.8169244094352,1043.6447368622005,995.0158757447207,969.808037322469,974.5222398918409,1002.9798155897859,1031.5946482158706,1039.921455506547,1015.0574924058342,967.3599246777312,919.2263573748266,893.9715685783909,901.503363404345,756.5278652953094,960.9881387826655,968.4567735760686,942.7754657863288,895.0417330015148,846.7774683533162,820.8845029594146,829.2539438571464,861.1509029699821,892.425542206743,900.4975817219199,878.9919337465524,833.4255434040928,675.8802565601258,615.6970618992003,628.1514183785961,799.7956372101328,829.2416007988496,835.7106075053637,810.8456346394269,763.53636037993,718.0090769418695,697.0959397522132,706.1146866618175,738.7471974334152,771.6109712592926,782.4367676366858,762.6905433895059,646.9420501138824,679.1297415012076,659.2028377223056
1290.8438205578964,1251.8936407775204,1226.71864544792,1233.500368026478,1265.559677604224,1295.82069827573,1303.721416241654,1132.7493261653176,1224.2108845194534,1173.280285587042,1145.5184572474625,1152.9297963836514,1182.4856432029696,1209.9157655308966,1215.8528156117977,1187.3323684897941,884.9998686110489,1084.6293663213014,1054.4170306107692,1055.7270896690131,1082.3099435603144,1110.486717238751,1114.6981265501538,1086.5469828673831,1034.7369779561595,983.1467277647091,957.06514537425,964.8089299981257,995.6711930541868,1027.9785912819655,1036.9336638861432,1013.1260469985576,965.2279076814839,917.9208130219379,894.1032516486669,900.6217981577395,933.1932977608443,965.4729066788275,973.8446012232935,949.6501781123114,900.1267379167316,849.4357017799573,821.8040157328078,830.0272943096948,862.2301145894646,892.7887209329874,899.3150591868841,873.1304982917068,825.0707740579351,779.0709703738514,756.081396008954
766.7125568611774,718.9897573884373,685.2143902785568,685.5777988381988,710.4701597475498,737.0899913848384,740.9891626256823,709.1010433389181,650.0705433325109,592.0744459322484,561.4179567550647,565.6880808562855,593.8843511464386,617.2282669990714,619.4720661316559,586.8905960292242,528.1028187992174,472.21574883563517,443.8844869117378,453.21778017059455,488.6788061238151,524.5146713012427,248.72103714275,507.8222515930478,452.91187196136275,399.7783985097717,372.11582478636694,383.4238876290765,421.35063098542264,460.3559552169286,473.3146174086877,448.2876779295069,397.20803106743176,344.5127997253751,316.5834047290647,326.86398484520237,364.6517974418791,403.7544597212898,416.12588848198686,390.4718165646824,339.42074157622744,289.5137900300898,267.3588605842177,283.13579942666934,325.1950441092157,366.991093682803,381.9385067156553,360.03248684007053,312.2662179337709,264.53703477783245,243.73558682134342
845.3611757216115,806.3952244423422,781.0828546076851,787.3970943883699,817.0617327976968,845.4264975803638,778.6125830924348,825.787078796213,776.9864869848268,727.3165077755707,701.9917165773708,706.7728896650653,731.5989159964597,756.9975000974301,759.1839826011063,734.423258524585,689.0489818306128,644.225370319393,622.5060939671561,632.4613782199872,663.7896867905085,695.4819357241505,704.2341571990077,682.07217393764,637.8265732183825,592.7397283656514,570.1416657767519,577.3731495295874,608.4337024037304,639.9704504786918,648.5647448524195,627.2316190032905,583.5395607192918,539.6786778509688,516.849790976193,525.2478972618958,556.236355564087,587.8156860234584,597.9679604542308,578.4105952473435,537.224346872576,496.48205696174125,477.148813228854,489.8661266341903,523.8677932090553,557.3341650234423,569.1200442493636,549.6924801596011,509.072459338548,469.0573754909475,450.84018102681887
337.9695600288412,296.40673072368145,270.2081545693528,278.2556045215472,308.9097927331602,341.92378566941966,351.00188855552767,-92.34771432327966,272.4488792867785,222.8180450148784,194.60982210388613,202.12970604074576,232.50333321312837,263.4971553019193,271.390343256577,245.27447200109725,194.6876340898964,145.40581735837713,118.68342179870399,127.4005707899496,161.9397350619621,196.20625531797475,208.14623595476644,184.33184259082122,136.5736509718546,88.772488114353,66.4195137898522,79.04489841041266,115.91123342627179,153.8375250670572,166.50603945412342,144.1324028858113,96.82637234898482,49.651397993930004,27.655139244112547,40.625651345433766,79.22077333530558,118.15261173993588,131.2707717088117,109.64333381582617,63.80778265838171,18.013282169319268,-3.5773257560852016,10.444650579003678,49.576892396418316,88.67654152125772,103.13021811653459,82.25451999785662,36.02553964700826,-9.669235723699558,-30.629238148762965
880.3815716256256,831.2569932515689,800.1479198547012,803.5989221567456,828.798582252351,852.6477603501643,849.6324904741214,812.2843990637353,749.5951311900142,688.4865087771011,654.8936859374033,658.1265150202069,686.6418681380919,713.6539191778799,717.0855911902681,683.5716516203897,624.3387666329063,564.1161044036874,534.2549510989226,543.0215780062492,574.1235967006421,607.9680292376405,616.8147604043759,588.5193104653431,533.8923624958024,479.52041604288706,450.3406320580485,458.87983211878395,493.9843434900188,528.8694630268564,539.8123327235205,512.5249637773284,459.0539039276342,407.3056310415782,381.4756754412093,393.1738110107676,430.5971819344379,466.6642372064417,477.8207054150398,453.1757149494231,404.61272575830515,355.37168434554144,332.77107878656136,346.6823507856334,386.48961286705696,426.46733928858237,441.04130581043864,420.12930778292605,373.7380779398094,328.1069037005524,308.3080185466114
515.9217958441732,468.67687516414423,435.9025955012588,437.07923366878515,466.09417129864005,493.9301517029494,493.14237768567466,451.9272940792566,388.2358770185001,326.85122315645697,292.76487747710064,297.4546266929443,328.50703739568394,361.6684422987835,368.7624059032156,340.27329945363533,286.85671374757135,234.65209765612087,208.19872001711985,110.5374820644322,251.50067163020026,287.0638030138796,296.96637499662336,270.9471128757656,218.7257409129577,167.81706926654886,142.69961907109894,154.79556181901296,193.62789147559602,233.3131295300759,247.84945859809307,227.17004635644105,180.68609523184807,134.43890761541672,113.80992164112115,129.1378535797877,169.77850326532234,209.5432246845669,224.04568530987729,202.89780447317514,155.8847422957598,109.66341711829602,88.49565167868411,103.1208836783693,143.62336274029838,184.27195975170002,199.68770103984707,179.37765729551393,133.7327040997509,88.34203880860889,68.63209922099782
642.2995155078818,603.5951310633287,575.9540527331593,581.0363732110142,611.0673836329182,638.8789213748846,644.6372723930879,616.5839631252782,566.4828339927623,511.29547387615355,482.41807287818654,489.38907644180483,521.5403920228381,551.9627637065373,559.463253874042,531.3081813183627,476.7270470475613,423.67090932320946,392.75088736721716,399.1107261832559,430.73403302567397,463.31594853075785,473.7181266851321,451.70353391055744,406.17688840030144,360.180939684628,338.2769738432818,350.75378156108025,387.0904693136382,424.0626717720927,436.724032729016,416.4426909164164,372.9909828240709,329.0765514909227,308.580532952226,321.9470133261626,358.9701069135766,395.87764284926175,409.15795086769594,388.6633343314114,344.48288872758303,299.47876086094834,278.91152574363366,291.60046561173215,328.44284878145083,181.2449096116344,379.3638929753545,359.41469657730954,316.1596322596338,40.1969703011348,253.3810053267954
656.6534446060112,612.666422294445,584.0501875015223,591.9232541552183,624.6912343562033,656.8212352069023,659.8685297117868,623.409655046932,563.1048873653942,502.15799516039783,470.40775266281867,477.01576567122993,514.7154256353665,551.6454637965645,562.4452639686449,534.8521710746096,482.43632141852663,429.8986147168612,404.0926097633094,417.0015147398133,456.65858728052535,497.1664343613951,510.44204096032945,485.17393247669304,433.22962164289424,381.8697932720838,355.520580176297,366.0906968346694,404.574675030108,442.6500024782582,454.84165888621055,429.3354577734402,377.7964212811452,325.4319411904337,301.5887103596758,315.78605505034193,357.3463106039785,398.09898781722893,411.1664995109245,180.32888093038127,333.4242483375639,281.21086234942084,257.85118934686034,271.44098254586993,313.871485374921,356.1172700433084,371.81662535384066,349.93207404367956,301.4134908427967,252.70335206668858,230.43193811665606
709.0363776856341,667.2961760879159,636.4942212323218,639.4402543324004,664.6035884108232,689.6627788379403,693.9944559688637,664.1904968194535,612.139117625984,558.4377571326695,526.7788073589769,528.132036606987,554.8940264774067,582.9916660176841,590.4588086603236,564.8267040783247,516.7082145602053,469.6094807309935,444.9932044230535,453.22826949913065,484.76796150111863,332.2438755055325,525.7542583998232,503.07964843137154,457.1815727136409,409.3695397266647,384.77139737236473,392.71270831917855,423.48634117236634,454.228287855424,461.30040287019176,435.5362711312233,389.42711842075107,344.69567540441926,322.4500748987633,332.63436054019803,365.63099636898914,398.6632446040628,409.25021585008574,387.27389749560814,341.23496620490357,297.4237833247523,276.2442149571988,287.6330566964193,322.70645608069356,357.6640206528143,369.73554890485855,349.3646549025575,306.6759863489036,264.2072376661197,244.19502957660177
1123.7504470895935,1086.173721933206,1060.4848100304598,1065.7939283496626,1092.4526725518497,1119.1870048116132,1123.322640294798,1096.562192193264,1049.4697281405552,1002.3733955795988,977.386980988164,982.3517674332768,1002.339197523763,1020.2187977022108,1019.0499682503597,988.4706625250518,937.0584662102733,885.6134443744847,857.6406637500523,859.8328442485645,881.8816604884357,907.0709543281964,911.9686133828933,885.5021188801671,839.2471478412783,793.6781810709263,770.2091486810824,778.5260922867287,807.5687747687821,835.0398061430681,840.176307384268,814.8499106926246,768.5417904829254,722.4166547494597,699.1573932081438,707.5162450060734,738.5645888967354,769.8090410856205,779.2969708877125,758.1426172556872,713.5644615392545,669.4675243095909,647.3312941939467,655.3436142137393,685.9736768662377,717.2275766660775,726.9191735180449,706.7240325011167,664.417259483676,622.1211758409441,602.091274953778
887.8919517150061,837.3466675759473,798.5066683164519,798.3946048920834,823.0541246858426,843.6743240338499,837.7978693197421,798.2301113274277,739.2706909081097,683.3761582970533,656.795433932328,664.7950819805474,698.993761005626,732.6975526213007,740.0839702680302,713.4412022747978,663.7597345986879,614.6391537827617,590.728274341167,601.40394098161,636.7238697500005,671.1470223106562,683.6529091875963,655.5991545139353,600.8850407824945,546.152250620029,514.6136683164166,520.9589975522276,553.1676539291763,585.2849934617302,594.1971704718807,567.5683554906503,517.8805403706181,469.61243757713737,447.8611146751098,461.79249472342553,498.96826111668963,536.7701677876998,549.8747409892186,527.7554169019085,479.08656312701146,429.87826801911035,406.1037890925586,418.66287007731444,455.9453863697415,493.501051783549,506.43524429196816,485.0699435110282,438.2720217927747,391.08354309756453,369.1815209267877
865.7404902270374,825.0802663394869,796.3975211639397,795.8523257949602,815.3829277471253,835.9651881535287,834.6808944177957,604.8369010376679,746.994611751188,694.3391880948103,663.2898493098983,665.7429841709258,689.751343352243,716.2018592878694,721.81062382073,697.5620150025064,652.9115744495026,608.83782995443,583.7737955685382,590.2248998585338,616.4558208956825,644.2770929790954,651.5798219007496,631.0670957049646,590.2495970660678,550.5068140438763,530.4494960286895,540.0504069024786,569.2797230945501,597.1243837466184,603.1721939932962,579.3487415937221,537.1837521573293,494.62419185169585,364.23984000052883,480.2091781132675,508.9897695366511,539.0113190613001,548.6497934999123,528.9506293132371,489.6418398079295,450.02984510088027,431.69617569470006,441.9984060960935,473.75646118791724,504.61566026251126,515.2921289002091,497.4630607567449,459.0065011913323,420.49647170832145,403.0458459676522
729.7036781937156,690.3732541646975,662.1587575120443,668.4425783017768,699.1227258949341,727.5899811981136,730.3413426768982,699.8828873953356,645.8894979066033,593.1091407033805,560.2488675703664,560.1509717600106,581.9291464103626,607.8351596028602,613.2458065840963,430.1682544091484,529.3552690390675,477.22706046966323,447.857618261404,453.54085284753387,484.6319134342891,516.3792173782371,523.841152130932,495.19379048873066,443.15232989268884,393.11220864216557,368.84447880997095,380.0245702962443,313.65470879828933,451.14484761547567,462.58028610469364,439.0130113620885,390.7654516068329,342.66362901387356,318.38957785658636,329.44400052528,365.4893478690949,401.6781989900202,414.0191139748258,391.5150951469784,342.94846366067543,293.9551584008508,270.80436127065377,283.4363836270513,318.19404609995047,354.29545054103676,366.3480194651031,343.1432847475311,296.3914438693008,248.9596382266185,227.38762282868356
1122.306752900282,1076.034363688927,1041.8741119502438,1042.3773982375308,1066.3842202967985,1093.9341243277318,1096.8133617909748,1059.240914782671,995.3015993601012,932.8813724930551,899.1072804757664,899.3388223364675,916.5942849532177,933.5022288858507,931.0557864157082,895.6612004817109,840.5563242916256,784.1825413509478,751.555327518751,754.9180586644022,778.8965599815273,805.8117557030029,809.3265370829555,778.5177867187131,725.2988216007021,669.2828121227471,639.3694571806366,644.7383759531672,676.4637541822023,710.2710205894281,720.424088368217,695.0984535686348,644.4750479826657,594.1158636379728,566.769718040784,576.6916375763487,610.6555674153523,645.6537709655485,656.5743305524853,632.2375757211653,583.5071822162342,535.2740721149274,513.4131938081632,527.3021576912072,566.1390473417248,605.3842063033773,620.189160669058,600.1164076720999,555.0569762854032,337.15943749049507,489.04195218716677
990.130815297396,953.1719918446668,929.9666870998489,937.7465301484308,968.7635519912649,999.9949853575074,1009.4597805489338,985.3919693322275,936.0434000899772,886.9872461128684,859.9531916718362,866.6761226543229,898.7574643067153,931.1360222855935,863.4613076576896,910.9877483960901,862.8457098523511,815.2307391657998,790.7783762638074,798.1113026956982,827.9945143738842,858.3033168043237,867.7630057221977,846.2342333232133,801.5864167683176,756.1936904800584,626.7652412107343,742.18643479348,775.0632004986101,808.6920128352369,819.7118470751723,646.6676138596281,753.6774723834834,708.5136542984208,687.8017600455818,698.5792852448824,730.8957896155594,761.8551391107219,769.8097668719452,742.5205417329847,692.5690742124906,644.5471689142186,620.0502186457373,628.56847360488,660.2321523133704,693.0663628081518,702.8335329663578,681.0255572969179,636.8560092232341,592.6138361321958,570.9757335486244
1116.0377002834107,1082.1923004087905,1058.749932028189,1062.7856851367133,1088.4905933565678,1112.5947604246703,1116.7437604969577,1092.9379983738093,1048.089916853829,1003.8132597718336,978.6587469122857,981.3680834343475,1003.9444874724342,1026.4373457370496,1029.7022639678626,1004.515156939215,961.9300331958569,918.5737195369923,896.7610178751357,903.0168027344166,928.5512999077611,953.7731753877015,960.8095118043065,941.3342852852087,901.4635975918189,861.7359728332892,841.8057495281556,850.0348445295099,877.5712534644575,904.6564602621693,912.3828158358893,890.1727593734103,847.8598541667004,806.4721780910425,785.6278289333349,792.1676820846267,820.4292725914855,847.8651819566207,854.3619555612023,833.6260606397253,791.9986417125224,749.4288485370247,728.1962723083913,736.0947428087908,764.2142285270719,793.1835794196918,801.455918578262,781.5139543690416,742.012010927346,704.0514130764356,685.7599118237291
775.1441079321668,726.3555545904755,690.7939298486745,456.04275248570775,707.6247985043245,733.3955555393088,735.1541568334312,342.8768892720914,649.1762452080014,595.2781291815959,566.6311461589412,573.1706437641872,605.4353973568842,637.535195308524,640.6920402404212,608.2828365905331,553.1026399564602,498.8081488944372,470.9582171291504,476.5927682140782,504.7491707158298,535.7825487546029,542.0689660453052,514.8885338523588,461.79160875290415,408.24008257204105,379.79714236002314,384.88044770787315,416.1696406619802,450.5408652441681,460.6920179735255,437.006494472574,389.7390658750696,342.5451644534403,320.4268025263657,334.0713105407913,372.7470732970859,411.5933766480546,425.10288506613233,403.3822196698633,357.34460489893786,310.7657231536235,290.42437071895006,305.4197262527982,345.5107524757941,385.3606276421215,400.7916483287688,381.0510595948447,336.3807440273383,291.82864506777776,271.77759653533553
738.4085776078781,699.4169891323202,674.8368770072839,684.227977110083,575.1947625649265,753.6732188112838,763.3421893985873,735.422264773951,684.3598786214311,634.3430815109339,609.4317101989318,620.1033130809449,654.2416544231439,687.6511564779627,696.6341697965514,672.1155247204604,623.1545720495733,370.0520063939532,549.51171629552,559.956853535356,594.2081582007265,628.5144893453336,638.8013574398536,613.509887533522,564.3799826175821,517.0940867738921,494.91379125828803,506.21935591408624,539.880895192334,573.7825755830642,584.0266116276449,449.1724012429547,513.1084068529095,466.4598640681238,443.6700130431186,453.8899228744583,488.4619776230811,523.4768292607729,534.5135710082633,510.88175331785806,462.02496137802643,412.66725510824324,389.01673359051006,399.0355641770959,434.22197633887424,469.2772556759759,481.0724955421455,458.5698435517189,413.2813209790685,366.8202277245856,345.16200256966977
990.8306171870188,819.1497193122244,920.669204496135,923.6218845668276,947.1144430969196,969.9601023550417,972.9903614548515,945.606426325169,895.2919936505941,846.1937178667218,818.7605974074205,822.1019363347633,846.2463552848053,871.5233495629573,871.6790169326558,843.7428716885091,795.777889881731,749.4411348925638,724.8275686321566,731.2587182522967,759.6039032750593,788.2898417699835,796.5315410468776,773.1150948337053,726.9105442605662,682.1983194875228,659.0816017677922,667.0614372249605,697.2867746178933,726.0482432842714,734.287852931362,712.171683888011,668.7986237116125,625.5741896573655,603.5484026172784,612.8197868800456,643.3793648063145,673.3708932293948,679.9532562830638,656.4111416557579,610.835670606927,567.6924039380585,547.2943779210992,557.733850844516,590.5804888705737,622.6458498348145,632.0032114400705,611.0752938789874,569.316316362338,527.5724981747774,507.3753519075641
795.976400530391,751.6944677191399,720.5247086937974,726.3706443958134,755.4832726726625,784.3475253731006,788.4535095706169,756.680479237639,701.4660239398927,646.6111670217334,615.2887091954864,616.7111431109346,642.8063226866952,671.5188357162974,674.9241050714179,643.5183903310902,590.5935292930392,536.4077508971997,505.85240708800336,510.4336003852869,539.1674459730455,567.8510936745527,574.2934817803541,546.5653469592804,496.0732250061358,443.3343183857654,415.1786241840538,423.824682448609,457.464186659349,491.09604014379784,500.6489563587861,474.6628038902719,424.89227013343964,375.99942356727695,350.60581870317117,359.2554944344653,393.0628072290515,428.50867673392963,440.0583047939747,416.5054867400489,368.95894482825327,321.73807552219114,299.08061774603254,312.0915869327097,350.22117631260437,388.88543544932304,403.63121122299344,383.8087344949745,339.721338424907,295.3857775304459,275.6671822225006
705.4798348292129,663.9313038842971,637.2213620945424,524.4256571865357,673.2901581533644,702.4116173620455,706.0645717324103,676.531519571485,623.3998353557816,570.997296601717,543.2608258101611,551.3988697087876,583.6535399874275,616.0666712182251,622.6097271894694,595.9114106538976,544.3035057820351,494.08203459692766,333.3729377232514,475.6125789978838,507.5768121847626,538.5380092203266,544.6593212158411,519.707474475198,469.4047815132093,419.1550737526185,393.2505872693075,398.96686975229534,429.37044474979973,460.59539624965737,468.8802016568186,444.05573034313886,397.05245456806233,348.67925826791327,325.7778592981383,337.0945778399356,372.365807001515,408.4166204307387,420.977747537936,398.68266794121826,352.9667605377922,307.5900591783675,286.24348971477707,299.03519372647986,334.98130523496525,369.93814114343104,381.8798925009305,361.4378158296165,317.0042293259521,272.3273190563948,252.95473685663296
942.7756484559062,901.0265157714059,769.1191010456469,875.0631671908459,898.0718820287817,919.8232712674769,918.3142352626911,885.2132066378101,830.0915070042687,769.2545746612477,733.3247473806717,727.515681449459,746.6596166877681,764.7054584447317,761.1036569587228,728.0711964473418,676.0442916041496,625.819382192818,597.2718586124453,600.660363110577,627.7443571698342,652.7311312841302,655.1202146473039,630.551669973769,584.9532501743532,540.4344405061217,518.7509384544245,526.6067440621644,426.17455545627956,586.90225531582,408.4977964759636,571.2466341842747,528.0533260409229,485.16373151803305,464.7729158928861,476.44988997046903,510.7000998755408,348.57740833195487,557.3022089068171,538.664838292396,497.16090377257524,455.1285974134927,433.59068675636274,444.7729446843475,478.31060456918317,511.82212714877596,524.2778690835574,506.44073157416824,467.1153051345,427.8025059381931,410.1688322775468
757.8374438385165,697.9839350051686,498.51260624907104,645.6055444038302,676.5795327365774,709.2072420862588,709.9379621206269,669.9321607804048,603.7511508266102,539.6899895654781,503.853309850861,509.79848468775253,544.9409074787029,578.9193796555118,587.1450526422368,557.1076184919759,496.76700943791366,437.64254590550104,405.54000673399764,413.334171270099,450.73219589514315,489.2954080497203,500.3887744301496,471.21532658436695,414.4561825962594,356.87604951032745,327.83718415930593,340.28409293322125,380.8902803633373,192.41219651494202,437.3772120710919,411.52188897676047,357.6436757914786,302.23479701788256,274.67799938566054,288.9241910427038,333.114843580345,377.6156855726732,394.07058336039563,370.3424108032814,319.10482783328337,267.6738449525228,243.39852082176753,259.2651091291657,303.263465904682,348.0048842701443,365.0625666691619,342.49923017249455,291.8250027104824,241.51021928676278,219.51984753952343
416.6021833378278,368.77973184409063,337.4818370959365,345.20285055336547,221.8362880669904,410.26319792384004,414.71683470796313,382.2161165969786,319.3954643211388,39.077789400788106,228.1890603126892,233.1554230507578,265.61180621100004,295.0994005611386,297.1712068532539,262.8706128657425,203.4007881247104,147.38660686722767,119.42603233699174,128.1383906884413,165.4822326614477,203.98652984680427,213.84627265956863,94.23271225761187,132.48979928433516,80.28037713452375,55.55207482890296,67.89216448010791,108.98333163748987,150.2797796662445,165.03088431501965,141.61840075348186,91.32371275517312,41.44343846768936,18.12421499476409,32.189824612583266,72.39801147741343,113.27532073320845,127.51928878141655,104.93127486711842,55.22390880598516,6.216567197189079,-16.30118801867752,-0.702282520668291,41.517955786142124,84.27428640635424,100.68134762474142,79.36022490880237,31.509776427023894,-16.071252779229326,-37.21056958620579
961.7660016120528,920.5336574162548,730.6668882874634,898.7697394691909,930.0321105197357,959.3132093365582,965.3885338263296,939.4686562768088,890.8221245367371,842.1466867751083,814.8961412834097,622.0831116333623,842.4816088598119,871.1524447380598,874.8417028213339,841.8865034865893,787.1494875572304,735.915333242805,709.8620193972223,717.5752235093748,746.4128373808104,776.739082493013,785.5778766499643,761.5317390790161,713.7371808318698,665.7701761816638,641.0744231725101,647.9222185327308,679.6827498267279,712.3679030389715,721.6476928390302,698.2774030326085,649.5345048385884,603.7157188428814,581.3603943370903,591.9357565699488,626.4505997017151,661.1899040027715,671.8943523878354,650.4365667462454,605.3582430894958,560.974254390541,540.4556643287823,552.7585050898301,588.2094220360823,623.5230230017171,635.5434388081044,614.930477614472,570.8923016576041,526.7447236773331,506.0548666887761
927.219694246944,888.5245644712444,862.3416004406035,871.4834653345314,902.7742494460805,934.3770473799281,940.4845708076938,914.3244781227496,864.1691621506369,814.3779710172986,788.9377999635929,795.5997359060967,827.949055892166,860.7873954467801,865.8568958990926,839.3053416643033,790.327806879296,742.8744583781858,719.226608960799,730.49217580587,766.5922243195668,802.9498542029752,815.8738912511816,795.1182824015648,548.3272637759986,704.0293541879067,681.8156875064171,692.9149884517175,726.5818814631417,760.627892312457,769.3030121795927,742.6964942189411,693.392437364982,641.3161691937286,613.8846117105177,621.5823598718692,655.5933836855844,691.1578662526887,703.5227001160075,680.8754550622202,633.3135587533998,584.3911064904594,560.6041079314555,571.353083454548,605.4487874998856,640.2579114220986,651.5997569765533,629.3202310959897,583.6217414328323,538.4890939080638,516.1716485971956
1148.618119309907,1108.6277556902,1081.4710683539433,1085.657851678678,1111.0782833194617,1136.2514850611415,1141.843647947538,1118.6414096705098,1072.3312794383783,1026.258919405031,1003.7456822591627,1012.0766413273326,1041.9824039670484,1070.6526811674225,1077.5072065940199,889.534165626231,1005.1967822315195,961.289556271296,937.1652071823906,941.321556517259,965.3314335372548,987.8054818719842,992.6022409120875,967.677826553323,920.936418914311,876.9177123010414,855.6101238100667,864.7724818529103,895.923401991951,926.7653877880701,769.4344727341909,913.9588258427461,870.7674278951877,826.6840785502956,805.1151851211927,813.6531751939245,843.1406027317447,873.3808284803691,882.8733072515439,860.7278006805204,817.0789244099014,773.8614384777841,754.3177230785365,558.8444354531456,798.0608159609731,830.7564880765434,841.1098536403412,822.0176220553004,780.4600081660483,740.3095639513465,721.9689570797376
818.3182965792054,778.6989531186547,752.0329916445157,757.7168467893933,786.6982554210374,815.375514902694,820.3482518015285,793.3691687164228,742.2030225171604,692.8394573969791,664.6749603316032,667.7381391373646,692.9981637726758,717.0670568424939,721.5798061337923,695.5250349453582,646.564656033283,596.0352883647414,568.836594262569,572.9296565487135,598.7583206221004,627.9568297402041,635.9792010729004,609.9067759907265,561.7716983407074,513.8542132605361,488.4749121624927,495.2889595784926,378.14886218277604,552.8457852755269,559.5231233326201,535.1731224522838,488.98561067566663,440.94088064248206,414.44957646149146,419.66359412194026,447.45604038062925,477.79574043795674,486.55089576141586,464.3195711331899,421.5719275109683,379.4200720100466,359.2655148126978,371.23523427568955,406.84548260590316,442.77446677227044,456.1801621422769,438.21523459107993,236.5315259518468,356.221411212234,337.70090907453823
578.6447677279214,536.3904436559131,291.28659199032245,514.7975434406102,548.2191982199558,582.047769531561,586.5898851466127,556.605215803693,501.711708294524,447.48897589691944,419.0027443373325,426.8816522902115,461.81853389660114,496.2804928801388,504.7090300005739,473.8032610008696,414.9411357008041,359.3584793253052,329.75482116951196,336.2035679503464,261.9218487568718,408.9984450076081,421.74656188261383,398.21904365696093,349.1325388451512,300.9756603416439,278.89376069805405,293.1275806329519,332.46625861236816,370.64312246603345,383.6862244418303,360.2049235450171,311.0486203848517,260.88314019095253,236.93642199258136,248.75042375598798,287.36613457911653,325.371248655998,338.13391725713427,314.7630702486762,265.805002844599,218.03858630237482,195.6328031528093,209.56643570721656,249.3976850004267,289.94432324870036,305.2235301730657,284.1186926217879,237.7808843123579,191.14039045066147,169.82603935210784
629.1242862891513,579.8846753109605,547.5630850068883,550.6760397693978,579.2576284822536,604.1631011564036,605.6559767199673,571.7377399532511,514.4856292834355,458.27223153693865,429.90173338104364,435.2275577543245,465.0242091860267,487.6755722293508,487.3912495781241,457.8280869159322,406.8848366540607,354.2088227308617,325.34095964727544,330.82837050111664,359.935158202699,390.08386016631107,396.19159707587494,370.8603995607242,320.11137552670505,270.5203593930802,247.13310846841387,257.87705411459217,293.4676961262054,330.2455872859646,343.1265359657233,321.82016309829703,276.3383766108691,230.21353812647283,208.6615186447316,222.01869307844765,259.5844726378481,297.2349434371556,311.09638829750827,291.2757335861885,147.46324523936028,78.09329539235148,183.18429034196402,197.2382539588558,236.08805910079514,169.3227900621224,289.8777393690517,270.75619023431864,227.57074158576393,184.3212909208935,165.54821498613728
911.043444306735,870.3511847770149,844.1063836732078,854.0286821997322,889.307630671994,922.0096044733308,927.8714249941039,894.9429112095289,832.5873680776212,771.8323167182043,738.383589280616,739.9067093037115,769.6819705738292,798.2757462936239,802.2956696903867,772.0745217222789,718.9429295084865,667.6769294191397,534.0512816900991,655.2422469780106,691.5507515458032,727.8483290785842,738.9733185058559,546.0173619887429,522.8839744256671,610.5698006536738,585.7354776559703,597.7798673710122,635.8669591740511,674.9364919607291,687.8354660355307,664.3410752992068,616.2453765203611,567.0344382398855,543.1738884540569,555.266677750039,592.9962237228615,631.602207112758,644.1862246575632,620.8718531086563,572.2404237958951,524.762769424217,503.33207774334073,518.1852331552225,558.7211114387752,599.7769555502631,615.0761239575767,594.1767037125875,547.4356374530512,500.01111594602696,478.1525801652349
836.2076075966493,787.8601844274567,754.7784454216102,756.8840005993145,784.6624970392493,816.87753207269,820.1156021262663,787.3476503676675,730.7251230873449,675.640326673755,647.7793917886071,654.206355800213,688.4902012545881,722.6907731625943,729.4949528678554,699.4362820779289,642.7608629356462,586.331247189227,559.0474465036549,568.8634092012285,604.0795727721431,639.0650273370034,649.4409077107651,624.1930331696025,571.7642228891996,519.511875513017,492.7942988255842,503.6677210837979,540.1907864403286,576.3589648017798,585.8714796069208,560.4292492412177,507.5401234538016,454.4441235958418,428.34303460817625,438.59583257764825,476.7088028480025,513.6928200186808,525.7679514992843,500.79312227578237,449.43347824496993,397.8897491329559,373.1790922465558,387.06444423601283,427.20797183665456,467.0841707697873,480.8674321140626,457.69039639404855,407.78380222547537,357.4657697327374,332.42732341076373
616.6853766499185,563.8951355333082,527.9585162227611,528.4650004626566,555.450946966371,581.6271635248376,583.344368100722,550.0188725613497,336.03013553561937,429.7451503425374,397.65763751323175,241.7494733437004,438.9407901950781,468.8885293255381,471.8250675664756,437.15272624325644,376.8799430769079,316.233522765246,286.1124878393264,292.16797906998534,326.1661794752217,358.97144218714595,363.7344389918478,334.48057482815807,279.4154651614008,225.01989832308902,198.08230828835713,206.8141822330923,242.18290218818993,277.7527928667206,288.86644871106546,263.31682622523886,212.39659221911973,161.95455468443254,138.03369092327875,151.7322326082168,193.07473701700042,234.35588526864706,249.80835235818563,228.1797497332625,180.2364303631299,133.07119976601666,112.03951062520218,128.61011158580197,171.53088517374192,214.34630820371842,231.45163618087395,211.78752748525278,166.16952270336367,120.65587945347352,101.24755240923605
705.0449680252357,652.2133742813852,345.8152261368009,615.4920616326605,645.1249913102525,675.6935956180828,674.9713668423248,636.8300705688466,569.9673189575404,506.61355795430256,470.1275226150542,469.4521716742082,496.260892763166,528.1253630277672,534.8063181303534,507.96755148745353,454.4782315078488,402.1348375507167,378.2609472149386,391.45925471603925,431.735408660811,471.5955425598372,484.57854446167323,459.8508842490095,406.57260762125827,352.8784815814014,325.0399395928696,335.32924690486936,372.1498561346406,410.84191917517546,424.4640780275073,399.38071721111066,347.7326535289794,295.6794736278872,270.9693051882389,285.9391470143752,327.2608850090322,367.9590748065227,382.7723370383334,359.4889590970221,309.7179870305106,260.26225214749707,237.69622408753776,253.73576698188856,297.3281087609204,340.6486183859274,356.5209128958644,334.31864320363684,285.11079839823947,236.50284542973804,214.72753490396144
902.5418789947357,640.67854007298,823.1849941588326,829.6632028763287,862.6077561194255,896.1702582519773,900.3778504594784,864.01029405222,806.162754486986,743.2902695290751,705.2330633957916,706.2690740126974,733.4262389525496,764.6757434857985,768.9291295619585,736.4736072832713,678.600205741183,621.6434780153076,594.5195822260965,602.126289007503,632.1205428966788,661.9723879875957,669.2351799166529,643.0440671641925,591.9600111270294,542.689750399786,518.1759284761434,528.5590915400891,563.5050483321826,599.9680735635767,612.3066336465008,589.0909070750872,540.7540349734902,493.2772218573217,470.8662360933648,483.5345987955583,521.4078094848093,559.4757539383985,572.172098867369,549.8734473308657,503.1679950508744,456.4755225516308,434.75742377112067,-19.331251737628463,486.87442027064094,525.724328819808,540.2630166246092,519.8687279365964,474.526676930288,428.8230056156144,408.0476309867985
691.8058741907295,650.0460700429105,622.513239902229,624.9033973644111,650.6609789065461,674.5299370960726,677.2657362281991,650.6613390575413,601.2755862370014,552.2712626372531,526.0770836246992,533.2626136521101,559.0600655217567,584.8982705671536,588.8966152620974,557.3322819906714,504.027795588955,452.2492813949698,423.187880719507,427.49779253408474,454.8753803837004,482.4163506592182,488.1312948716077,463.77608160553586,416.88437731707893,368.46911061753667,341.3442668743977,346.7877444866774,374.574770069108,403.71963517398297,411.7779030929744,388.9835665570822,345.06202788428527,302.6552524908068,282.12796975723757,292.5981425521745,325.08198630928916,357.8961873302495,369.2934148413706,349.66414753946697,307.350194831879,264.8923495236601,244.80997861598246,150.7391675546836,291.0773022193516,326.89997951691373,339.9810322381236,321.839002998243,281.06508299174584,240.13867174716904,222.00882433045524
623.0359161400305,585.4725892841223,562.0966841913049,574.0972133153009,609.8234328388307,646.1735028104262,657.7426873701113,634.6535626317117,587.4993291740359,539.2586291546893,514.8090424420299,524.5425367368598,558.3438024370516,593.3429993394826,605.069337432258,582.2430865843792,377.72452103291835,487.0957820845483,464.5584679488828,478.2472939005222,515.398182794162,553.2838697775791,459.17485214667477,546.0571974415086,500.7728157249953,455.734955474916,434.9397992515443,448.61323106907366,486.96680423301336,525.5289502932125,538.2740025037631,516.3184156031564,469.32854009613527,422.6003181445851,400.57637766602545,413.11615188764995,450.8395972086962,488.5059127772214,502.39337282205383,481.81417880653635,437.2398320300148,392.100767702559,370.92072219878344,384.7490938919361,422.70558315191795,461.25173862214444,474.5942474986239,453.2412295063558,406.9243953155068,360.52393044856046,339.781705531857
1099.2954501565137,1057.228341320966,1027.5896717570336,1029.6271596016018,1052.9763483441484,1076.8942368752741,1079.0325124736216,1051.2031965254557,998.7409438938172,948.8596118459043,920.9827902720272,922.8581485965929,943.8965842982531,969.3195200312698,975.0111149340696,947.3147574358064,898.5247128140467,851.1539349254444,824.804000030892,823.9954008885422,848.4170815788592,875.9175788151285,879.4406723655104,852.744038753843,802.9640783590027,752.1223655613016,724.6400125703731,729.5278580832621,756.5600244554477,782.760148519947,786.8678892465209,761.4171050103115,715.9608155995959,669.4542768707829,646.4861097821156,655.9248857634554,570.2661417056921,717.3159958881349,727.7330195783063,708.3180098420329,666.3976756247166,625.231774327552,605.0511646715715,614.4077991655092,646.3190952744105,678.1983181286516,688.68905288929,669.0689205535862,626.821331726069,584.3028811294772,564.0264967298845
913.4941242261947,863.0122872986483,824.599818021861,816.6682292143314,834.2558286581891,843.0355167740181,829.863059260337,788.8448703561696,631.9925715761347,660.0619225490402,624.8495254891966,625.889194211964,650.9193768105451,677.9795803112834,681.5349851895692,652.0949911518748,598.89810701174,544.3034414922042,517.7199080384485,525.2185850986814,291.33178550543926,593.2122148394956,600.8082198431139,574.0501317601701,416.2656008369112,471.5992673603414,445.21414060298594,456.2538691679938,494.005457324326,531.7292905833474,543.987621334011,520.8371863330029,473.4549057774933,426.05234382967365,403.67519782668023,418.0313819625728,457.6237413893989,496.2827721949361,508.8940178532889,485.33831791203704,275.7055734032765,307.41003404639935,367.087102365163,380.97430366517756,420.4961887490889,460.09168185157796,475.01084234310656,453.88738190952176,407.3492877060961,360.7493076359805,168.5767312406074
670.4510996999792,619.4539927729311,581.5971478509305,575.0517713816732,598.6305321808418,619.9995495978735,620.2642788253286,585.2656786908296,524.1560824391202,462.4812803958712,430.71576710999375,435.31188249180786,465.68835470793897,498.76044922005167,505.72773081117816,476.9914184679036,419.9018206770295,366.31207250801526,340.11634606306325,350.19055199449303,384.50191022437343,417.07382328817835,218.90774436725883,389.19856935078826,331.1012098160245,276.95398145652234,250.23087045468878,259.16593635953063,295.81344865071856,334.4706895044051,347.198046935785,323.2648917298051,272.5745863901958,222.51809908865948,198.49970029953965,212.04685351156832,251.44545679042767,291.70103827911726,305.7362759175494,283.0980162462605,233.81656463076786,185.06365910741135,162.44859941103232,62.06186515070567,218.7534434338114,261.1334135637014,277.02872727866975,255.96310448261738,208.9919859119176,161.50792616508295,140.7353543420993
837.4203507167248,798.7448014203678,774.861730054849,784.0491118578757,817.7530056371995,851.8113892984431,862.544022073127,840.5393572265607,793.3564889295506,747.6088692245055,725.82528545184,736.3934427230311,686.2396398502282,800.1146030190648,807.6765772446647,785.0403854581106,739.7854193747439,693.9988842294201,670.5316734874757,679.8615423776037,711.8306649737278,742.8015176448575,655.9680898232672,728.6671949176199,681.7793270066643,635.0002191781141,611.1513853946938,618.9541752652649,649.7664139957817,681.094861391625,688.9042681236001,662.6144280514353,614.1677436093067,565.9439797668454,540.7715062326326,548.4902293811931,579.7737123205775,611.5477814944738,619.4539840177331,596.0156219630597,549.6739932578258,283.02658843913696,481.7209220424727,493.5753025577677,527.7149746658187,561.9909486981026,572.5459642755807,550.8400936711939,504.80373591557293,459.55359760464296,437.49382200976333
681.58853233442,641.1701932535885,616.076952121834,628.9756016033497,668.330275854207,707.2905361539393,721.2110206784077,699.1603593380129,650.0724719414586,600.8010209498854,575.5058021429613,584.8139048945569,621.9923386488133,659.2050274753282,670.8727155771921,646.86619847816,598.0863993470718,549.5741908578469,525.9190337553568,539.2280437635692,576.5228332367194,614.9867292925798,627.1672287271299,320.62153768120834,553.6604807759406,504.91031056191116,481.9983423819099,496.1621747027399,535.7018043851531,574.3022880689256,586.6239984155598,562.468689563756,512.9639119066886,462.97295372576457,437.185140138248,448.7174774760491,485.84412131457657,525.2655004268485,539.4216284896349,517.1071911385527,469.36624039641845,421.8088202513677,399.10171249021187,412.2276621102261,450.3223109644624,489.11125845305776,502.78218014622485,480.5406009496843,433.90510319111866,387.4069535221154,366.0140998049844
1088.661475506262,1035.9114160849495,996.4031834888019,873.6844189128998,1008.4463938927441,1025.3668959342288,1020.3028235166172,981.786362447368,921.1980588166363,859.1764752825733,822.5156803951982,819.3986201136755,841.3885935086238,866.3305320076327,870.670244267132,843.8157170602209,796.9124793607485,749.5970185094199,722.5821875710276,729.5593506696285,760.508573432255,790.69831232929,799.5652793834323,775.8668507977828,729.4028606424982,679.2981113274251,243.27973733087515,659.339789937504,688.5662728769445,719.757858835882,729.8178518533224,708.2114024616131,665.4114848666,622.8597481449784,602.6342733928018,613.7361999439635,647.5449620035444,681.5146551266405,692.8784079920598,673.6614302671102,631.2168327968175,588.1171813157605,567.3330993722682,578.8348160378472,613.3291868575528,647.8911852979359,658.9388041220765,638.6043103068832,594.9450491639307,551.0375690420583,530.4664204555688
1204.1676146862283,1162.0830832436632,1134.4877791477338,1140.325599281075,1170.0736461416238,1200.0728168349517,1208.1776735847852,1180.726492248218,1129.875875378555,1078.7327955250073,1053.6993259671249,1064.8969152167385,1101.1802293068924,1138.2282936504776,1149.6190141011484,1124.4861333451513,1073.380170210573,1023.3784846219942,997.7406591393432,1006.4820165644362,1041.1242912260839,1076.1993871132404,1085.398918786273,1059.3703355217626,1009.3876037751666,957.1468957251798,932.1903117192202,943.7913732413178,980.3717221277516,1016.9835179176621,1027.2881238503292,1001.9923897411353,949.1333536734284,894.418955429557,865.3251113410973,872.7338889539533,906.5223625249057,939.919605040049,950.192681818096,924.791727866302,875.8694147257116,825.4705672353489,799.6238442370342,811.0605225205793,845.2865466830393,878.2031315386298,887.4240863051836,861.2654273758294,718.0777006612096,759.3240175817161,735.8537509290162
761.3929442433905,704.2720072230754,284.56034464476375,658.3702470845051,684.8878853961335,708.6490063779494,708.0088359717417,669.5299498152857,599.7531352249321,533.9611171515155,494.9926438664771,493.4162505078689,516.5565642134584,544.539451450734,549.0215047927802,512.849713211252,453.2373618463341,393.7563057387031,359.9658889168253,363.7868656784783,396.4456315173686,430.58618645918466,436.4134621590847,405.54379183240417,349.80195303460823,291.74129201539245,263.27358048202393,274.3704918129574,312.71888289556136,351.4883593877354,364.0614409786094,339.17354391516255,286.28608188808175,232.8627213719194,207.48151511468234,220.8261272468169,261.5941666331687,303.3311119503736,144.26785827066283,297.49698378616586,249.7902828031324,202.3842546757304,25.929948809010966,197.28900625878612,240.30444281206803,283.00229088315075,299.94645233515826,278.9427757174975,231.88170526355088,184.72735015028854,164.31488020680342
837.6501306159093,792.9778695288367,763.806976691924,769.3744106588388,800.9645577449369,709.122648752019,835.2791001634495,802.3764627130257,744.7970690026045,689.3223883672592,658.9772171104311,664.3757083438295,694.3226818752441,724.001584513025,725.8115070004704,688.5871646076764,628.9797715819398,571.3646174982323,539.632784031499,545.9932456154463,577.6765332660586,610.7423008468703,617.02361365171,587.5429076401774,531.8686808576276,476.2130026417933,448.68707970939283,457.9130457875949,491.0918646403459,524.6103982309374,534.6610219372254,509.37873394127223,458.65213700235574,409.47558919379526,384.5454190521101,397.1560423376784,435.86931705194024,474.69044091581566,487.1907015642972,462.9329153684432,413.68892006583826,365.54846657326755,342.63963047740583,356.9165109284278,397.21325165598785,438.133975181957,453.1188284299502,433.1146449292961,387.7775383556535,342.5116346450137,322.91896447954935
500.2698772370238,463.68486980438706,442.3214488330209,456.0251967287011,494.90899494285,533.481188339762,547.8661044755536,526.4528822047869,478.80623497378076,430.26325917455574,408.1756122442457,420.5298049814014,458.25328233410175,496.3210534696748,509.1712902053587,485.4670611118421,437.1970528420135,388.72963440461535,366.5552657228636,379.83831846577505,418.71659470491716,455.8290306650713,468.3939430245489,445.3693328334508,396.1341758747509,348.4750955005263,326.9469781249188,340.38027970602457,380.1797592652405,418.9678405413665,433.0951802688585,411.68414464363684,364.8057053112527,317.27597490333346,295.85107481994464,310.6661145276171,351.06866536846326,391.56260201555233,406.6479577576722,386.49478401862723,340.6734837971255,295.35428909979794,275.0356288671669,290.05418608474065,330.4750042551593,370.64144626520806,384.94300741146094,363.35020711890456,317.17275435100805,271.3879531904862,250.674447805098
937.3749579185761,890.7848716069175,858.5355854263611,862.9337417552108,886.5615763543201,906.5746984211195,909.7016904189272,875.6730127301936,816.8404270087692,760.0458124198497,732.5852794091223,741.9165209965347,779.8757392977648,818.4808486177868,830.3720053914305,803.385684276777,748.7266762287534,692.5566799513119,662.244687959863,672.5904551472358,709.2312296412217,746.5366570956493,754.8926566860885,723.6837464515802,666.685431631784,380.764901245627,572.7524922823274,580.9382216775894,615.1467006272412,648.4586364411019,656.4951442034933,625.9390469305795,567.2278595499416,509.08556797578535,480.1509791156453,491.48701207976706,530.0883898863383,568.6960708548032,581.3821524170353,555.4471567985629,502.74624105117834,449.89169857674744,423.34175323492275,436.4736746802798,475.22353247947365,514.952992250557,528.6866229138091,505.2722534095391,455.39965053016215,405.87568017164483,383.16829704172653
659.5674885481866,622.0664420183873,598.7542507671703,609.0092445685407,642.0686716423187,675.1224210002656,686.5574903361219,664.0039953418088,617.881011919341,570.8420706987449,546.5668107764498,554.2445258779776,587.6136467974821,620.1300381847982,629.1980694483436,605.366276068197,557.5089318300282,508.57711159391215,481.60163865381946,490.18523802640175,524.0611932208875,555.5954006628892,560.8469129792413,533.9459909431993,483.34607940385274,276.71930820448426,409.6292795438735,419.94373982463276,454.5160095573659,489.0282023381021,499.5106128903924,477.37862896596823,430.4671182239306,383.7259654276543,360.5725258937839,371.7051289525941,406.02071635940854,441.5078361552412,454.53470269108993,433.8644969313315,390.3779833442352,346.31174878330796,326.27819714634325,339.2123212097124,375.5734482588391,412.26029538005514,425.73262123720906,405.922594509864,362.7601605248815,319.5261517005953,299.4514653036979
604.9056292186705,560.8772084730891,530.5167052704813,533.5905377421676,561.1475008714032,590.3050044263729,596.115203553563,564.5402876427173,511.9197875105598,459.8699450927992,433.7939953329011,442.502500344896,476.75176664718026,511.3024450672025,519.7746467209244,491.9065632082113,436.11110900833785,381.217939476349,352.1488763791018,358.0654147718154,388.20975606701734,418.61715934032134,426.0915718444113,397.0150676941246,342.67446508056776,289.6698525408848,262.62726879259264,272.50789638553545,307.8027086105252,344.3389877953522,355.44546226991577,331.42225333994475,282.71964975417586,233.6660931704879,211.6027221923556,225.38694936701575,263.96200595698053,302.26439948180234,316.38212840912104,294.88409791373783,173.36447217805346,201.75098605829157,180.34936738143904,194.10558393480335,233.11661653758233,272.46871505853585,287.0199882728981,265.7887912803252,219.8773374526927,174.3410864538339,153.77615700596255
818.6317481178403,778.9338872152576,752.2437887451543,761.0133276322919,793.2952379083073,826.03699905327,672.1329603482687,635.4710480869744,763.7395246345442,717.3480230463271,694.8818171563972,706.1429881977166,741.8730630486315,776.5179428036823,787.0083100305743,761.8351166955242,713.480258999837,664.9325338648385,641.0911078347855,651.2439063144476,685.1074518596366,718.9023616338169,730.7852786772838,708.4476815197092,661.0486673319527,613.5018353311735,589.4522969678334,599.9046578338699,635.7326763379066,671.9424914407851,683.795139996908,660.8081304517823,614.975901038343,569.7327674473255,548.9906264756145,561.8501309723976,598.89920882955,636.4670899546951,649.9160859673074,629.2496260396517,583.2261664182126,537.4859807040402,514.761523397906,526.8076528372839,562.1118200722885,599.1694085174687,611.9515480959889,591.2672013836842,546.5299317793856,500.79242721909577,479.40189174728823
954.110709413854,913.6935061467002,885.7729731664301,889.55118903263,916.7797056996759,944.4454998409738,947.5424537977015,917.1541260588456,866.2145797594686,815.547765783424,788.7782847471731,796.1769020579845,828.1385303148965,861.8508469354613,870.0504445909162,844.5804003111933,797.2563582581291,748.9711362801847,725.1059542687092,733.6409617359604,765.630904201818,800.2827638165463,810.2729023893971,784.6573058843834,733.1166748962568,677.8752690309882,649.1100585214053,656.0295355360718,687.9925541830204,720.7299764190561,730.8242352638113,706.4022075756139,656.4514751676713,607.8764444317353,582.8112357588345,591.7977843764947,624.4453157830022,655.6955157207519,664.400815327413,639.1101669319368,589.1916261900601,539.709640460252,517.3581302321722,530.6294244046144,567.6193199795289,603.821883160668,616.759519891684,595.6290849092065,551.20794858109,507.15071715809233,486.84792256076116
728.3451566064533,679.6952657304022,645.4992515971384,644.9336467833983,673.2992459035405,700.7588525680566,702.3107617422103,668.784599448409,608.4306306690258,551.3447721632145,520.4572462748055,525.3040897812726,556.5810919720967,590.5584849699409,598.6148138697346,404.88901351498475,518.0038651023207,462.84477678627593,432.246079663205,438.12127477255865,470.2582510518249,503.5329089053465,510.34001391912363,483.237668031511,429.64379969559457,377.32172279589315,350.10785977827175,359.90944077752863,394.6575826389409,430.11377803245284,438.7731627493721,410.28195483641207,358.34238626720185,306.58449030467216,281.0465517256347,292.8846733494928,331.3647802906695,370.549418533957,383.7135203374795,360.5748367322258,310.7682975634441,262.540251738684,239.72355949266432,254.24372022805062,295.1228624555745,335.9446710144822,351.8134759988019,330.93718347919264,284.8234123655877,238.81170863396687,218.598117636874
730.2879115740063,688.9771478158334,396.2359132056597,676.8692293538659,717.7922020460967,758.0941962667658,770.5861417663396,743.3908381492075,689.3351157500613,635.3633124215148,609.75779467483,624.7833242007755,666.8464944365123,710.129398378447,724.2018561477103,699.0198201769392,646.1656861945673,593.5207483701772,569.6879448685917,584.0370044947447,625.6570202892801,667.7721894379218,683.3479756864333,659.6989987760585,607.789834462654,555.924672619308,531.4285373853512,546.4402143190689,589.164901400391,630.6004544806416,645.0613000158232,620.5091482048103,568.7337442401066,516.8768735038682,492.9790769460161,508.5689098889459,551.3018327849659,592.2173794655035,605.7291994398772,580.688885064847,527.4756542728777,474.04221061892576,448.0928553253251,463.1848466050194,506.1403704736533,549.0578322459415,564.5104132768461,540.9469023117466,489.78906376689304,437.23007473386065,412.93327589348576
1280.2012823639793,1239.0616248012516,1212.5920444563376,1217.9114649793287,1068.8895943660798,1272.3516912465943,1276.0313117137966,1244.75027571809,1195.0960304092425,1146.5695169825517,1122.2973231467035,1129.0741226898062,1159.4514783828713,1190.3371025040651,1195.9893235522823,1170.6266967085025,1122.7723768068324,1075.0908608393497,1050.2292929522646,1058.98760658852,1090.352911357201,1120.8542513286798,1127.0742391610636,1103.0383398932713,1056.6748531723788,1009.7956500394195,986.5531377291665,993.806710023024,1021.128965108785,1050.2374623475816,1056.9767116387,1033.1680323454125,988.9988884986211,944.8579924008842,921.3333337264418,928.6956998436764,957.9685237133522,987.3836402715089,995.8120992834936,973.2738141639566,926.9508702180489,880.2347283217861,854.3289225559794,861.5709057274672,891.1544476227485,921.5126729103548,929.8745348719387,906.465846684867,861.346413446648,816.938851711791,794.8846809052201
951.2480183414483,908.071405876274,879.1750075612568,889.5219173862204,925.7178761803518,958.8332421593379,965.4436441745046,755.0184079055605,882.182439126088,827.4936018279257,800.2213862296429,810.1383793138109,844.9375996066838,879.0922924539759,885.9039225505577,858.5355617184681,805.5001685095153,751.4296781805585,723.4892788263907,729.7419781841209,762.1343802121551,796.6822333793752,804.4277841593172,775.3008419500546,721.0290296790045,665.1706630486581,636.148064168805,643.2129937332654,675.9436146203182,706.4174041638462,713.4349141233548,688.1856540568127,638.3944687903389,588.6125720069031,561.9319650908834,571.3056725655849,608.7150547288941,648.0193505888235,662.3017468670038,639.5957487492166,591.8774613913648,543.8758015703401,521.4648968680505,535.4997648013402,575.3656131234592,615.7546541292095,630.2443165009801,608.7191341249043,407.38680136554217,512.9017973330521,490.1237377702872
820.0949028509046,779.3451695995549,752.6894477414913,758.5509549774234,782.8859926951275,810.4272446343508,812.8394781108417,781.3133113865186,727.7588705817243,672.4043726352598,641.1358378651515,642.3044445296831,670.4252521511396,699.2807581111796,707.5595745169809,684.056446248778,637.1235585926079,591.7200877648376,569.0242322570144,578.8116757922236,385.05230871003755,641.6174765644638,649.6460687450325,624.0086087548805,576.129936925962,526.8355046027281,499.6150824786183,507.5299495548155,538.3503874587223,569.1497772986096,577.7128605147562,553.7772804088625,507.5003608212952,460.5134852206853,437.2476358808261,446.63901499875044,479.81268190887386,514.2057075873867,525.8765770362062,505.82348192879726,462.5743618467603,419.13176303565433,400.0296381257575,413.76775841093706,450.200209389346,486.43539716158364,499.57905004298993,480.46649639985924,437.39485027195326,395.1809028514849,375.9266856234034
913.0978935957886,874.2221773313378,849.5123357962514,854.2555094798428,876.852212795753,904.784481735242,906.747380316669,876.4260498127912,827.6762263776699,779.4291426569904,754.3340567682574,757.5959197004594,785.1940813613948,811.7409041882684,815.5986989478542,789.8835405712551,743.8857931281538,699.0019950232198,678.1598655645168,689.5838593036266,723.2202411781722,756.2676783329439,766.986332766943,745.5910515162728,701.8724506417058,419.65801840595327,633.0920630598116,639.2470645090124,667.7371777395034,696.528088683004,701.0023767918578,672.5077315783193,621.3082981470584,570.0220456616386,544.3765098946667,551.1083451965056,578.7583268533718,607.543755638264,615.3710692282177,592.3530884371902,547.0583313999857,502.8685056818001,480.4461376844472,490.70651934240595,523.7801034634458,556.8155306186488,567.4999233669507,547.0967835678987,504.86083792478394,463.42750039494126,443.8135950594685
838.619195974474,793.0829447023226,763.846078226954,768.927264138647,794.1486916465398,821.724988846848,827.1173388509776,795.3753555701987,738.5592844247277,679.9050822752373,646.8940377910553,650.7080429623574,678.6943198394787,709.859060180406,716.5970081261642,687.2066055170548,635.4792507834728,583.944149277895,556.4181774013812,413.935393786687,599.4635312582324,632.7191316755677,517.1377560435935,464.9408622439431,566.945574163804,516.466398267126,492.58775261077994,504.75206446893174,542.14056460531,578.5734400699864,589.8625728533746,564.8318944040687,512.948599064782,462.33744209388226,435.62747181717555,447.04175721824015,483.06911523476936,519.4740250176221,531.3827011717103,508.11973033154266,460.48332711381795,413.91386044424416,393.44305040768654,408.51274161375125,448.77067419267746,488.5238823514651,502.7637609785636,481.2836156258743,434.87428269334373,387.629560551567,365.5706413683224
1175.6758843159505,1130.7550627409269,1102.278271184174,1112.131787383888,1150.801779371675,1189.4008405704146,1201.1968359139505,1171.7702943071333,1112.0465815272423,1049.9532524011793,1013.6634207966711,1018.8943068872372,1049.7378701772664,1080.6129282789043,1078.347737188486,1036.7432077104922,969.9363304185914,905.3212407638991,869.6178137429245,874.7001310010812,907.8475831070756,938.6599411904092,941.3548916081771,908.073749171211,847.2054531750654,786.5349807986727,755.890245637079,764.7299484883631,802.8126243580579,844.0364823974728,858.2067146235848,831.7710737831477,776.3315997678073,721.6009658456783,576.699569410546,709.2072027939287,750.6542327322737,793.0106986859823,808.4676281936637,784.9829506859286,734.0327439097432,683.417499762775,660.9746011099987,551.5530357479804,721.3266369147464,764.5511573074696,780.2199860516154,756.9187755649289,705.705315668487,654.2117768388899,630.5317189594027
800.4433428724474,601.8964530808894,723.3289167413345,725.989623710638,749.6994205110511,774.2220830515153,777.0498945563578,749.8378148063869,701.91134172791,654.5576680784872,628.4343387088295,631.9297336272285,655.2061253009961,678.9338823379496,677.7918599251717,649.1625960502596,598.630431844728,545.8738882593456,517.2682124874648,521.7173374214559,551.3235137801898,581.1068953093795,587.6480556306302,560.072495351816,510.2627874156476,461.4086431333677,437.4820231216645,444.5698802879143,475.25747716117553,506.91022967400795,516.5654133432598,492.0693734598609,444.3232770931746,396.45555483934197,372.3070539582509,381.77959206344406,414.50523009343533,447.7536845388697,458.41291896261885,435.762134275392,391.54751266911796,348.38583264257636,328.05992196976695,339.29668834007316,372.56946463314955,405.0610863376562,415.29548788959175,393.36232793724,350.6525178105254,307.6808842377782,288.1010462677739
1153.921103521363,1104.8101797932636,1065.0313721157627,1051.0570796018642,1060.9355029690005,1068.18946660775,1052.8664097157243,1007.8450738403616,949.3959642913866,888.9154934223685,853.2136572428085,851.2420692627301,872.2739863395317,891.0030920101411,887.787520750546,854.8139883431543,798.9173230142791,749.0843603308837,719.5160800748583,723.173107000354,750.6830350974934,776.3768395746905,782.7465130239382,756.1316534374932,706.9338482762392,658.1528174321598,632.7324158756967,639.4030628206516,671.1334003913922,701.7866820338689,707.7461230168797,684.2639074506276,639.8332408236274,596.4598232413795,575.5931969302549,464.00510289368583,620.7352798045332,655.0417378270719,666.5418339302357,646.7590577533342,603.8313129698788,560.1979596051045,539.8608490612185,551.997796675861,587.0664565627906,622.4725535283609,634.3570412980969,614.4839708200979,573.0984647475764,532.3199299098263,513.8439926118051
566.6308571648597,515.3878626450687,482.6512328796175,489.4069362271405,525.8731876867346,561.1125178937414,566.6081550613947,530.2963094968843,460.17674500234534,196.80481119367528,356.4149852590849,358.15531208472885,394.3716721244439,178.75968550492075,446.39624364365955,418.3975950445649,361.49834703500983,305.6060376948599,278.4260362141006,293.57669243282226,339.31379967010935,383.38438127912696,398.4214087930077,373.0884781689672,315.86614768316986,260.92583195335305,235.75707593870902,252.31589621336025,298.5914972467888,343.54859899543635,358.274056043354,330.9615126144288,274.6825608083591,218.58369223128557,191.75012600384343,205.9398471688587,250.61171507601784,295.1643710254141,310.3299486154374,283.5584264754889,227.88415476817318,172.12677518187002,146.9027521848834,164.82533031929506,210.59538647762474,257.0961924744872,274.3336736873248,248.45490861574012,191.81103652602837,134.30103644761084,107.20051765910239
674.0950769347718,628.0817354614446,596.3715172461254,602.2194387602408,633.284162982089,662.7969979834888,667.350961420744,635.8644936710614,582.1291667781587,528.691338700303,499.50508325520036,503.9870861137383,531.4537977266101,561.6694718310875,569.0426779090307,541.6619808811816,488.3526506028421,437.0932993213569,411.6913934982349,421.22027151135194,453.51219982930627,487.62932902780904,285.7181756830511,475.1636707400543,427.2657373691558,378.7893974505307,355.9910803607704,366.28576384944745,401.48695595544825,436.0761364424243,447.1275918901789,421.93711315685925,374.01674591987717,134.82198547684743,303.1206244879729,313.91751212145437,349.4244391793833,385.5278656761054,397.2483184089625,374.9525917722784,328.1318951977769,282.8239445661924,261.65876918607137,275.24754500449194,312.80429254645196,350.4268408444618,364.28507332263405,344.1551586722301,299.71731233357355,256.11018346820254,237.080389683078
852.6814466020082,811.7468815891294,784.9497447265184,787.3982286967458,814.1964892239569,838.3113356449261,838.3289477016095,811.0855350044231,762.3751139536682,713.8670621190175,687.8748935395325,691.6334341445003,718.2085754361822,744.5717052324809,749.4026556509842,722.7690642170276,670.0777508323852,532.966155953036,594.7501777496813,599.508030187808,626.6964226481823,655.1119960542429,661.0993042774643,634.5202093459866,586.5827049746954,537.5196843499128,333.3968541784459,516.8736358836405,547.020355437852,576.4104106223627,585.6211618909898,564.5143523902971,522.4355271538012,480.4200286516076,458.78594431176646,469.00088738081115,501.9339080008963,535.5309678072462,547.38719587243,528.4178139325177,487.66090511756386,446.2371347972344,427.119196492289,439.72257481986526,474.53382997880044,508.817837829111,520.658588669112,501.11765761660274,459.7604451221297,418.3246713016108,399.6598578900756
920.5100837579002,878.3848368762382,712.6196397069104,858.230546905227,889.0095741037738,919.268546315439,924.440948024547,897.271008155311,846.378016228207,795.9222044070069,767.7214677788481,771.3770016254838,798.8803090135183,827.9151283218683,833.5948611021267,803.3364147725765,746.3570267256447,688.2268286654675,653.1051019986835,655.4029005837045,683.1388633317414,711.2426783360819,625.422368476833,689.573415234001,637.6442179573054,589.0837695593926,564.3136878921462,573.7845169399571,608.1319101386092,642.8922025343383,654.6692091186187,631.3889381294896,583.2065658143811,534.9632256075455,410.3127434487983,520.5028443439545,555.0596105186759,590.3923655723455,603.347180855232,581.6633352688482,536.6243022794908,490.8613488848082,468.45530516109443,479.78762147491364,515.9365437197632,553.104794135778,565.6851881624173,544.2674382664239,498.67463894331036,453.27352572161,432.34453247017063
904.0480084532803,864.2029823374623,837.29372942893,843.5614350148239,872.6737678199003,902.8466960326881,909.6069176627067,882.8131176596097,831.6754502062907,780.3594345761167,751.4957555836477,759.8671218324162,792.2743848668316,824.8539111793647,834.8473622267021,809.6350458448421,758.3319148000704,706.769556819354,678.9771342225895,684.2363398654493,713.3304483209364,740.8021705269624,744.8607090499601,485.24571396584236,664.1321702835404,612.3887258580505,584.7562370323335,591.6219188338553,621.7428176470065,650.7816271007497,655.0516198481245,625.004647106485,571.9977609706975,523.8442091261536,500.1064227249783,509.20287978295005,542.944754650861,578.0845593025794,589.6982825873498,568.1914966134682,521.9756612140775,475.830380169312,454.4133598564954,467.47801608464147,503.92828537196317,540.7318997647907,301.80375067040904,533.5425368991304,489.2625684153961,444.90629781930113,424.51762452886237
647.0056915005417,600.5415231567454,568.2931003216377,576.8083550636004,613.8809680827062,653.4865544023944,665.8781504716729,638.6189363093085,581.6504850986184,525.0816028299844,496.94751916004543,508.97237030980205,550.4328499599735,591.8525681243912,604.4056933120186,575.9764302807084,519.9607177352277,464.5187184860208,437.78201111598173,450.6685487174102,492.4841068469452,535.3737736484111,549.9045787559081,524.8844312515816,471.0815145001968,415.99128059650207,388.41603749260344,401.30269944284373,444.24862678512704,487.49757330675493,502.9455066353097,477.18366858459035,423.1945437927278,367.38886374300387,337.98210819772635,348.3974152578071,389.78288886312725,431.1926308708187,442.4745643028697,415.92113251883757,360.7011078641216,305.56633753989513,278.418978492346,291.20697796665013,334.87351498643375,379.1390348035634,394.2482740179138,369.35188591513975,315.45170922337377,260.5683348761959,234.05983555470834
1058.500598590616,1002.2885969990136,958.7564468500516,942.1033089041666,947.8824499368966,958.038535292649,950.7084708954765,913.8216912840652,848.7444948306538,783.2677701050864,747.8693420851243,751.4473800848084,780.7856856761691,810.0067093925774,812.2905156771028,776.695242696559,718.3442283755905,659.7742633021285,621.2254795761462,616.458647299929,637.9797467280396,661.5000882095418,666.0655153306657,634.7237525440823,578.1935371292807,520.9098988613596,489.50219570858803,494.5956214381647,525.4826010360782,559.3384574358882,568.0390575654003,541.9716115528472,492.21116367489856,444.02531254482415,420.83216953799024,434.32678590166756,473.83494699161406,513.4550067075203,527.5419221457059,506.5551663060835,459.9580947239291,413.74971903625317,393.2806816461966,409.26182492108774,451.5550103408706,493.6680511484973,510.27692868568784,490.97160477564023,317.73973344186686,401.2455623090681,382.03478185579206
874.4169131288338,827.7734142466354,793.0550099840733,791.8444021089219,807.2714917568472,825.9919978151802,822.1797733948581,779.5476729551824,708.6604450422868,640.0201096364376,600.5191476330639,599.6448304343828,626.6630082466626,657.4656696954278,664.3002875907925,634.0716466406027,579.5648911178756,526.4355162098598,496.80343881220927,503.1878699122333,535.6315975437188,417.36536348021787,575.1690602771384,545.8119788067736,491.6822100219846,438.78456937134274,411.3733118202209,417.08070209704056,450.21525941515404,482.6888896527171,487.8711381272433,456.0423748735234,400.7314947985135,347.55931445607234,323.43430094272765,335.59021186495033,375.03273133923324,415.9886308670791,430.3134170991791,407.45240003021036,359.26062735863843,311.54115307957306,290.958636968286,307.3922418003424,349.30241732003765,391.42724054417135,407.53332863856895,386.6959979099679,340.1016632731771,293.5743762249441,273.46573612340023
858.6597550792345,684.9743040851916,775.4047690801784,773.8494741993239,796.1966134252992,819.8539933404779,820.7030159606793,790.1277988454447,734.1530954089579,679.6747422769221,648.891156586444,654.3534859884634,685.7796269570107,716.1753878640181,722.4309372445191,692.8307044006407,639.9369430456271,588.4048782123208,561.5032990209855,570.4779604478739,603.5924235024148,636.3801296986996,643.3922199669846,618.0244078015825,569.0466961600467,519.64826919015,493.51945643554166,504.4167074759258,540.4698394862086,576.418147952734,587.8376901637478,564.5864834955668,516.8893713508023,469.007519497971,445.2190594864559,456.43943408519306,493.1580713931256,528.522421865054,540.3551273507933,517.8363154144703,469.5554581791705,421.59084279439594,398.52529035348823,411.56189079569083,450.04569978454765,488.6317528822217,503.02262740070296,482.4918746330575,437.23261236848725,391.94546650961433,372.19912263231834
1111.6512232167424,1067.4602088595996,1038.6488811897038,1046.0085097659464,1081.9173127850513,1118.6138273484457,1126.046574510045,1090.6344145551307,1022.4518443213492,956.6735586415084,924.6201587894509,932.8754989532756,968.3718236193922,1003.4061781768646,1010.2646054338456,977.6581519112907,916.784681364918,854.9904127276322,820.2789069943124,825.3026609405129,859.7321892441662,893.5043027422257,903.1650207100979,875.3180352401411,818.156243285697,761.8131903391663,731.6922479883901,740.5138033981132,776.6738726500378,813.4440630227687,822.7296518964113,793.8710153518463,738.1182200420761,683.1823850889093,657.1643034775334,667.5271815773954,706.774481455426,746.0670730400964,756.9179908752842,730.1721710849068,676.7303639399746,623.5065434545403,599.3560985647359,613.9381032017336,655.0776284303137,696.3907338187669,710.5317708203195,686.2080719014457,634.2197457645806,582.3301447432531,557.0344820769078
698.8710219555254,655.9621854442064,625.2966743895231,626.6238934491325,656.4287758648529,687.1042819187921,691.679343912187,663.9852241383567,613.6817242111065,563.1627705174869,538.0076416257143,546.6191454155316,578.4505933171388,612.414955945048,622.6307478851963,599.3542607540986,552.5057255961053,505.90536392485365,483.0863943088284,492.4470421033111,366.83978752160954,555.0258342150769,561.101171576614,535.973733093536,486.43378838503827,437.53275724455216,413.3209176741532,423.4236289205621,139.13925827442608,492.3627014222177,503.2342240273804,480.2186628871965,434.1978047431304,388.20751075406633,367.2229456398991,379.8110449808928,416.3803726661281,345.0202183604848,465.3129285042439,443.78044631344653,399.35793752170946,354.28470770716297,334.4257571589301,348.76648269084785,386.7686928704753,424.34690618488025,437.4057117051416,415.96513080295085,370.33550054412365,323.35834339238716,301.74379408735194
660.6174287954362,617.2090181100992,588.1551014350055,593.4971192416768,627.0268611843086,662.6721728659253,673.9172281982449,648.1634663015044,593.8889015721071,538.8087637657223,510.90998899583906,521.6061376837,559.1753506432873,596.941925636104,607.5088451989302,580.1686318003647,527.0534132261779,472.41817627482476,441.9198257479559,450.9786898699098,486.23895715863716,522.173161673761,532.5633353458957,506.16534185114074,451.91085732527847,397.5149030031233,370.4652520410523,236.40330359771974,418.6167861975506,455.74541189451554,466.89808946617495,441.1572805668102,388.8486117469449,337.31635473406516,313.6833490808465,150.6781063944652,368.66914240366634,409.81289296724856,424.5971908213169,401.8202971734488,350.9912616262325,300.6586109034863,277.7989595852953,291.77009241079475,333.58623343095996,375.9793939346936,392.39469274670273,371.43495366325794,323.9964691950572,276.12420681331923,253.8397693464592
1090.1873109775536,1043.1312550508442,1009.5167861102185,1013.7043363675017,1046.5558678371872,849.2081383532975,1076.8982843014498,1040.981948014617,972.3485300687242,906.5700228664783,870.3693735009089,870.3010769310328,896.6157417822639,923.0772300500249,760.9382534869751,884.5380614189909,819.5882658564739,748.7072760109774,710.5731442975106,714.5308610037704,747.8216678000009,781.8267295578579,792.0618422500602,764.2512809113695,709.5110109732392,654.647123082627,625.5937331072474,635.7152451411536,672.854705840204,710.1590591078176,720.9380386492569,694.5575410880116,639.893411586777,586.9847202374975,369.5619156951195,573.1442761947063,612.0193038137294,651.1888656832972,664.7862619195062,641.2003852879633,590.2491109793342,539.1954981073801,515.4453363436043,529.2404139419679,570.5362124059686,610.7487144150149,624.0493705937959,598.9443436937144,548.2710508880076,497.5271908113742,474.23613726002134
749.5475092811953,700.8677181594768,668.2867696945568,670.40264547823,700.1328666224847,730.1847374644681,731.1228602536669,698.0884514012105,639.2174395888057,580.0554262024338,547.0277896015307,547.3391504496993,574.9133506032674,603.1972916580335,608.4445825606012,578.938475254399,523.2844357798031,467.62367180323565,436.1674820182534,439.7453909975487,469.5030694834011,500.6311974633518,506.1789228987004,475.94906540904935,417.87774134964275,361.28780345659777,333.9138955332428,342.96451766760663,377.60605519312867,292.94817482851704,420.545441447465,391.5842034306909,338.10218002307045,287.5285757434741,263.2448634585842,275.1167503756145,312.76882657795204,351.13668359080225,363.7171443775378,339.5744991303991,289.9516370888199,241.51879794882052,69.95243163987084,235.27679469443444,276.5450427390891,318.282617075831,333.9903764756707,313.09690980977484,266.83955364873,220.34159873379576,200.19521008942047
957.6044117512497,915.2300324752971,885.4050617550489,886.5758103158546,914.7640234235827,945.9505043285346,953.447676878866,927.4454231488844,875.0348055324645,824.4707794238468,798.5597005789194,804.9913920744216,835.4075973795376,707.0605735219424,866.0465934380342,833.1674051436324,775.504163849616,722.0320917187653,692.1716626407907,696.5131962889532,726.1180735540219,754.2834045562138,759.4738447705364,732.9060179015031,681.7127912465745,630.2831790137741,602.6141059570531,608.5873175501235,542.4281522989517,670.3661095293251,678.7514004228614,653.13759574317,605.22977556003,407.88161955323176,532.7196466520742,543.6944913601176,578.128366064724,612.8089182191186,622.2760321782797,598.8975763510776,553.0977439469987,508.1942571600049,485.8844085025313,494.9240588681396,528.9219347772596,562.1678659191236,573.3678282879702,549.3291554582056,501.81317869799454,453.09271168551606,428.8194693604918
986.2513708437351,945.9927063473077,920.3464954824951,928.5210265815759,958.9333574543039,988.9270739074659,996.8407026704729,970.2433630904727,921.1075416910417,871.1632328719708,842.9293406185282,846.6095732664297,874.9747075493367,903.9857328900391,909.8254105655519,882.3566255039383,834.5401075391405,783.9594946582409,647.0504252727847,760.8019963857836,787.6386848051786,815.0364106209229,820.7632967278821,795.5194016034585,750.2848386849844,704.1462374642787,681.3272029596981,691.0885425302807,634.4585200781794,753.3261405538212,761.6595722830148,738.8937570198731,693.5195300617439,647.8041330109378,626.2482491551309,636.8103774938173,669.7496691182437,703.2100082304732,712.5347945109054,690.4868520217723,646.0074330902629,602.2023603825699,580.7557260380208,592.1894282000814,626.560345514242,659.119078650371,668.882518195283,647.5469071107041,603.8865330872621,559.9431362063863,537.8842119225756
958.6366297711143,907.6134143025987,666.044014448282,867.7033277875936,893.1459852014433,913.5496807570146,905.7720011222705,864.8928147150536,798.8520746573982,734.4034655746005,697.9581724095906,700.6458959410062,731.9470997499408,762.8331172219096,769.5079455896034,737.4177580398976,675.7845254162622,619.2701354176367,587.7822422971899,595.0991348970139,630.5710638128595,666.5393335627812,677.7845802609834,650.5999747715294,597.790875301081,546.2038416662296,519.9216864914501,529.9355276088619,564.2583003738483,597.2414918661318,605.5646373235229,579.2277484292691,527.2026700300844,475.58962706371346,450.1764129481828,462.0251894110444,499.58578719110835,537.1031507187834,550.9311596291343,527.8834292534365,479.3764220737239,431.09205865892557,409.4254557437189,425.0691322456295,467.52501524625586,509.3385343544155,524.5712047706243,502.97757790243236,454.47833214325965,406.3441445595464,383.9998260473453
708.4020375443741,649.7087801601415,609.4628741922011,603.7966720257118,626.3949189112524,649.0039979385309,641.2657934303691,602.9958232132116,544.0809240877758,483.7173743717906,445.4215054792587,442.3965364241203,464.1947504772328,489.21524914817167,488.29937889196026,453.91034105580025,397.4933542234693,342.8319069486886,315.04546569026843,323.40776838188094,356.55017241348,387.9988747670312,254.4738447863375,371.02839518673727,321.9299213436515,272.9783964465,248.85077018553784,261.1595695496319,298.3443323431087,335.7296795487081,147.15004136960397,324.80558896746425,277.28811099904806,230.6905070242865,209.85302441701765,224.68541563595818,264.7552266857343,304.8846647611698,320.24286297682966,299.7774639278307,254.11191824899174,209.05462960205057,189.33863258768065,73.56421615997874,246.9752374253951,288.87562082997727,305.5373236039211,87.4769245602456,241.0255274993774,195.76138750748908,176.01176902671568
947.2624570403113,909.3376249359168,882.982148901062,889.3031566201076,919.5113592599141,948.5188203119535,956.5320058526547,933.1482282943314,887.6249386360766,840.8920839536485,816.7890395633921,821.9730197580215,846.8516406875119,872.8381704762903,874.2476169108709,847.9242199635287,799.064708295416,750.524757134854,724.7925744757844,729.72013161497,758.1645489816863,785.294916840774,790.5474646842638,762.9472332335961,714.7384662787024,667.0972237462091,641.6056752198591,645.7263125199969,671.3631748276282,696.0549980907651,701.6771800630781,678.2174855679041,634.5299205341549,591.2550649890858,569.7032135301544,578.8976007261591,610.9930277182671,643.382237710849,654.579926713242,557.3664853742386,479.36622650668164,553.1518185511813,533.3966081597295,544.4332926290331,577.1258955079556,609.7096754808392,620.0003669521159,598.5597533180025,394.9265576824571,514.5502209274025,494.4324700192436
1059.4998851748746,1010.083208276218,971.0623655141591,966.7984219208671,989.0674095381953,1014.3064801415468,926.5302540113239,976.7796170488135,913.0758961893278,850.043313933177,809.1069915372956,803.726151798354,824.5199577148792,852.2985826794496,854.8951138784277,824.9465171456577,767.724596890826,713.533283285319,683.3968807519055,687.544762326501,718.7000795104179,750.1330272648933,755.3579935121178,723.7594641056655,670.2579347716307,619.5080260051078,594.0671585811682,602.6983176950379,510.4729169399002,667.1053269391704,677.5552647799217,653.9895273815519,606.0642877828526,556.6318197843808,404.0860024549936,539.0209294038353,569.4978568916042,602.0440511680964,611.4269206723073,492.39041274115175,542.1683121464611,497.27716833386467,476.9378058443418,491.3457407540592,529.510098354532,567.4788766849302,581.8361427718368,562.1619443437038,518.4192928228032,474.1315465088501,454.24012830039
660.0180456867704,621.5813286452486,599.1195748758755,610.4418961471878,645.3578999632255,680.9846061256181,691.1535357783389,668.3629242413903,619.4829433932175,570.9955666382363,548.3160986345545,559.9605116671308,595.6295231203283,631.4976234551649,642.9169547813758,618.1386243303245,569.6227619710035,521.8031130704545,498.21819179129466,510.39743613588814,547.8160939310349,584.4137763401808,597.6351449082772,574.9992436721088,528.02640583573,481.88968994929166,460.2765428849191,473.3095277710635,510.4481317980767,547.7930470885368,560.649715490687,539.3094281298333,493.4490313600544,447.17895950727655,426.19897792873485,439.89725952995025,477.02294858393543,512.4573971359927,522.8143551172343,500.04565361141454,452.3308131844095,405.8855045334501,383.8126278028883,396.7350738321221,433.45859281825403,469.3301059779741,479.728225407712,456.67067256802864,410.1747312006322,364.7235539774879,342.79985702884574
1040.4653051848306,997.8248672223656,970.8663282225396,974.4694675300746,1001.5296455408467,932.5815102066899,1036.7669440982386,1007.5905145604834,955.9935266902725,903.6653130116013,872.3689753243052,875.8797358370321,903.5294437019198,928.957156011913,933.0830968640104,747.0176099640063,852.7867642046787,802.2536982845265,771.5915015181415,773.6401774006945,801.0818128764853,829.0072802033899,832.5209814306912,802.182052134994,749.6506599209512,699.3978632064009,673.1632751592147,678.2138407835164,707.3007504937663,735.9076563976867,744.1205707630382,720.1066518263141,672.296625172494,624.3804120841637,601.3013517378672,609.7143380951543,642.6514572950122,674.3199537383377,684.5096794525015,662.785445167994,617.6388011300126,572.29673735991,550.5987263171178,561.9188613074373,596.5837137046617,632.2263044300257,644.48753562726,624.2889391458875,580.8237882744734,537.0461653568394,517.6974500473377
740.0398455303005,691.8951852140061,658.4837599455268,659.0225711130246,684.684408679097,713.0210986104697,710.8780472669899,673.794245514158,610.1161071326294,547.0454001177817,511.6399861038051,511.1681326567772,534.7897899772549,561.6690962357185,566.2832074320296,537.9293675544307,486.02341751021504,433.56674081642257,120.93169766108394,416.78645452657554,449.8945239134639,485.46266618294896,494.7380298081349,469.36851427454894,418.61038757373717,367.61129629542313,343.2907423900024,354.7803615123115,90.05464333784312,430.62259433484303,442.963009006255,421.00515037377954,372.108961557887,323.30079939488894,299.79626330492647,312.56901826412184,350.9576695592059,389.62624430434255,403.65528533652366,382.8336104582711,337.00751809864903,290.97864795660325,270.33435717272187,285.2525424791387,324.7119276285317,365.0121478965581,380.4490689635833,360.0292971609182,314.33666330564995,268.42081749512204,248.36273430575102
896.5859380382525,850.2586435470364,816.9246317245094,821.1624218105576,682.0929676032586,880.555112618621,885.0440610220339,852.0079627748228,795.3363768231986,740.9762667338757,713.0923426255364,580.4596359800837,746.6718536931653,776.2890753683464,640.4230235272951,750.8866970004416,696.9414333944856,643.757975255958,617.1894864642778,627.636764724889,663.9364053445779,700.6012161171068,711.1372393085162,685.3226940356063,634.7458226984493,584.9594627418564,560.1215238991036,570.4402503857125,607.0051030622942,642.704877921366,652.0259921569814,625.3292875351123,574.9840761340048,523.4904195406623,496.7408987486216,503.726740388149,537.0606116853214,571.1547903277301,580.7967861802829,556.6244004500178,506.83734921602934,457.74966350699367,342.92083268195915,446.87960634148317,304.7801783333275,523.0718007484602,535.9710533078444,512.9290139323139,462.72640655585144,414.876848040588,394.2747050889283
931.005126188613,894.2619698281529,868.9203777618901,872.6594022344042,899.361964578291,927.8233157514425,933.5677493581934,909.0429892464,862.6112381361149,816.1942454588399,791.820923576861,800.1371122804973,831.7770064737435,862.3830686447214,871.4002163013922,847.4333427716992,800.0131894614649,751.6622815903492,727.4132184707463,731.6346879075567,757.5714434889437,784.2707108107148,790.9647212279433,764.7730307123004,716.6590313491386,666.7399133341418,641.6423804856412,646.2256265698194,674.2466686088999,702.8322004732628,709.5617971303602,686.7035631893302,642.7464096526711,599.8828244474979,578.3011354381578,587.5261767328772,617.5994344995777,649.3798228584925,658.600920607832,637.2750826929596,594.3955318898251,551.0460341204018,528.8408114043447,537.0460747878719,567.5973133487357,598.6454653649063,607.9820912498362,448.3903319483453,544.0665034950447,501.4898165818538,479.71669922831927
597.7950390845451,535.4675097171383,492.79211650967363,485.4164735501255,504.58137996104506,526.9067624033373,524.3298487863996,488.4063103217909,423.5560761458569,356.79563388665576,318.7553061055971,317.06022755666856,343.00726453459106,369.77847977089687,373.12357458618055,341.89085063747996,287.9237621111829,233.98813318341615,203.701916266235,212.06116845361896,246.69490923827084,280.66603386142447,287.98781125070775,261.53152127172905,212.65406189645,162.9056896279261,139.63801166386156,153.0055316731383,191.53029954637123,230.37132951499802,243.85175277771498,222.6820560312384,176.4530292211333,130.04048651857454,108.82897558224386,124.17045771540336,165.70695177760535,207.18364948384556,223.40472366852384,203.44995107951524,158.5780154379819,114.2144598821767,95.09907576799333,112.12044154153853,154.3548354871299,196.54009981534296,213.28948440857505,194.0961150531025,149.4511615228106,105.10406117928244,86.19420364881842
752.4787908570249,714.572865854429,690.0945949169659,696.8354382409043,723.4661671968463,745.9921223806047,749.7299618912376,720.3733384622764,669.1395902881429,619.7724417445329,590.7329480415617,591.135804817023,617.3153621211184,641.6820586963437,644.383224867301,613.2622022121484,560.4186730130707,509.9253770342193,479.0312770484891,478.560097740527,499.54933424434375,522.0554648287806,520.7176231871334,491.0744791182326,440.9522020981294,393.05901041883817,368.0448147007644,376.2000686365625,407.77548254904127,439.8068906415018,449.6956917008757,429.22301067028206,384.8777221408517,340.217201558806,318.0195857698852,326.32606339480844,358.95650943483247,392.79407800961087,404.4837559623837,385.2552294330849,343.9482243540814,301.965731763653,282.6997703528684,295.68560981387816,330.4976178181329,365.3889641929078,377.70075630137774,359.6371632309441,320.02554822749346,279.96243693901204,262.21534085020403
